year,circuit,overtaking_driver_number,overtaken_driver_number,overtaking_acronym,overtaken_acronym,events,clean_events
2023,Austin,1,4,VER,NOR,1,1
2023,Austin,1,10,VER,GAS,1,0
2023,Austin,1,11,VER,PER,2,0
2023,Austin,1,16,VER,LEC,3,2
2023,Austin,1,22,VER,TSU,1,0
2023,Austin,1,44,VER,HAM,2,0
2023,Austin,1,55,VER,SAI,2,1
2023,Austin,1,63,VER,RUS,2,1
2023,Austin,2,3,SAR,RIC,2,1
2023,Austin,2,14,SAR,ALO,2,1
2023,Austin,2,18,SAR,STR,2,1
2023,Austin,2,20,SAR,MAG,2,1
2023,Austin,2,23,SAR,ALB,3,1
2023,Austin,2,24,SAR,ZHO,3,1
2023,Austin,2,27,SAR,HUL,2,1
2023,Austin,2,31,SAR,OCO,1,1
2023,Austin,2,77,SAR,BOT,3,1
2023,Austin,2,81,SAR,PIA,1,1
2023,Austin,3,2,RIC,SAR,1,0
2023,Austin,3,10,RIC,GAS,1,0
2023,Austin,3,11,RIC,PER,1,0
2023,Austin,3,14,RIC,ALO,2,2
2023,Austin,3,18,RIC,STR,1,1
2023,Austin,3,22,RIC,TSU,1,0
2023,Austin,3,23,RIC,ALB,1,0
2023,Austin,3,24,RIC,ZHO,2,0
2023,Austin,3,27,RIC,HUL,1,0
2023,Austin,3,31,RIC,OCO,1,1
2023,Austin,3,55,RIC,SAI,1,0
2023,Austin,3,63,RIC,RUS,2,0
2023,Austin,3,77,RIC,BOT,2,1
2023,Austin,3,81,RIC,PIA,1,1
2023,Austin,4,11,NOR,PER,1,0
2023,Austin,4,16,NOR,LEC,3,2
2023,Austin,4,44,NOR,HAM,2,0
2023,Austin,4,55,NOR,SAI,2,1
2023,Austin,4,63,NOR,RUS,1,0
2023,Austin,10,1,GAS,VER,1,0
2023,Austin,10,3,GAS,RIC,1,0
2023,Austin,10,11,GAS,PER,1,0
2023,Austin,10,14,GAS,ALO,2,0
2023,Austin,10,18,GAS,STR,2,0
2023,Austin,10,23,GAS,ALB,1,0
2023,Austin,10,27,GAS,HUL,1,0
2023,Austin,10,31,GAS,OCO,1,1
2023,Austin,10,55,GAS,SAI,1,0
2023,Austin,10,63,GAS,RUS,1,0
2023,Austin,10,81,GAS,PIA,2,2
2023,Austin,11,1,PER,VER,2,0
2023,Austin,11,3,PER,RIC,1,1
2023,Austin,11,4,PER,NOR,1,0
2023,Austin,11,10,PER,GAS,2,1
2023,Austin,11,14,PER,ALO,1,0
2023,Austin,11,16,PER,LEC,2,1
2023,Austin,11,18,PER,STR,1,0
2023,Austin,11,31,PER,OCO,1,1
2023,Austin,11,55,PER,SAI,2,1
2023,Austin,11,63,PER,RUS,2,0
2023,Austin,11,81,PER,PIA,2,2
2023,Austin,14,2,ALO,SAR,2,2
2023,Austin,14,3,ALO,RIC,2,1
2023,Austin,14,10,ALO,GAS,2,0
2023,Austin,14,11,ALO,PER,1,0
2023,Austin,14,18,ALO,STR,3,2
2023,Austin,14,20,ALO,MAG,2,1
2023,Austin,14,22,ALO,TSU,3,1
2023,Austin,14,23,ALO,ALB,2,1
2023,Austin,14,24,ALO,ZHO,2,1
2023,Austin,14,27,ALO,HUL,1,1
2023,Austin,14,31,ALO,OCO,1,1
2023,Austin,14,55,ALO,SAI,1,0
2023,Austin,14,63,ALO,RUS,1,0
2023,Austin,14,77,ALO,BOT,2,1
2023,Austin,14,81,ALO,PIA,1,1
2023,Austin,16,1,LEC,VER,2,0
2023,Austin,16,4,LEC,NOR,2,0
2023,Austin,16,11,LEC,PER,1,0
2023,Austin,16,44,LEC,HAM,2,0
2023,Austin,16,55,LEC,SAI,1,0
2023,Austin,18,2,STR,SAR,3,1
2023,Austin,18,3,STR,RIC,2,2
2023,Austin,18,10,STR,GAS,2,0
2023,Austin,18,11,STR,PER,1,0
2023,Austin,18,14,STR,ALO,5,3
2023,Austin,18,20,STR,MAG,3,0
2023,Austin,18,22,STR,TSU,4,1
2023,Austin,18,23,STR,ALB,3,0
2023,Austin,18,24,STR,ZHO,3,0
2023,Austin,18,27,STR,HUL,2,1
2023,Austin,18,31,STR,OCO,3,1
2023,Austin,18,63,STR,RUS,1,0
2023,Austin,18,77,STR,BOT,3,0
2023,Austin,18,81,STR,PIA,2,1
2023,Austin,20,2,MAG,SAR,2,1
2023,Austin,20,3,MAG,RIC,1,0
2023,Austin,20,14,MAG,ALO,2,2
2023,Austin,20,18,MAG,STR,2,1
2023,Austin,20,22,MAG,TSU,2,2
2023,Austin,20,24,MAG,ZHO,5,3
2023,Austin,20,27,MAG,HUL,2,1
2023,Austin,20,31,MAG,OCO,1,1
2023,Austin,20,77,MAG,BOT,2,1
2023,Austin,20,81,MAG,PIA,1,0
2023,Austin,22,1,TSU,VER,1,0
2023,Austin,22,3,TSU,RIC,1,0
2023,Austin,22,14,TSU,ALO,3,1
2023,Austin,22,18,TSU,STR,3,1
2023,Austin,22,20,TSU,MAG,3,3
2023,Austin,22,24,TSU,ZHO,2,2
2023,Austin,22,27,TSU,HUL,2,1
2023,Austin,22,31,TSU,OCO,1,1
2023,Austin,22,77,TSU,BOT,1,1
2023,Austin,22,81,TSU,PIA,1,1
2023,Austin,23,2,ALB,SAR,3,1
2023,Austin,23,3,ALB,RIC,2,1
2023,Austin,23,14,ALB,ALO,2,1
2023,Austin,23,18,ALB,STR,1,0
2023,Austin,23,24,ALB,ZHO,2,1
2023,Austin,23,27,ALB,HUL,2,0
2023,Austin,23,31,ALB,OCO,1,1
2023,Austin,23,77,ALB,BOT,2,2
2023,Austin,23,81,ALB,PIA,2,1
2023,Austin,24,2,ZHO,SAR,2,0
2023,Austin,24,3,ZHO,RIC,2,0
2023,Austin,24,14,ZHO,ALO,2,1
2023,Austin,24,18,ZHO,STR,2,1
2023,Austin,24,20,ZHO,MAG,5,3
2023,Austin,24,22,ZHO,TSU,1,1
2023,Austin,24,23,ZHO,ALB,1,0
2023,Austin,24,27,ZHO,HUL,1,0
2023,Austin,24,31,ZHO,OCO,1,1
2023,Austin,24,77,ZHO,BOT,2,1
2023,Austin,24,81,ZHO,PIA,1,0
2023,Austin,27,2,HUL,SAR,2,1
2023,Austin,27,3,HUL,RIC,2,2
2023,Austin,27,10,HUL,GAS,1,0
2023,Austin,27,14,HUL,ALO,1,1
2023,Austin,27,18,HUL,STR,1,1
2023,Austin,27,20,HUL,MAG,3,2
2023,Austin,27,22,HUL,TSU,1,0
2023,Austin,27,23,HUL,ALB,2,0
2023,Austin,27,24,HUL,ZHO,3,0
2023,Austin,27,31,HUL,OCO,1,1
2023,Austin,27,77,HUL,BOT,4,2
2023,Austin,27,81,HUL,PIA,1,1
2023,Austin,31,3,OCO,RIC,1,0
2023,Austin,31,10,OCO,GAS,1,0
2023,Austin,31,14,OCO,ALO,1,0
2023,Austin,31,18,OCO,STR,1,0
2023,Austin,31,63,OCO,RUS,1,0
2023,Austin,44,1,HAM,VER,1,0
2023,Austin,44,4,HAM,NOR,3,1
2023,Austin,44,16,HAM,LEC,4,3
2023,Austin,44,55,HAM,SAI,1,1
2023,Austin,44,63,HAM,RUS,1,0
2023,Austin,55,1,SAI,VER,1,0
2023,Austin,55,3,SAI,RIC,1,1
2023,Austin,55,4,SAI,NOR,2,1
2023,Austin,55,10,SAI,GAS,1,0
2023,Austin,55,11,SAI,PER,1,0
2023,Austin,55,14,SAI,ALO,1,0
2023,Austin,55,16,SAI,LEC,2,1
2023,Austin,55,44,SAI,HAM,1,0
2023,Austin,55,63,SAI,RUS,2,1
2023,Austin,55,81,SAI,PIA,1,1
2023,Austin,63,1,RUS,VER,1,0
2023,Austin,63,3,RUS,RIC,3,0
2023,Austin,63,4,RUS,NOR,1,0
2023,Austin,63,10,RUS,GAS,2,2
2023,Austin,63,11,RUS,PER,1,0
2023,Austin,63,14,RUS,ALO,1,0
2023,Austin,63,18,RUS,STR,1,0
2023,Austin,63,23,RUS,ALB,1,0
2023,Austin,63,31,RUS,OCO,1,1
2023,Austin,63,44,RUS,HAM,1,0
2023,Austin,63,55,RUS,SAI,2,0
2023,Austin,63,81,RUS,PIA,2,2
2023,Austin,77,2,BOT,SAR,2,0
2023,Austin,77,3,BOT,RIC,2,0
2023,Austin,77,14,BOT,ALO,2,1
2023,Austin,77,18,BOT,STR,2,1
2023,Austin,77,20,BOT,MAG,3,1
2023,Austin,77,23,BOT,ALB,1,1
2023,Austin,77,24,BOT,ZHO,3,1
2023,Austin,77,27,BOT,HUL,3,0
2023,Austin,77,31,BOT,OCO,1,1
2023,Austin,77,81,BOT,PIA,1,0
2023,Austin,81,10,PIA,GAS,1,0
2023,Austin,81,11,PIA,PER,1,0
2023,Austin,81,31,PIA,OCO,1,1
2023,Austin,81,63,PIA,RUS,1,0
2023,Baku,1,14,VER,ALO,1,0
2023,Baku,1,16,VER,LEC,2,2
2023,Baku,1,18,VER,STR,1,0
2023,Baku,1,55,VER,SAI,2,1
2023,Baku,1,63,VER,RUS,2,0
2023,Baku,2,10,SAR,GAS,1,1
2023,Baku,2,20,SAR,MAG,1,0
2023,Baku,2,21,SAR,DEV,1,1
2023,Baku,2,23,SAR,ALB,1,1
2023,Baku,2,24,SAR,ZHO,1,1
2023,Baku,2,27,SAR,HUL,1,1
2023,Baku,2,77,SAR,BOT,1,0
2023,Baku,4,2,NOR,SAR,1,0
2023,Baku,4,10,NOR,GAS,1,0
2023,Baku,4,18,NOR,STR,2,1
2023,Baku,4,20,NOR,MAG,2,0
2023,Baku,4,21,NOR,DEV,2,1
2023,Baku,4,22,NOR,TSU,1,0
2023,Baku,4,23,NOR,ALB,1,0
2023,Baku,4,24,NOR,ZHO,2,0
2023,Baku,4,27,NOR,HUL,3,2
2023,Baku,4,31,NOR,OCO,3,1
2023,Baku,4,77,NOR,BOT,1,0
2023,Baku,4,81,NOR,PIA,1,0
2023,Baku,10,2,GAS,SAR,2,2
2023,Baku,10,4,GAS,NOR,1,0
2023,Baku,10,20,GAS,MAG,1,0
2023,Baku,10,21,GAS,DEV,1,1
2023,Baku,10,22,GAS,TSU,1,0
2023,Baku,10,24,GAS,ZHO,4,2
2023,Baku,10,27,GAS,HUL,2,1
2023,Baku,10,31,GAS,OCO,1,1
2023,Baku,10,77,GAS,BOT,4,2
2023,Baku,11,1,PER,VER,1,1
2023,Baku,11,16,PER,LEC,2,1
2023,Baku,14,1,ALO,VER,1,1
2023,Baku,14,23,ALO,ALB,1,1
2023,Baku,14,44,ALO,HAM,2,0
2023,Baku,14,55,ALO,SAI,1,1
2023,Baku,16,1,LEC,VER,1,1
2023,Baku,18,1,STR,VER,1,1
2023,Baku,18,4,STR,NOR,2,1
2023,Baku,18,22,STR,TSU,1,1
2023,Baku,18,23,STR,ALB,1,0
2023,Baku,18,44,STR,HAM,1,1
2023,Baku,18,63,STR,RUS,1,1
2023,Baku,20,2,MAG,SAR,2,1
2023,Baku,20,4,MAG,NOR,2,1
2023,Baku,20,10,MAG,GAS,1,1
2023,Baku,20,21,MAG,DEV,1,1
2023,Baku,20,22,MAG,TSU,1,0
2023,Baku,20,23,MAG,ALB,1,1
2023,Baku,20,24,MAG,ZHO,3,2
2023,Baku,20,27,MAG,HUL,2,1
2023,Baku,20,31,MAG,OCO,1,1
2023,Baku,20,44,MAG,HAM,1,1
2023,Baku,20,77,MAG,BOT,2,1
2023,Baku,21,2,DEV,SAR,1,0
2023,Baku,21,4,DEV,NOR,2,0
2023,Baku,21,10,DEV,GAS,1,1
2023,Baku,21,20,DEV,MAG,1,1
2023,Baku,21,22,DEV,TSU,2,0
2023,Baku,21,23,DEV,ALB,1,1
2023,Baku,21,24,DEV,ZHO,1,1
2023,Baku,21,27,DEV,HUL,1,1
2023,Baku,21,31,DEV,OCO,1,0
2023,Baku,21,44,DEV,HAM,1,0
2023,Baku,21,77,DEV,BOT,2,2
2023,Baku,21,81,DEV,PIA,1,0
2023,Baku,22,4,TSU,NOR,1,0
2023,Baku,22,20,TSU,MAG,1,0
2023,Baku,22,21,TSU,DEV,1,1
2023,Baku,22,24,TSU,ZHO,1,0
2023,Baku,22,27,TSU,HUL,1,1
2023,Baku,22,31,TSU,OCO,1,1
2023,Baku,22,81,TSU,PIA,3,3
2023,Baku,23,2,ALB,SAR,1,1
2023,Baku,23,20,ALB,MAG,1,0
2023,Baku,23,21,ALB,DEV,1,1
2023,Baku,23,24,ALB,ZHO,1,1
2023,Baku,23,27,ALB,HUL,1,1
2023,Baku,23,31,ALB,OCO,1,1
2023,Baku,23,77,ALB,BOT,1,1
2023,Baku,23,81,ALB,PIA,1,0
2023,Baku,24,2,ZHO,SAR,1,0
2023,Baku,24,4,ZHO,NOR,2,0
2023,Baku,24,10,ZHO,GAS,3,3
2023,Baku,24,20,ZHO,MAG,2,2
2023,Baku,24,21,ZHO,DEV,1,1
2023,Baku,24,22,ZHO,TSU,1,1
2023,Baku,24,23,ZHO,ALB,1,1
2023,Baku,24,27,ZHO,HUL,1,0
2023,Baku,24,44,ZHO,HAM,1,0
2023,Baku,24,77,ZHO,BOT,2,0
2023,Baku,24,81,ZHO,PIA,1,1
2023,Baku,27,2,HUL,SAR,1,1
2023,Baku,27,4,HUL,NOR,3,2
2023,Baku,27,10,HUL,GAS,1,1
2023,Baku,27,20,HUL,MAG,1,1
2023,Baku,27,21,HUL,DEV,1,1
2023,Baku,27,22,HUL,TSU,1,1
2023,Baku,27,23,HUL,ALB,1,1
2023,Baku,27,24,HUL,ZHO,1,0
2023,Baku,27,44,HUL,HAM,1,1
2023,Baku,27,77,HUL,BOT,1,1
2023,Baku,27,81,HUL,PIA,2,2
2023,Baku,31,2,OCO,SAR,1,1
2023,Baku,31,4,OCO,NOR,2,0
2023,Baku,31,10,OCO,GAS,1,1
2023,Baku,31,20,OCO,MAG,1,1
2023,Baku,31,21,OCO,DEV,2,1
2023,Baku,31,22,OCO,TSU,2,1
2023,Baku,31,23,OCO,ALB,1,1
2023,Baku,31,24,OCO,ZHO,1,0
2023,Baku,31,44,OCO,HAM,1,0
2023,Baku,31,77,OCO,BOT,1,1
2023,Baku,31,81,OCO,PIA,1,0
2023,Baku,44,2,HAM,SAR,1,0
2023,Baku,44,4,HAM,NOR,1,0
2023,Baku,44,10,HAM,GAS,1,0
2023,Baku,44,18,HAM,STR,2,1
2023,Baku,44,20,HAM,MAG,2,1
2023,Baku,44,21,HAM,DEV,2,1
2023,Baku,44,22,HAM,TSU,1,0
2023,Baku,44,23,HAM,ALB,1,0
2023,Baku,44,24,HAM,ZHO,2,0
2023,Baku,44,27,HAM,HUL,2,1
2023,Baku,44,31,HAM,OCO,2,1
2023,Baku,44,63,HAM,RUS,2,1
2023,Baku,44,77,HAM,BOT,1,0
2023,Baku,44,81,HAM,PIA,1,0
2023,Baku,55,1,SAI,VER,2,2
2023,Baku,63,1,RUS,VER,2,2
2023,Baku,63,18,RUS,STR,1,0
2023,Baku,63,22,RUS,TSU,1,0
2023,Baku,63,44,RUS,HAM,1,1
2023,Baku,63,81,RUS,PIA,1,0
2023,Baku,77,4,BOT,NOR,1,0
2023,Baku,77,10,BOT,GAS,2,2
2023,Baku,77,20,BOT,MAG,1,1
2023,Baku,77,21,BOT,DEV,1,1
2023,Baku,77,23,BOT,ALB,1,0
2023,Baku,77,24,BOT,ZHO,2,2
2023,Baku,81,2,PIA,SAR,1,0
2023,Baku,81,4,PIA,NOR,1,0
2023,Baku,81,10,PIA,GAS,1,0
2023,Baku,81,20,PIA,MAG,1,0
2023,Baku,81,21,PIA,DEV,2,1
2023,Baku,81,22,PIA,TSU,3,3
2023,Baku,81,23,PIA,ALB,1,0
2023,Baku,81,24,PIA,ZHO,2,0
2023,Baku,81,27,PIA,HUL,3,2
2023,Baku,81,31,PIA,OCO,2,1
2023,Baku,81,77,PIA,BOT,1,0
2023,Catalunya,1,55,VER,SAI,1,1
2023,Catalunya,2,4,SAR,NOR,4,0
2023,Catalunya,2,16,SAR,LEC,2,1
2023,Catalunya,2,18,SAR,STR,1,0
2023,Catalunya,2,20,SAR,MAG,3,0
2023,Catalunya,2,21,SAR,DEV,1,0
2023,Catalunya,2,22,SAR,TSU,1,0
2023,Catalunya,2,23,SAR,ALB,1,0
2023,Catalunya,2,24,SAR,ZHO,1,0
2023,Catalunya,2,27,SAR,HUL,1,0
2023,Catalunya,2,31,SAR,OCO,1,0
2023,Catalunya,2,77,SAR,BOT,2,0
2023,Catalunya,4,2,NOR,SAR,4,1
2023,Catalunya,4,10,NOR,GAS,1,0
2023,Catalunya,4,20,NOR,MAG,3,2
2023,Catalunya,4,21,NOR,DEV,2,0
2023,Catalunya,4,23,NOR,ALB,4,0
2023,Catalunya,4,27,NOR,HUL,1,0
2023,Catalunya,4,77,NOR,BOT,3,1
2023,Catalunya,10,4,GAS,NOR,2,0
2023,Catalunya,10,11,GAS,PER,1,0
2023,Catalunya,10,16,GAS,LEC,2,0
2023,Catalunya,10,18,GAS,STR,2,0
2023,Catalunya,10,20,GAS,MAG,2,1
2023,Catalunya,10,21,GAS,DEV,1,1
2023,Catalunya,10,22,GAS,TSU,3,0
2023,Catalunya,10,24,GAS,ZHO,2,0
2023,Catalunya,10,27,GAS,HUL,3,0
2023,Catalunya,10,31,GAS,OCO,2,0
2023,Catalunya,10,55,GAS,SAI,1,0
2023,Catalunya,10,81,GAS,PIA,2,1
2023,Catalunya,11,4,PER,NOR,1,0
2023,Catalunya,11,10,PER,GAS,2,1
2023,Catalunya,11,14,PER,ALO,2,1
2023,Catalunya,11,18,PER,STR,2,0
2023,Catalunya,11,22,PER,TSU,1,1
2023,Catalunya,11,24,PER,ZHO,1,1
2023,Catalunya,11,27,PER,HUL,1,1
2023,Catalunya,11,31,PER,OCO,2,1
2023,Catalunya,11,44,PER,HAM,1,0
2023,Catalunya,11,55,PER,SAI,3,1
2023,Catalunya,11,63,PER,RUS,2,0
2023,Catalunya,11,81,PER,PIA,1,1
2023,Catalunya,14,4,ALO,NOR,1,0
2023,Catalunya,14,11,ALO,PER,1,0
2023,Catalunya,14,18,ALO,STR,2,0
2023,Catalunya,14,22,ALO,TSU,2,1
2023,Catalunya,14,24,ALO,ZHO,2,1
2023,Catalunya,14,27,ALO,HUL,1,0
2023,Catalunya,14,31,ALO,OCO,3,1
2023,Catalunya,14,55,ALO,SAI,2,0
2023,Catalunya,16,2,LEC,SAR,2,1
2023,Catalunya,16,4,LEC,NOR,1,0
2023,Catalunya,16,10,LEC,GAS,2,0
2023,Catalunya,16,18,LEC,STR,2,0
2023,Catalunya,16,20,LEC,MAG,2,0
2023,Catalunya,16,21,LEC,DEV,2,1
2023,Catalunya,16,22,LEC,TSU,2,0
2023,Catalunya,16,23,LEC,ALB,1,1
2023,Catalunya,16,24,LEC,ZHO,2,0
2023,Catalunya,16,27,LEC,HUL,3,0
2023,Catalunya,16,31,LEC,OCO,2,0
2023,Catalunya,16,55,LEC,SAI,1,0
2023,Catalunya,16,77,LEC,BOT,2,1
2023,Catalunya,16,81,LEC,PIA,2,1
2023,Catalunya,18,2,STR,SAR,1,0
2023,Catalunya,18,4,STR,NOR,1,1
2023,Catalunya,18,10,STR,GAS,2,0
2023,Catalunya,18,11,STR,PER,1,0
2023,Catalunya,18,14,STR,ALO,2,0
2023,Catalunya,18,16,STR,LEC,2,0
2023,Catalunya,18,21,STR,DEV,1,0
2023,Catalunya,18,23,STR,ALB,1,0
2023,Catalunya,18,24,STR,ZHO,1,0
2023,Catalunya,18,31,STR,OCO,1,0
2023,Catalunya,18,44,STR,HAM,1,1
2023,Catalunya,18,63,STR,RUS,1,0
2023,Catalunya,18,81,STR,PIA,2,0
2023,Catalunya,20,2,MAG,SAR,3,2
2023,Catalunya,20,4,MAG,NOR,3,1
2023,Catalunya,20,10,MAG,GAS,2,1
2023,Catalunya,20,16,MAG,LEC,1,0
2023,Catalunya,20,21,MAG,DEV,3,1
2023,Catalunya,20,23,MAG,ALB,3,0
2023,Catalunya,20,24,MAG,ZHO,1,0
2023,Catalunya,20,27,MAG,HUL,1,0
2023,Catalunya,20,77,MAG,BOT,3,3
2023,Catalunya,20,81,MAG,PIA,1,0
2023,Catalunya,21,2,DEV,SAR,1,0
2023,Catalunya,21,4,DEV,NOR,3,1
2023,Catalunya,21,10,DEV,GAS,1,0
2023,Catalunya,21,16,DEV,LEC,1,0
2023,Catalunya,21,18,DEV,STR,1,0
2023,Catalunya,21,20,DEV,MAG,3,1
2023,Catalunya,21,22,DEV,TSU,1,0
2023,Catalunya,21,23,DEV,ALB,1,0
2023,Catalunya,21,24,DEV,ZHO,1,0
2023,Catalunya,21,27,DEV,HUL,3,0
2023,Catalunya,21,31,DEV,OCO,1,0
2023,Catalunya,21,77,DEV,BOT,3,2
2023,Catalunya,21,81,DEV,PIA,1,0
2023,Catalunya,22,2,TSU,SAR,1,0
2023,Catalunya,22,4,TSU,NOR,1,0
2023,Catalunya,22,10,TSU,GAS,4,1
2023,Catalunya,22,11,TSU,PER,1,0
2023,Catalunya,22,14,TSU,ALO,2,0
2023,Catalunya,22,16,TSU,LEC,2,0
2023,Catalunya,22,21,TSU,DEV,2,0
2023,Catalunya,22,23,TSU,ALB,1,0
2023,Catalunya,22,24,TSU,ZHO,5,3
2023,Catalunya,22,27,TSU,HUL,2,2
2023,Catalunya,22,31,TSU,OCO,1,0
2023,Catalunya,22,81,TSU,PIA,3,1
2023,Catalunya,23,2,ALB,SAR,2,0
2023,Catalunya,23,4,ALB,NOR,5,0
2023,Catalunya,23,18,ALB,STR,1,0
2023,Catalunya,23,20,ALB,MAG,5,1
2023,Catalunya,23,21,ALB,DEV,2,0
2023,Catalunya,23,22,ALB,TSU,2,0
2023,Catalunya,23,24,ALB,ZHO,2,0
2023,Catalunya,23,27,ALB,HUL,3,0
2023,Catalunya,23,31,ALB,OCO,1,0
2023,Catalunya,23,77,ALB,BOT,4,2
2023,Catalunya,24,2,ZHO,SAR,1,0
2023,Catalunya,24,4,ZHO,NOR,1,0
2023,Catalunya,24,10,ZHO,GAS,3,0
2023,Catalunya,24,11,ZHO,PER,1,0
2023,Catalunya,24,14,ZHO,ALO,2,0
2023,Catalunya,24,16,ZHO,LEC,2,0
2023,Catalunya,24,18,ZHO,STR,1,0
2023,Catalunya,24,20,ZHO,MAG,1,0
2023,Catalunya,24,21,ZHO,DEV,1,0
2023,Catalunya,24,22,ZHO,TSU,4,2
2023,Catalunya,24,23,ZHO,ALB,1,0
2023,Catalunya,24,27,ZHO,HUL,3,3
2023,Catalunya,24,31,ZHO,OCO,1,0
2023,Catalunya,24,81,ZHO,PIA,4,2
2023,Catalunya,27,2,HUL,SAR,2,1
2023,Catalunya,27,4,HUL,NOR,2,0
2023,Catalunya,27,10,HUL,GAS,2,0
2023,Catalunya,27,16,HUL,LEC,2,0
2023,Catalunya,27,20,HUL,MAG,1,0
2023,Catalunya,27,21,HUL,DEV,2,0
2023,Catalunya,27,22,HUL,TSU,1,0
2023,Catalunya,27,23,HUL,ALB,2,1
2023,Catalunya,27,24,HUL,ZHO,2,0
2023,Catalunya,27,63,HUL,RUS,1,1
2023,Catalunya,27,77,HUL,BOT,2,1
2023,Catalunya,27,81,HUL,PIA,3,0
2023,Catalunya,31,2,OCO,SAR,1,1
2023,Catalunya,31,4,OCO,NOR,1,1
2023,Catalunya,31,10,OCO,GAS,2,0
2023,Catalunya,31,11,OCO,PER,1,0
2023,Catalunya,31,14,OCO,ALO,2,0
2023,Catalunya,31,16,OCO,LEC,2,0
2023,Catalunya,31,18,OCO,STR,1,0
2023,Catalunya,31,21,OCO,DEV,1,0
2023,Catalunya,31,22,OCO,TSU,1,1
2023,Catalunya,31,24,OCO,ZHO,1,0
2023,Catalunya,31,81,OCO,PIA,2,0
2023,Catalunya,44,4,HAM,NOR,1,1
2023,Catalunya,44,11,HAM,PER,1,0
2023,Catalunya,44,18,HAM,STR,1,1
2023,Catalunya,44,55,HAM,SAI,2,1
2023,Catalunya,44,63,HAM,RUS,1,0
2023,Catalunya,55,1,SAI,VER,1,1
2023,Catalunya,55,10,SAI,GAS,1,1
2023,Catalunya,55,11,SAI,PER,2,0
2023,Catalunya,55,14,SAI,ALO,2,0
2023,Catalunya,55,16,SAI,LEC,1,0
2023,Catalunya,55,44,SAI,HAM,1,0
2023,Catalunya,55,63,SAI,RUS,1,0
2023,Catalunya,55,81,SAI,PIA,1,0
2023,Catalunya,63,4,RUS,NOR,1,0
2023,Catalunya,63,10,RUS,GAS,1,0
2023,Catalunya,63,11,RUS,PER,3,0
2023,Catalunya,63,14,RUS,ALO,1,1
2023,Catalunya,63,18,RUS,STR,2,1
2023,Catalunya,63,27,RUS,HUL,2,1
2023,Catalunya,63,31,RUS,OCO,1,1
2023,Catalunya,63,44,RUS,HAM,1,0
2023,Catalunya,63,55,RUS,SAI,2,1
2023,Catalunya,63,81,RUS,PIA,1,0
2023,Catalunya,77,2,BOT,SAR,2,1
2023,Catalunya,77,4,BOT,NOR,3,0
2023,Catalunya,77,16,BOT,LEC,1,0
2023,Catalunya,77,20,BOT,MAG,2,0
2023,Catalunya,77,21,BOT,DEV,3,1
2023,Catalunya,77,23,BOT,ALB,2,1
2023,Catalunya,77,27,BOT,HUL,2,0
2023,Catalunya,81,4,PIA,NOR,1,0
2023,Catalunya,81,10,PIA,GAS,1,0
2023,Catalunya,81,16,PIA,LEC,1,0
2023,Catalunya,81,18,PIA,STR,2,0
2023,Catalunya,81,20,PIA,MAG,1,1
2023,Catalunya,81,21,PIA,DEV,1,0
2023,Catalunya,81,22,PIA,TSU,2,0
2023,Catalunya,81,24,PIA,ZHO,3,1
2023,Catalunya,81,27,PIA,HUL,4,3
2023,Catalunya,81,31,PIA,OCO,2,0
2023,Catalunya,81,55,PIA,SAI,1,0
2023,Hungaroring,1,44,VER,HAM,1,0
2023,Hungaroring,2,3,SAR,RIC,2,0
2023,Hungaroring,2,10,SAR,GAS,1,0
2023,Hungaroring,2,18,SAR,STR,1,0
2023,Hungaroring,2,20,SAR,MAG,1,0
2023,Hungaroring,2,22,SAR,TSU,2,0
2023,Hungaroring,2,23,SAR,ALB,2,0
2023,Hungaroring,2,24,SAR,ZHO,2,0
2023,Hungaroring,2,31,SAR,OCO,1,0
2023,Hungaroring,2,77,SAR,BOT,1,0
2023,Hungaroring,3,2,RIC,SAR,3,0
2023,Hungaroring,3,10,RIC,GAS,2,1
2023,Hungaroring,3,16,RIC,LEC,2,0
2023,Hungaroring,3,18,RIC,STR,2,0
2023,Hungaroring,3,20,RIC,MAG,3,1
2023,Hungaroring,3,22,RIC,TSU,3,0
2023,Hungaroring,3,23,RIC,ALB,2,0
2023,Hungaroring,3,24,RIC,ZHO,4,0
2023,Hungaroring,3,27,RIC,HUL,3,0
2023,Hungaroring,3,31,RIC,OCO,2,0
2023,Hungaroring,3,55,RIC,SAI,1,0
2023,Hungaroring,3,77,RIC,BOT,2,0
2023,Hungaroring,4,11,NOR,PER,1,0
2023,Hungaroring,4,14,NOR,ALO,1,0
2023,Hungaroring,4,44,NOR,HAM,2,1
2023,Hungaroring,4,81,NOR,PIA,1,0
2023,Hungaroring,10,3,GAS,RIC,1,0
2023,Hungaroring,10,24,GAS,ZHO,1,0
2023,Hungaroring,10,31,GAS,OCO,1,0
2023,Hungaroring,11,4,PER,NOR,1,0
2023,Hungaroring,11,14,PER,ALO,1,1
2023,Hungaroring,11,16,PER,LEC,2,0
2023,Hungaroring,11,24,PER,ZHO,1,0
2023,Hungaroring,11,44,PER,HAM,2,0
2023,Hungaroring,11,55,PER,SAI,3,1
2023,Hungaroring,11,63,PER,RUS,1,0
2023,Hungaroring,11,77,PER,BOT,1,0
2023,Hungaroring,11,81,PER,PIA,2,1
2023,Hungaroring,14,4,ALO,NOR,1,0
2023,Hungaroring,14,16,ALO,LEC,1,0
2023,Hungaroring,14,18,ALO,STR,1,1
2023,Hungaroring,14,24,ALO,ZHO,1,0
2023,Hungaroring,14,44,ALO,HAM,1,0
2023,Hungaroring,14,55,ALO,SAI,1,0
2023,Hungaroring,14,63,ALO,RUS,1,0
2023,Hungaroring,14,77,ALO,BOT,2,1
2023,Hungaroring,14,81,ALO,PIA,1,0
2023,Hungaroring,16,3,LEC,RIC,1,0
2023,Hungaroring,16,11,LEC,PER,1,0
2023,Hungaroring,16,14,LEC,ALO,1,0
2023,Hungaroring,16,18,LEC,STR,1,1
2023,Hungaroring,16,24,LEC,ZHO,1,0
2023,Hungaroring,16,44,LEC,HAM,1,0
2023,Hungaroring,16,55,LEC,SAI,1,0
2023,Hungaroring,16,63,LEC,RUS,2,0
2023,Hungaroring,16,81,LEC,PIA,1,0
2023,Hungaroring,18,2,STR,SAR,1,0
2023,Hungaroring,18,3,STR,RIC,2,0
2023,Hungaroring,18,14,STR,ALO,1,0
2023,Hungaroring,18,16,STR,LEC,1,0
2023,Hungaroring,18,20,STR,MAG,2,1
2023,Hungaroring,18,22,STR,TSU,1,1
2023,Hungaroring,18,24,STR,ZHO,3,0
2023,Hungaroring,18,27,STR,HUL,2,0
2023,Hungaroring,18,31,STR,OCO,1,0
2023,Hungaroring,18,63,STR,RUS,1,0
2023,Hungaroring,18,77,STR,BOT,1,0
2023,Hungaroring,20,2,MAG,SAR,1,1
2023,Hungaroring,20,3,MAG,RIC,2,0
2023,Hungaroring,20,10,MAG,GAS,1,0
2023,Hungaroring,20,18,MAG,STR,2,0
2023,Hungaroring,20,22,MAG,TSU,1,0
2023,Hungaroring,20,23,MAG,ALB,2,1
2023,Hungaroring,20,24,MAG,ZHO,2,1
2023,Hungaroring,20,27,MAG,HUL,1,0
2023,Hungaroring,20,31,MAG,OCO,1,0
2023,Hungaroring,20,63,MAG,RUS,1,1
2023,Hungaroring,20,77,MAG,BOT,1,0
2023,Hungaroring,22,2,TSU,SAR,2,1
2023,Hungaroring,22,3,TSU,RIC,2,0
2023,Hungaroring,22,10,TSU,GAS,1,0
2023,Hungaroring,22,18,TSU,STR,1,0
2023,Hungaroring,22,20,TSU,MAG,1,0
2023,Hungaroring,22,23,TSU,ALB,2,0
2023,Hungaroring,22,24,TSU,ZHO,2,0
2023,Hungaroring,22,27,TSU,HUL,1,0
2023,Hungaroring,22,31,TSU,OCO,1,0
2023,Hungaroring,22,63,TSU,RUS,1,0
2023,Hungaroring,22,77,TSU,BOT,2,1
2023,Hungaroring,23,2,ALB,SAR,2,0
2023,Hungaroring,23,3,ALB,RIC,2,0
2023,Hungaroring,23,10,ALB,GAS,1,0
2023,Hungaroring,23,20,ALB,MAG,2,1
2023,Hungaroring,23,22,ALB,TSU,2,0
2023,Hungaroring,23,24,ALB,ZHO,4,1
2023,Hungaroring,23,27,ALB,HUL,2,0
2023,Hungaroring,23,31,ALB,OCO,1,0
2023,Hungaroring,23,63,ALB,RUS,1,0
2023,Hungaroring,23,77,ALB,BOT,1,0
2023,Hungaroring,24,2,ZHO,SAR,1,1
2023,Hungaroring,24,3,ZHO,RIC,3,0
2023,Hungaroring,24,10,ZHO,GAS,1,0
2023,Hungaroring,24,18,ZHO,STR,2,0
2023,Hungaroring,24,20,ZHO,MAG,2,0
2023,Hungaroring,24,22,ZHO,TSU,1,0
2023,Hungaroring,24,23,ZHO,ALB,3,1
2023,Hungaroring,24,31,ZHO,OCO,1,0
2023,Hungaroring,24,77,ZHO,BOT,1,0
2023,Hungaroring,27,3,HUL,RIC,1,0
2023,Hungaroring,27,18,HUL,STR,1,0
2023,Hungaroring,27,20,HUL,MAG,1,0
2023,Hungaroring,27,22,HUL,TSU,1,0
2023,Hungaroring,27,23,HUL,ALB,1,0
2023,Hungaroring,27,24,HUL,ZHO,1,0
2023,Hungaroring,27,55,HUL,SAI,1,0
2023,Hungaroring,27,63,HUL,RUS,1,0
2023,Hungaroring,27,77,HUL,BOT,1,1
2023,Hungaroring,31,10,OCO,GAS,1,1
2023,Hungaroring,31,24,OCO,ZHO,1,0
2023,Hungaroring,44,4,HAM,NOR,1,0
2023,Hungaroring,44,11,HAM,PER,1,0
2023,Hungaroring,44,14,HAM,ALO,1,0
2023,Hungaroring,44,16,HAM,LEC,1,0
2023,Hungaroring,44,63,HAM,RUS,1,1
2023,Hungaroring,44,81,HAM,PIA,2,1
2023,Hungaroring,55,11,SAI,PER,3,1
2023,Hungaroring,55,14,SAI,ALO,2,1
2023,Hungaroring,55,16,SAI,LEC,1,0
2023,Hungaroring,55,24,SAI,ZHO,1,0
2023,Hungaroring,55,27,SAI,HUL,2,0
2023,Hungaroring,55,63,SAI,RUS,2,0
2023,Hungaroring,55,77,SAI,BOT,1,0
2023,Hungaroring,55,81,SAI,PIA,1,0
2023,Hungaroring,63,3,RUS,RIC,1,0
2023,Hungaroring,63,10,RUS,GAS,1,0
2023,Hungaroring,63,11,RUS,PER,1,0
2023,Hungaroring,63,14,RUS,ALO,2,0
2023,Hungaroring,63,16,RUS,LEC,2,0
2023,Hungaroring,63,18,RUS,STR,2,0
2023,Hungaroring,63,20,RUS,MAG,1,1
2023,Hungaroring,63,22,RUS,TSU,2,1
2023,Hungaroring,63,23,RUS,ALB,2,1
2023,Hungaroring,63,24,RUS,ZHO,1,0
2023,Hungaroring,63,27,RUS,HUL,2,1
2023,Hungaroring,63,31,RUS,OCO,1,0
2023,Hungaroring,63,44,RUS,HAM,1,0
2023,Hungaroring,63,55,RUS,SAI,3,1
2023,Hungaroring,63,77,RUS,BOT,2,1
2023,Hungaroring,77,2,BOT,SAR,1,0
2023,Hungaroring,77,3,BOT,RIC,1,0
2023,Hungaroring,77,14,BOT,ALO,1,0
2023,Hungaroring,77,18,BOT,STR,1,0
2023,Hungaroring,77,20,BOT,MAG,1,0
2023,Hungaroring,77,22,BOT,TSU,2,0
2023,Hungaroring,77,24,BOT,ZHO,2,0
2023,Hungaroring,77,27,BOT,HUL,1,0
2023,Hungaroring,77,63,BOT,RUS,1,0
2023,Hungaroring,81,4,PIA,NOR,1,0
2023,Hungaroring,81,11,PIA,PER,1,0
2023,Hungaroring,81,14,PIA,ALO,1,0
2023,Hungaroring,81,16,PIA,LEC,1,0
2023,Hungaroring,81,44,PIA,HAM,2,0
2023,Hungaroring,81,55,PIA,SAI,1,0
2023,Interlagos,1,4,VER,NOR,2,1
2023,Interlagos,2,3,SAR,RIC,1,1
2023,Interlagos,2,10,SAR,GAS,1,0
2023,Interlagos,2,16,SAR,LEC,1,0
2023,Interlagos,2,20,SAR,MAG,1,1
2023,Interlagos,2,22,SAR,TSU,1,0
2023,Interlagos,2,23,SAR,ALB,1,0
2023,Interlagos,2,24,SAR,ZHO,2,0
2023,Interlagos,2,27,SAR,HUL,5,2
2023,Interlagos,2,31,SAR,OCO,3,0
2023,Interlagos,2,63,SAR,RUS,1,0
2023,Interlagos,2,77,SAR,BOT,1,0
2023,Interlagos,2,81,SAR,PIA,2,1
2023,Interlagos,3,16,RIC,LEC,1,0
2023,Interlagos,3,20,RIC,MAG,1,0
2023,Interlagos,3,23,RIC,ALB,1,0
2023,Interlagos,3,24,RIC,ZHO,1,0
2023,Interlagos,3,27,RIC,HUL,1,0
2023,Interlagos,3,55,RIC,SAI,2,2
2023,Interlagos,3,63,RIC,RUS,1,0
2023,Interlagos,3,77,RIC,BOT,1,0
2023,Interlagos,3,81,RIC,PIA,3,1
2023,Interlagos,4,1,NOR,VER,1,0
2023,Interlagos,4,14,NOR,ALO,1,0
2023,Interlagos,4,16,NOR,LEC,1,0
2023,Interlagos,4,18,NOR,STR,1,0
2023,Interlagos,4,44,NOR,HAM,2,1
2023,Interlagos,4,63,NOR,RUS,1,1
2023,Interlagos,10,2,GAS,SAR,1,0
2023,Interlagos,10,11,GAS,PER,1,0
2023,Interlagos,10,14,GAS,ALO,3,2
2023,Interlagos,10,16,GAS,LEC,1,0
2023,Interlagos,10,18,GAS,STR,1,0
2023,Interlagos,10,20,GAS,MAG,2,0
2023,Interlagos,10,22,GAS,TSU,3,0
2023,Interlagos,10,23,GAS,ALB,1,0
2023,Interlagos,10,27,GAS,HUL,2,0
2023,Interlagos,10,31,GAS,OCO,3,0
2023,Interlagos,10,44,GAS,HAM,2,0
2023,Interlagos,10,63,GAS,RUS,2,0
2023,Interlagos,10,77,GAS,BOT,1,0
2023,Interlagos,10,81,GAS,PIA,4,2
2023,Interlagos,11,10,PER,GAS,1,0
2023,Interlagos,11,14,PER,ALO,1,0
2023,Interlagos,11,16,PER,LEC,1,0
2023,Interlagos,11,18,PER,STR,3,0
2023,Interlagos,11,22,PER,TSU,2,0
2023,Interlagos,11,27,PER,HUL,1,0
2023,Interlagos,11,44,PER,HAM,4,1
2023,Interlagos,11,55,PER,SAI,3,0
2023,Interlagos,11,63,PER,RUS,5,3
2023,Interlagos,14,10,ALO,GAS,4,3
2023,Interlagos,14,11,ALO,PER,1,0
2023,Interlagos,14,16,ALO,LEC,1,0
2023,Interlagos,14,18,ALO,STR,2,1
2023,Interlagos,14,20,ALO,MAG,1,1
2023,Interlagos,14,22,ALO,TSU,1,0
2023,Interlagos,14,27,ALO,HUL,3,2
2023,Interlagos,14,31,ALO,OCO,1,0
2023,Interlagos,14,44,ALO,HAM,1,0
2023,Interlagos,14,55,ALO,SAI,2,0
2023,Interlagos,14,77,ALO,BOT,2,0
2023,Interlagos,14,81,ALO,PIA,1,0
2023,Interlagos,16,22,LEC,TSU,1,1
2023,Interlagos,16,44,LEC,HAM,1,1
2023,Interlagos,18,10,STR,GAS,2,1
2023,Interlagos,18,11,STR,PER,2,0
2023,Interlagos,18,14,STR,ALO,1,0
2023,Interlagos,18,16,STR,LEC,1,0
2023,Interlagos,18,20,STR,MAG,1,1
2023,Interlagos,18,22,STR,TSU,2,0
2023,Interlagos,18,27,STR,HUL,1,1
2023,Interlagos,18,31,STR,OCO,1,1
2023,Interlagos,18,44,STR,HAM,2,0
2023,Interlagos,18,55,STR,SAI,1,0
2023,Interlagos,18,63,STR,RUS,2,0
2023,Interlagos,18,77,STR,BOT,2,2
2023,Interlagos,18,81,STR,PIA,1,0
2023,Interlagos,20,16,MAG,LEC,1,0
2023,Interlagos,20,27,MAG,HUL,3,1
2023,Interlagos,20,77,MAG,BOT,1,1
2023,Interlagos,20,81,MAG,PIA,1,0
2023,Interlagos,22,2,TSU,SAR,1,0
2023,Interlagos,22,10,TSU,GAS,3,0
2023,Interlagos,22,11,TSU,PER,2,0
2023,Interlagos,22,14,TSU,ALO,1,0
2023,Interlagos,22,16,TSU,LEC,1,0
2023,Interlagos,22,18,TSU,STR,2,0
2023,Interlagos,22,20,TSU,MAG,1,0
2023,Interlagos,22,23,TSU,ALB,1,0
2023,Interlagos,22,27,TSU,HUL,1,0
2023,Interlagos,22,31,TSU,OCO,4,0
2023,Interlagos,22,44,TSU,HAM,3,1
2023,Interlagos,22,55,TSU,SAI,1,0
2023,Interlagos,22,63,TSU,RUS,3,0
2023,Interlagos,22,77,TSU,BOT,2,0
2023,Interlagos,22,81,TSU,PIA,2,1
2023,Interlagos,23,20,ALB,MAG,1,1
2023,Interlagos,23,24,ALB,ZHO,2,2
2023,Interlagos,23,27,ALB,HUL,1,1
2023,Interlagos,23,77,ALB,BOT,1,1
2023,Interlagos,23,81,ALB,PIA,1,0
2023,Interlagos,24,2,ZHO,SAR,2,0
2023,Interlagos,24,3,ZHO,RIC,1,1
2023,Interlagos,24,16,ZHO,LEC,1,0
2023,Interlagos,24,20,ZHO,MAG,1,0
2023,Interlagos,24,23,ZHO,ALB,2,1
2023,Interlagos,24,27,ZHO,HUL,5,2
2023,Interlagos,24,31,ZHO,OCO,1,0
2023,Interlagos,24,77,ZHO,BOT,2,1
2023,Interlagos,24,81,ZHO,PIA,2,0
2023,Interlagos,27,2,HUL,SAR,4,0
2023,Interlagos,27,3,HUL,RIC,1,0
2023,Interlagos,27,11,HUL,PER,1,0
2023,Interlagos,27,14,HUL,ALO,2,2
2023,Interlagos,27,16,HUL,LEC,1,0
2023,Interlagos,27,20,HUL,MAG,3,2
2023,Interlagos,27,24,HUL,ZHO,4,0
2023,Interlagos,27,31,HUL,OCO,2,0
2023,Interlagos,27,44,HUL,HAM,1,0
2023,Interlagos,27,63,HUL,RUS,2,0
2023,Interlagos,27,77,HUL,BOT,3,0
2023,Interlagos,27,81,HUL,PIA,2,0
2023,Interlagos,31,2,OCO,SAR,3,0
2023,Interlagos,31,10,OCO,GAS,2,0
2023,Interlagos,31,14,OCO,ALO,1,1
2023,Interlagos,31,16,OCO,LEC,1,0
2023,Interlagos,31,20,OCO,MAG,2,2
2023,Interlagos,31,22,OCO,TSU,3,0
2023,Interlagos,31,23,OCO,ALB,1,0
2023,Interlagos,31,24,OCO,ZHO,1,0
2023,Interlagos,31,27,OCO,HUL,4,2
2023,Interlagos,31,44,OCO,HAM,1,0
2023,Interlagos,31,55,OCO,SAI,1,0
2023,Interlagos,31,63,OCO,RUS,2,0
2023,Interlagos,31,77,OCO,BOT,3,0
2023,Interlagos,31,81,OCO,PIA,2,0
2023,Interlagos,44,4,HAM,NOR,1,0
2023,Interlagos,44,10,HAM,GAS,1,0
2023,Interlagos,44,11,HAM,PER,3,1
2023,Interlagos,44,14,HAM,ALO,1,0
2023,Interlagos,44,16,HAM,LEC,1,0
2023,Interlagos,44,18,HAM,STR,2,0
2023,Interlagos,44,22,HAM,TSU,2,0
2023,Interlagos,44,27,HAM,HUL,1,0
2023,Interlagos,44,31,HAM,OCO,1,0
2023,Interlagos,44,55,HAM,SAI,1,0
2023,Interlagos,44,63,HAM,RUS,1,0
2023,Interlagos,55,3,SAI,RIC,3,3
2023,Interlagos,55,11,SAI,PER,2,0
2023,Interlagos,55,14,SAI,ALO,2,0
2023,Interlagos,55,16,SAI,LEC,1,0
2023,Interlagos,55,18,SAI,STR,1,0
2023,Interlagos,55,22,SAI,TSU,1,0
2023,Interlagos,55,31,SAI,OCO,1,0
2023,Interlagos,55,44,SAI,HAM,2,0
2023,Interlagos,55,63,SAI,RUS,2,0
2023,Interlagos,55,81,SAI,PIA,1,0
2023,Interlagos,63,4,RUS,NOR,1,1
2023,Interlagos,63,10,RUS,GAS,1,0
2023,Interlagos,63,11,RUS,PER,4,2
2023,Interlagos,63,16,RUS,LEC,1,0
2023,Interlagos,63,18,RUS,STR,2,0
2023,Interlagos,63,22,RUS,TSU,2,0
2023,Interlagos,63,27,RUS,HUL,1,0
2023,Interlagos,63,31,RUS,OCO,1,0
2023,Interlagos,63,44,RUS,HAM,1,0
2023,Interlagos,63,55,RUS,SAI,2,0
2023,Interlagos,77,3,BOT,RIC,1,0
2023,Interlagos,77,10,BOT,GAS,1,0
2023,Interlagos,77,14,BOT,ALO,1,1
2023,Interlagos,77,16,BOT,LEC,1,0
2023,Interlagos,77,18,BOT,STR,1,1
2023,Interlagos,77,20,BOT,MAG,2,1
2023,Interlagos,77,22,BOT,TSU,2,0
2023,Interlagos,77,23,BOT,ALB,1,0
2023,Interlagos,77,24,BOT,ZHO,1,0
2023,Interlagos,77,27,BOT,HUL,3,0
2023,Interlagos,77,31,BOT,OCO,2,0
2023,Interlagos,77,81,BOT,PIA,2,0
2023,Interlagos,81,2,PIA,SAR,1,0
2023,Interlagos,81,3,PIA,RIC,1,1
2023,Interlagos,81,10,PIA,GAS,3,2
2023,Interlagos,81,14,PIA,ALO,1,0
2023,Interlagos,81,16,PIA,LEC,1,0
2023,Interlagos,81,18,PIA,STR,1,0
2023,Interlagos,81,20,PIA,MAG,1,0
2023,Interlagos,81,22,PIA,TSU,1,1
2023,Interlagos,81,23,PIA,ALB,1,0
2023,Interlagos,81,24,PIA,ZHO,2,0
2023,Interlagos,81,27,PIA,HUL,1,0
2023,Interlagos,81,31,PIA,OCO,1,0
2023,Interlagos,81,63,PIA,RUS,1,0
2023,Interlagos,81,77,PIA,BOT,2,0
2023,Jeddah,1,10,VER,GAS,1,1
2023,Jeddah,1,14,VER,ALO,1,1
2023,Jeddah,1,16,VER,LEC,1,1
2023,Jeddah,1,18,VER,STR,1,1
2023,Jeddah,1,20,VER,MAG,1,1
2023,Jeddah,1,24,VER,ZHO,1,1
2023,Jeddah,1,27,VER,HUL,1,1
2023,Jeddah,1,31,VER,OCO,1,1
2023,Jeddah,1,44,VER,HAM,1,1
2023,Jeddah,1,55,VER,SAI,1,1
2023,Jeddah,1,63,VER,RUS,1,1
2023,Jeddah,1,77,VER,BOT,1,1
2023,Jeddah,1,81,VER,PIA,1,0
2023,Jeddah,2,4,SAR,NOR,1,1
2023,Jeddah,2,10,SAR,GAS,1,1
2023,Jeddah,2,18,SAR,STR,1,1
2023,Jeddah,2,20,SAR,MAG,1,1
2023,Jeddah,2,21,SAR,DEV,3,2
2023,Jeddah,2,22,SAR,TSU,1,0
2023,Jeddah,2,23,SAR,ALB,2,1
2023,Jeddah,2,24,SAR,ZHO,1,0
2023,Jeddah,2,27,SAR,HUL,1,0
2023,Jeddah,2,31,SAR,OCO,1,1
2023,Jeddah,2,77,SAR,BOT,1,1
2023,Jeddah,2,81,SAR,PIA,1,1
2023,Jeddah,4,18,NOR,STR,1,1
2023,Jeddah,4,21,NOR,DEV,1,0
2023,Jeddah,4,23,NOR,ALB,1,1
2023,Jeddah,4,77,NOR,BOT,2,1
2023,Jeddah,4,81,NOR,PIA,3,2
2023,Jeddah,10,2,GAS,SAR,1,0
2023,Jeddah,10,18,GAS,STR,2,2
2023,Jeddah,10,21,GAS,DEV,1,0
2023,Jeddah,10,22,GAS,TSU,1,1
2023,Jeddah,10,23,GAS,ALB,1,0
2023,Jeddah,10,81,GAS,PIA,2,2
2023,Jeddah,11,14,PER,ALO,1,1
2023,Jeddah,14,11,ALO,PER,1,1
2023,Jeddah,16,10,LEC,GAS,1,1
2023,Jeddah,16,18,LEC,STR,1,1
2023,Jeddah,16,22,LEC,TSU,1,0
2023,Jeddah,16,24,LEC,ZHO,1,0
2023,Jeddah,16,27,LEC,HUL,1,0
2023,Jeddah,16,31,LEC,OCO,1,1
2023,Jeddah,16,44,LEC,HAM,1,1
2023,Jeddah,16,55,LEC,SAI,1,1
2023,Jeddah,16,81,LEC,PIA,2,2
2023,Jeddah,18,10,STR,GAS,1,1
2023,Jeddah,18,31,STR,OCO,1,1
2023,Jeddah,18,55,STR,SAI,1,1
2023,Jeddah,20,2,MAG,SAR,1,0
2023,Jeddah,20,18,MAG,STR,1,1
2023,Jeddah,20,21,MAG,DEV,1,0
2023,Jeddah,20,22,MAG,TSU,2,2
2023,Jeddah,20,23,MAG,ALB,1,0
2023,Jeddah,20,24,MAG,ZHO,2,2
2023,Jeddah,20,27,MAG,HUL,2,2
2023,Jeddah,20,77,MAG,BOT,1,1
2023,Jeddah,20,81,MAG,PIA,1,0
2023,Jeddah,21,2,DEV,SAR,3,2
2023,Jeddah,21,4,DEV,NOR,1,1
2023,Jeddah,21,10,DEV,GAS,1,1
2023,Jeddah,21,18,DEV,STR,1,1
2023,Jeddah,21,20,DEV,MAG,1,1
2023,Jeddah,21,23,DEV,ALB,1,1
2023,Jeddah,21,24,DEV,ZHO,2,0
2023,Jeddah,21,27,DEV,HUL,1,0
2023,Jeddah,21,31,DEV,OCO,1,1
2023,Jeddah,21,77,DEV,BOT,1,1
2023,Jeddah,21,81,DEV,PIA,1,0
2023,Jeddah,22,2,TSU,SAR,1,0
2023,Jeddah,22,10,TSU,GAS,1,1
2023,Jeddah,22,16,TSU,LEC,1,1
2023,Jeddah,22,18,TSU,STR,1,1
2023,Jeddah,22,20,TSU,MAG,2,2
2023,Jeddah,22,23,TSU,ALB,3,2
2023,Jeddah,22,24,TSU,ZHO,1,1
2023,Jeddah,22,27,TSU,HUL,1,1
2023,Jeddah,22,31,TSU,OCO,2,1
2023,Jeddah,22,55,TSU,SAI,1,1
2023,Jeddah,22,77,TSU,BOT,1,0
2023,Jeddah,22,81,TSU,PIA,1,0
2023,Jeddah,23,2,ALB,SAR,1,0
2023,Jeddah,23,10,ALB,GAS,1,1
2023,Jeddah,23,18,ALB,STR,1,1
2023,Jeddah,23,20,ALB,MAG,1,1
2023,Jeddah,23,22,ALB,TSU,3,2
2023,Jeddah,23,24,ALB,ZHO,1,1
2023,Jeddah,23,27,ALB,HUL,1,1
2023,Jeddah,23,31,ALB,OCO,1,1
2023,Jeddah,23,77,ALB,BOT,1,1
2023,Jeddah,23,81,ALB,PIA,1,0
2023,Jeddah,24,2,ZHO,SAR,1,1
2023,Jeddah,24,18,ZHO,STR,1,1
2023,Jeddah,24,20,ZHO,MAG,1,1
2023,Jeddah,24,21,ZHO,DEV,2,1
2023,Jeddah,24,23,ZHO,ALB,1,1
2023,Jeddah,24,27,ZHO,HUL,2,1
2023,Jeddah,24,81,ZHO,PIA,3,2
2023,Jeddah,27,2,HUL,SAR,1,0
2023,Jeddah,27,18,HUL,STR,1,1
2023,Jeddah,27,20,HUL,MAG,1,1
2023,Jeddah,27,21,HUL,DEV,1,0
2023,Jeddah,27,23,HUL,ALB,1,1
2023,Jeddah,27,24,HUL,ZHO,2,1
2023,Jeddah,27,81,HUL,PIA,1,0
2023,Jeddah,31,2,OCO,SAR,1,0
2023,Jeddah,31,18,OCO,STR,2,2
2023,Jeddah,31,21,OCO,DEV,1,0
2023,Jeddah,31,22,OCO,TSU,2,1
2023,Jeddah,31,23,OCO,ALB,1,0
2023,Jeddah,31,55,OCO,SAI,1,1
2023,Jeddah,44,16,HAM,LEC,1,1
2023,Jeddah,44,18,HAM,STR,1,1
2023,Jeddah,44,31,HAM,OCO,1,1
2023,Jeddah,44,55,HAM,SAI,2,2
2023,Jeddah,55,16,SAI,LEC,1,1
2023,Jeddah,55,18,SAI,STR,1,1
2023,Jeddah,55,22,SAI,TSU,1,0
2023,Jeddah,55,31,SAI,OCO,1,1
2023,Jeddah,55,44,SAI,HAM,1,0
2023,Jeddah,77,4,BOT,NOR,1,1
2023,Jeddah,77,18,BOT,STR,1,1
2023,Jeddah,77,20,BOT,MAG,1,1
2023,Jeddah,77,23,BOT,ALB,1,1
2023,Jeddah,77,81,BOT,PIA,2,1
2023,Jeddah,81,2,PIA,SAR,1,1
2023,Jeddah,81,4,PIA,NOR,3,3
2023,Jeddah,81,10,PIA,GAS,1,1
2023,Jeddah,81,16,PIA,LEC,1,1
2023,Jeddah,81,18,PIA,STR,1,1
2023,Jeddah,81,23,PIA,ALB,1,1
2023,Jeddah,81,24,PIA,ZHO,2,1
2023,Jeddah,81,77,PIA,BOT,2,2
2023,Las Vegas,1,10,VER,GAS,2,1
2023,Las Vegas,1,11,VER,PER,1,1
2023,Las Vegas,1,14,VER,ALO,1,1
2023,Las Vegas,1,16,VER,LEC,2,2
2023,Las Vegas,1,18,VER,STR,1,0
2023,Las Vegas,1,24,VER,ZHO,1,1
2023,Las Vegas,1,31,VER,OCO,2,0
2023,Las Vegas,1,44,VER,HAM,1,0
2023,Las Vegas,1,55,VER,SAI,1,1
2023,Las Vegas,1,63,VER,RUS,1,1
2023,Las Vegas,1,81,VER,PIA,1,1
2023,Las Vegas,2,3,SAR,RIC,1,0
2023,Las Vegas,2,14,SAR,ALO,1,0
2023,Las Vegas,2,20,SAR,MAG,1,1
2023,Las Vegas,2,24,SAR,ZHO,1,0
2023,Las Vegas,2,27,SAR,HUL,1,1
2023,Las Vegas,2,44,SAR,HAM,1,0
2023,Las Vegas,2,55,SAR,SAI,1,0
2023,Las Vegas,2,77,SAR,BOT,1,1
2023,Las Vegas,2,81,SAR,PIA,1,0
2023,Las Vegas,3,2,RIC,SAR,2,1
2023,Las Vegas,3,4,RIC,NOR,1,1
2023,Las Vegas,3,11,RIC,PER,1,0
2023,Las Vegas,3,14,RIC,ALO,1,0
2023,Las Vegas,3,18,RIC,STR,1,0
2023,Las Vegas,3,20,RIC,MAG,1,0
2023,Las Vegas,3,22,RIC,TSU,2,0
2023,Las Vegas,3,23,RIC,ALB,1,0
2023,Las Vegas,3,24,RIC,ZHO,1,1
2023,Las Vegas,3,27,RIC,HUL,3,1
2023,Las Vegas,3,44,RIC,HAM,2,0
2023,Las Vegas,3,55,RIC,SAI,1,0
2023,Las Vegas,3,77,RIC,BOT,2,0
2023,Las Vegas,3,81,RIC,PIA,1,0
2023,Las Vegas,4,3,NOR,RIC,1,1
2023,Las Vegas,4,11,NOR,PER,1,0
2023,Las Vegas,4,14,NOR,ALO,1,0
2023,Las Vegas,4,24,NOR,ZHO,1,1
2023,Las Vegas,4,44,NOR,HAM,1,0
2023,Las Vegas,4,55,NOR,SAI,1,0
2023,Las Vegas,4,77,NOR,BOT,1,0
2023,Las Vegas,10,1,GAS,VER,2,0
2023,Las Vegas,10,14,GAS,ALO,1,0
2023,Las Vegas,10,18,GAS,STR,1,0
2023,Las Vegas,10,24,GAS,ZHO,1,1
2023,Las Vegas,10,31,GAS,OCO,2,1
2023,Las Vegas,10,55,GAS,SAI,1,0
2023,Las Vegas,10,63,GAS,RUS,2,0
2023,Las Vegas,10,81,GAS,PIA,1,0
2023,Las Vegas,11,1,PER,VER,1,0
2023,Las Vegas,11,2,PER,SAR,1,0
2023,Las Vegas,11,3,PER,RIC,1,1
2023,Las Vegas,11,4,PER,NOR,1,0
2023,Las Vegas,11,10,PER,GAS,1,0
2023,Las Vegas,11,14,PER,ALO,1,0
2023,Las Vegas,11,16,PER,LEC,3,2
2023,Las Vegas,11,18,PER,STR,1,1
2023,Las Vegas,11,20,PER,MAG,1,0
2023,Las Vegas,11,22,PER,TSU,1,0
2023,Las Vegas,11,23,PER,ALB,1,0
2023,Las Vegas,11,24,PER,ZHO,1,1
2023,Las Vegas,11,27,PER,HUL,1,0
2023,Las Vegas,11,31,PER,OCO,1,1
2023,Las Vegas,11,44,PER,HAM,2,1
2023,Las Vegas,11,55,PER,SAI,2,1
2023,Las Vegas,11,63,PER,RUS,1,0
2023,Las Vegas,11,77,PER,BOT,1,0
2023,Las Vegas,11,81,PER,PIA,1,0
2023,Las Vegas,14,1,ALO,VER,1,0
2023,Las Vegas,14,2,ALO,SAR,2,1
2023,Las Vegas,14,3,ALO,RIC,1,1
2023,Las Vegas,14,4,ALO,NOR,1,0
2023,Las Vegas,14,10,ALO,GAS,2,1
2023,Las Vegas,14,20,ALO,MAG,1,0
2023,Las Vegas,14,22,ALO,TSU,1,0
2023,Las Vegas,14,23,ALO,ALB,2,1
2023,Las Vegas,14,24,ALO,ZHO,1,1
2023,Las Vegas,14,27,ALO,HUL,1,0
2023,Las Vegas,14,31,ALO,OCO,1,0
2023,Las Vegas,14,44,ALO,HAM,1,0
2023,Las Vegas,14,55,ALO,SAI,2,2
2023,Las Vegas,14,63,ALO,RUS,1,0
2023,Las Vegas,14,77,ALO,BOT,1,1
2023,Las Vegas,14,81,ALO,PIA,2,0
2023,Las Vegas,16,1,LEC,VER,1,0
2023,Las Vegas,16,11,LEC,PER,3,2
2023,Las Vegas,16,18,LEC,STR,1,1
2023,Las Vegas,18,1,STR,VER,1,0
2023,Las Vegas,18,2,STR,SAR,1,0
2023,Las Vegas,18,3,STR,RIC,2,1
2023,Las Vegas,18,4,STR,NOR,1,0
2023,Las Vegas,18,10,STR,GAS,2,1
2023,Las Vegas,18,11,STR,PER,1,0
2023,Las Vegas,18,14,STR,ALO,1,0
2023,Las Vegas,18,16,STR,LEC,1,0
2023,Las Vegas,18,20,STR,MAG,1,0
2023,Las Vegas,18,22,STR,TSU,1,0
2023,Las Vegas,18,23,STR,ALB,2,1
2023,Las Vegas,18,24,STR,ZHO,2,1
2023,Las Vegas,18,27,STR,HUL,2,0
2023,Las Vegas,18,31,STR,OCO,1,0
2023,Las Vegas,18,44,STR,HAM,2,1
2023,Las Vegas,18,55,STR,SAI,1,0
2023,Las Vegas,18,63,STR,RUS,1,0
2023,Las Vegas,18,77,STR,BOT,1,0
2023,Las Vegas,18,81,STR,PIA,3,0
2023,Las Vegas,20,2,MAG,SAR,2,2
2023,Las Vegas,20,3,MAG,RIC,1,0
2023,Las Vegas,20,24,MAG,ZHO,2,1
2023,Las Vegas,20,31,MAG,OCO,1,1
2023,Las Vegas,20,44,MAG,HAM,1,0
2023,Las Vegas,20,77,MAG,BOT,2,2
2023,Las Vegas,20,81,MAG,PIA,1,1
2023,Las Vegas,22,3,TSU,RIC,2,0
2023,Las Vegas,22,4,TSU,NOR,1,0
2023,Las Vegas,22,11,TSU,PER,1,0
2023,Las Vegas,22,14,TSU,ALO,1,0
2023,Las Vegas,22,18,TSU,STR,1,0
2023,Las Vegas,22,24,TSU,ZHO,1,0
2023,Las Vegas,22,27,TSU,HUL,2,1
2023,Las Vegas,22,44,TSU,HAM,3,1
2023,Las Vegas,22,55,TSU,SAI,1,0
2023,Las Vegas,22,77,TSU,BOT,3,2
2023,Las Vegas,22,81,TSU,PIA,2,1
2023,Las Vegas,23,3,ALB,RIC,1,0
2023,Las Vegas,23,14,ALB,ALO,1,0
2023,Las Vegas,23,18,ALB,STR,1,1
2023,Las Vegas,23,24,ALB,ZHO,1,0
2023,Las Vegas,23,31,ALB,OCO,1,0
2023,Las Vegas,23,44,ALB,HAM,1,0
2023,Las Vegas,23,55,ALB,SAI,1,0
2023,Las Vegas,23,63,ALB,RUS,2,0
2023,Las Vegas,23,81,ALB,PIA,1,0
2023,Las Vegas,24,1,ZHO,VER,1,0
2023,Las Vegas,24,2,ZHO,SAR,2,1
2023,Las Vegas,24,3,ZHO,RIC,1,1
2023,Las Vegas,24,4,ZHO,NOR,2,1
2023,Las Vegas,24,10,ZHO,GAS,1,0
2023,Las Vegas,24,11,ZHO,PER,1,0
2023,Las Vegas,24,14,ZHO,ALO,1,0
2023,Las Vegas,24,18,ZHO,STR,1,0
2023,Las Vegas,24,20,ZHO,MAG,2,0
2023,Las Vegas,24,22,ZHO,TSU,1,1
2023,Las Vegas,24,23,ZHO,ALB,1,0
2023,Las Vegas,24,27,ZHO,HUL,1,1
2023,Las Vegas,24,31,ZHO,OCO,1,0
2023,Las Vegas,24,44,ZHO,HAM,1,0
2023,Las Vegas,24,55,ZHO,SAI,1,0
2023,Las Vegas,24,63,ZHO,RUS,1,0
2023,Las Vegas,24,77,ZHO,BOT,1,0
2023,Las Vegas,24,81,ZHO,PIA,1,0
2023,Las Vegas,27,2,HUL,SAR,1,1
2023,Las Vegas,27,3,HUL,RIC,2,1
2023,Las Vegas,27,11,HUL,PER,1,0
2023,Las Vegas,27,14,HUL,ALO,1,0
2023,Las Vegas,27,18,HUL,STR,1,0
2023,Las Vegas,27,22,HUL,TSU,1,1
2023,Las Vegas,27,44,HUL,HAM,2,0
2023,Las Vegas,27,55,HUL,SAI,1,0
2023,Las Vegas,27,77,HUL,BOT,2,1
2023,Las Vegas,31,1,OCO,VER,2,0
2023,Las Vegas,31,2,OCO,SAR,1,1
2023,Las Vegas,31,3,OCO,RIC,1,0
2023,Las Vegas,31,4,OCO,NOR,1,0
2023,Las Vegas,31,10,OCO,GAS,3,2
2023,Las Vegas,31,11,OCO,PER,1,0
2023,Las Vegas,31,14,OCO,ALO,2,0
2023,Las Vegas,31,18,OCO,STR,1,0
2023,Las Vegas,31,20,OCO,MAG,2,1
2023,Las Vegas,31,23,OCO,ALB,2,1
2023,Las Vegas,31,24,OCO,ZHO,1,1
2023,Las Vegas,31,27,OCO,HUL,1,0
2023,Las Vegas,31,44,OCO,HAM,1,0
2023,Las Vegas,31,55,OCO,SAI,2,0
2023,Las Vegas,31,63,OCO,RUS,2,0
2023,Las Vegas,31,77,OCO,BOT,1,0
2023,Las Vegas,31,81,OCO,PIA,1,0
2023,Las Vegas,44,1,HAM,VER,1,0
2023,Las Vegas,44,2,HAM,SAR,2,2
2023,Las Vegas,44,3,HAM,RIC,2,1
2023,Las Vegas,44,4,HAM,NOR,1,1
2023,Las Vegas,44,10,HAM,GAS,1,1
2023,Las Vegas,44,11,HAM,PER,1,0
2023,Las Vegas,44,14,HAM,ALO,2,1
2023,Las Vegas,44,18,HAM,STR,1,0
2023,Las Vegas,44,20,HAM,MAG,2,2
2023,Las Vegas,44,22,HAM,TSU,3,2
2023,Las Vegas,44,23,HAM,ALB,2,1
2023,Las Vegas,44,24,HAM,ZHO,1,1
2023,Las Vegas,44,27,HAM,HUL,2,2
2023,Las Vegas,44,63,HAM,RUS,1,0
2023,Las Vegas,44,77,HAM,BOT,2,0
2023,Las Vegas,44,81,HAM,PIA,2,0
2023,Las Vegas,55,1,SAI,VER,1,0
2023,Las Vegas,55,2,SAI,SAR,2,0
2023,Las Vegas,55,3,SAI,RIC,1,1
2023,Las Vegas,55,4,SAI,NOR,1,0
2023,Las Vegas,55,10,SAI,GAS,2,1
2023,Las Vegas,55,11,SAI,PER,2,1
2023,Las Vegas,55,14,SAI,ALO,3,3
2023,Las Vegas,55,20,SAI,MAG,1,0
2023,Las Vegas,55,22,SAI,TSU,1,0
2023,Las Vegas,55,23,SAI,ALB,2,1
2023,Las Vegas,55,24,SAI,ZHO,1,1
2023,Las Vegas,55,27,SAI,HUL,1,0
2023,Las Vegas,55,31,SAI,OCO,1,0
2023,Las Vegas,55,44,SAI,HAM,1,0
2023,Las Vegas,55,63,SAI,RUS,2,1
2023,Las Vegas,55,77,SAI,BOT,1,1
2023,Las Vegas,55,81,SAI,PIA,2,0
2023,Las Vegas,63,1,RUS,VER,1,0
2023,Las Vegas,63,10,RUS,GAS,2,1
2023,Las Vegas,63,14,RUS,ALO,1,1
2023,Las Vegas,63,18,RUS,STR,1,1
2023,Las Vegas,63,23,RUS,ALB,2,1
2023,Las Vegas,63,24,RUS,ZHO,1,1
2023,Las Vegas,63,31,RUS,OCO,2,1
2023,Las Vegas,63,44,RUS,HAM,1,0
2023,Las Vegas,63,55,RUS,SAI,2,2
2023,Las Vegas,63,81,RUS,PIA,2,0
2023,Las Vegas,77,2,BOT,SAR,1,0
2023,Las Vegas,77,3,BOT,RIC,1,0
2023,Las Vegas,77,4,BOT,NOR,1,0
2023,Las Vegas,77,20,BOT,MAG,1,0
2023,Las Vegas,77,22,BOT,TSU,3,2
2023,Las Vegas,77,27,BOT,HUL,2,1
2023,Las Vegas,77,44,BOT,HAM,1,0
2023,Las Vegas,77,81,BOT,PIA,1,0
2023,Las Vegas,81,1,PIA,VER,1,0
2023,Las Vegas,81,2,PIA,SAR,2,2
2023,Las Vegas,81,3,PIA,RIC,2,0
2023,Las Vegas,81,4,PIA,NOR,1,0
2023,Las Vegas,81,10,PIA,GAS,2,2
2023,Las Vegas,81,11,PIA,PER,1,0
2023,Las Vegas,81,14,PIA,ALO,2,0
2023,Las Vegas,81,18,PIA,STR,2,0
2023,Las Vegas,81,20,PIA,MAG,2,2
2023,Las Vegas,81,22,PIA,TSU,2,2
2023,Las Vegas,81,23,PIA,ALB,2,1
2023,Las Vegas,81,24,PIA,ZHO,2,1
2023,Las Vegas,81,27,PIA,HUL,1,1
2023,Las Vegas,81,31,PIA,OCO,1,0
2023,Las Vegas,81,44,PIA,HAM,2,0
2023,Las Vegas,81,55,PIA,SAI,2,0
2023,Las Vegas,81,63,PIA,RUS,2,0
2023,Las Vegas,81,77,PIA,BOT,2,1
2023,Lusail,1,2,VER,SAR,2,0
2023,Lusail,1,4,VER,NOR,2,1
2023,Lusail,1,10,VER,GAS,3,0
2023,Lusail,1,11,VER,PER,2,0
2023,Lusail,1,14,VER,ALO,2,0
2023,Lusail,1,16,VER,LEC,4,1
2023,Lusail,1,18,VER,STR,3,0
2023,Lusail,1,20,VER,MAG,2,0
2023,Lusail,1,22,VER,TSU,2,0
2023,Lusail,1,23,VER,ALB,3,0
2023,Lusail,1,24,VER,ZHO,3,0
2023,Lusail,1,27,VER,HUL,3,0
2023,Lusail,1,31,VER,OCO,3,0
2023,Lusail,1,40,VER,LAW,3,0
2023,Lusail,1,44,VER,HAM,2,0
2023,Lusail,1,55,VER,SAI,2,1
2023,Lusail,1,63,VER,RUS,1,1
2023,Lusail,1,77,VER,BOT,3,0
2023,Lusail,1,81,VER,PIA,1,0
2023,Lusail,2,1,SAR,VER,2,0
2023,Lusail,2,4,SAR,NOR,1,0
2023,Lusail,2,10,SAR,GAS,1,0
2023,Lusail,2,14,SAR,ALO,2,0
2023,Lusail,2,16,SAR,LEC,2,0
2023,Lusail,2,18,SAR,STR,2,0
2023,Lusail,2,20,SAR,MAG,5,2
2023,Lusail,2,22,SAR,TSU,3,1
2023,Lusail,2,23,SAR,ALB,1,1
2023,Lusail,2,24,SAR,ZHO,1,0
2023,Lusail,2,27,SAR,HUL,2,0
2023,Lusail,2,31,SAR,OCO,2,0
2023,Lusail,2,40,SAR,LAW,3,0
2023,Lusail,2,44,SAR,HAM,2,0
2023,Lusail,2,55,SAR,SAI,1,0
2023,Lusail,2,63,SAR,RUS,3,0
2023,Lusail,2,77,SAR,BOT,2,0
2023,Lusail,2,81,SAR,PIA,2,0
2023,Lusail,4,1,NOR,VER,1,0
2023,Lusail,4,2,NOR,SAR,1,0
2023,Lusail,4,10,NOR,GAS,2,0
2023,Lusail,4,11,NOR,PER,3,0
2023,Lusail,4,14,NOR,ALO,4,0
2023,Lusail,4,16,NOR,LEC,6,4
2023,Lusail,4,18,NOR,STR,2,1
2023,Lusail,4,20,NOR,MAG,2,1
2023,Lusail,4,22,NOR,TSU,1,0
2023,Lusail,4,23,NOR,ALB,3,0
2023,Lusail,4,24,NOR,ZHO,3,1
2023,Lusail,4,27,NOR,HUL,1,0
2023,Lusail,4,31,NOR,OCO,2,0
2023,Lusail,4,40,NOR,LAW,2,1
2023,Lusail,4,44,NOR,HAM,3,0
2023,Lusail,4,55,NOR,SAI,1,1
2023,Lusail,4,63,NOR,RUS,6,1
2023,Lusail,4,77,NOR,BOT,3,0
2023,Lusail,4,81,NOR,PIA,3,0
2023,Lusail,10,1,GAS,VER,2,0
2023,Lusail,10,2,GAS,SAR,1,0
2023,Lusail,10,4,GAS,NOR,1,0
2023,Lusail,10,11,GAS,PER,6,3
2023,Lusail,10,14,GAS,ALO,1,0
2023,Lusail,10,16,GAS,LEC,2,0
2023,Lusail,10,18,GAS,STR,3,2
2023,Lusail,10,20,GAS,MAG,1,0
2023,Lusail,10,23,GAS,ALB,2,0
2023,Lusail,10,24,GAS,ZHO,3,0
2023,Lusail,10,27,GAS,HUL,3,0
2023,Lusail,10,31,GAS,OCO,4,0
2023,Lusail,10,40,GAS,LAW,1,1
2023,Lusail,10,44,GAS,HAM,4,1
2023,Lusail,10,63,GAS,RUS,4,0
2023,Lusail,10,77,GAS,BOT,3,0
2023,Lusail,10,81,GAS,PIA,2,0
2023,Lusail,11,1,PER,VER,1,0
2023,Lusail,11,2,PER,SAR,1,0
2023,Lusail,11,4,PER,NOR,3,0
2023,Lusail,11,10,PER,GAS,5,3
2023,Lusail,11,14,PER,ALO,2,0
2023,Lusail,11,16,PER,LEC,2,0
2023,Lusail,11,18,PER,STR,3,0
2023,Lusail,11,20,PER,MAG,1,0
2023,Lusail,11,22,PER,TSU,2,1
2023,Lusail,11,23,PER,ALB,2,1
2023,Lusail,11,24,PER,ZHO,4,1
2023,Lusail,11,27,PER,HUL,1,0
2023,Lusail,11,31,PER,OCO,2,0
2023,Lusail,11,40,PER,LAW,1,0
2023,Lusail,11,44,PER,HAM,1,0
2023,Lusail,11,55,PER,SAI,1,0
2023,Lusail,11,63,PER,RUS,3,0
2023,Lusail,11,77,PER,BOT,3,0
2023,Lusail,11,81,PER,PIA,3,0
2023,Lusail,14,1,ALO,VER,1,0
2023,Lusail,14,2,ALO,SAR,2,0
2023,Lusail,14,4,ALO,NOR,3,0
2023,Lusail,14,10,ALO,GAS,1,0
2023,Lusail,14,11,ALO,PER,3,0
2023,Lusail,14,16,ALO,LEC,4,0
2023,Lusail,14,18,ALO,STR,3,0
2023,Lusail,14,20,ALO,MAG,2,1
2023,Lusail,14,22,ALO,TSU,1,0
2023,Lusail,14,23,ALO,ALB,3,0
2023,Lusail,14,24,ALO,ZHO,5,0
2023,Lusail,14,27,ALO,HUL,3,1
2023,Lusail,14,31,ALO,OCO,2,1
2023,Lusail,14,40,ALO,LAW,2,1
2023,Lusail,14,44,ALO,HAM,1,0
2023,Lusail,14,63,ALO,RUS,4,0
2023,Lusail,14,77,ALO,BOT,3,1
2023,Lusail,14,81,ALO,PIA,3,0
2023,Lusail,16,1,LEC,VER,3,0
2023,Lusail,16,2,LEC,SAR,2,0
2023,Lusail,16,4,LEC,NOR,5,2
2023,Lusail,16,10,LEC,GAS,2,0
2023,Lusail,16,11,LEC,PER,2,0
2023,Lusail,16,14,LEC,ALO,5,2
2023,Lusail,16,18,LEC,STR,2,1
2023,Lusail,16,20,LEC,MAG,1,1
2023,Lusail,16,23,LEC,ALB,2,0
2023,Lusail,16,24,LEC,ZHO,2,0
2023,Lusail,16,27,LEC,HUL,2,0
2023,Lusail,16,31,LEC,OCO,1,1
2023,Lusail,16,40,LEC,LAW,1,1
2023,Lusail,16,44,LEC,HAM,2,0
2023,Lusail,16,63,LEC,RUS,4,0
2023,Lusail,16,77,LEC,BOT,2,1
2023,Lusail,16,81,LEC,PIA,1,0
2023,Lusail,18,1,STR,VER,3,0
2023,Lusail,18,2,STR,SAR,4,0
2023,Lusail,18,4,STR,NOR,3,0
2023,Lusail,18,10,STR,GAS,4,1
2023,Lusail,18,11,STR,PER,4,0
2023,Lusail,18,14,STR,ALO,3,0
2023,Lusail,18,16,STR,LEC,2,0
2023,Lusail,18,20,STR,MAG,4,3
2023,Lusail,18,22,STR,TSU,4,0
2023,Lusail,18,23,STR,ALB,4,0
2023,Lusail,18,24,STR,ZHO,5,0
2023,Lusail,18,27,STR,HUL,3,0
2023,Lusail,18,31,STR,OCO,3,0
2023,Lusail,18,40,STR,LAW,2,0
2023,Lusail,18,44,STR,HAM,2,0
2023,Lusail,18,55,STR,SAI,1,0
2023,Lusail,18,63,STR,RUS,4,0
2023,Lusail,18,77,STR,BOT,3,3
2023,Lusail,18,81,STR,PIA,2,0
2023,Lusail,20,1,MAG,VER,2,0
2023,Lusail,20,2,MAG,SAR,7,1
2023,Lusail,20,4,MAG,NOR,2,0
2023,Lusail,20,10,MAG,GAS,1,0
2023,Lusail,20,11,MAG,PER,2,0
2023,Lusail,20,14,MAG,ALO,2,0
2023,Lusail,20,16,MAG,LEC,1,0
2023,Lusail,20,18,MAG,STR,3,1
2023,Lusail,20,22,MAG,TSU,5,0
2023,Lusail,20,23,MAG,ALB,4,1
2023,Lusail,20,24,MAG,ZHO,5,1
2023,Lusail,20,27,MAG,HUL,4,0
2023,Lusail,20,31,MAG,OCO,2,0
2023,Lusail,20,40,MAG,LAW,3,1
2023,Lusail,20,44,MAG,HAM,3,0
2023,Lusail,20,55,MAG,SAI,1,0
2023,Lusail,20,63,MAG,RUS,4,0
2023,Lusail,20,81,MAG,PIA,2,0
2023,Lusail,22,1,TSU,VER,2,0
2023,Lusail,22,2,TSU,SAR,4,1
2023,Lusail,22,4,TSU,NOR,1,0
2023,Lusail,22,11,TSU,PER,3,0
2023,Lusail,22,14,TSU,ALO,1,0
2023,Lusail,22,18,TSU,STR,4,0
2023,Lusail,22,20,TSU,MAG,4,0
2023,Lusail,22,23,TSU,ALB,4,2
2023,Lusail,22,24,TSU,ZHO,4,0
2023,Lusail,22,27,TSU,HUL,3,0
2023,Lusail,22,31,TSU,OCO,1,0
2023,Lusail,22,40,TSU,LAW,3,0
2023,Lusail,22,44,TSU,HAM,3,0
2023,Lusail,22,63,TSU,RUS,3,0
2023,Lusail,22,77,TSU,BOT,5,1
2023,Lusail,22,81,TSU,PIA,1,0
2023,Lusail,23,1,ALB,VER,3,0
2023,Lusail,23,2,ALB,SAR,1,1
2023,Lusail,23,4,ALB,NOR,3,0
2023,Lusail,23,10,ALB,GAS,3,1
2023,Lusail,23,11,ALB,PER,2,0
2023,Lusail,23,14,ALB,ALO,4,1
2023,Lusail,23,16,ALB,LEC,2,0
2023,Lusail,23,18,ALB,STR,3,0
2023,Lusail,23,20,ALB,MAG,3,2
2023,Lusail,23,22,ALB,TSU,5,3
2023,Lusail,23,24,ALB,ZHO,2,0
2023,Lusail,23,27,ALB,HUL,2,0
2023,Lusail,23,31,ALB,OCO,4,0
2023,Lusail,23,40,ALB,LAW,2,0
2023,Lusail,23,44,ALB,HAM,2,0
2023,Lusail,23,55,ALB,SAI,1,0
2023,Lusail,23,63,ALB,RUS,4,0
2023,Lusail,23,77,ALB,BOT,4,1
2023,Lusail,23,81,ALB,PIA,3,0
2023,Lusail,24,1,ZHO,VER,2,0
2023,Lusail,24,2,ZHO,SAR,2,1
2023,Lusail,24,4,ZHO,NOR,3,0
2023,Lusail,24,10,ZHO,GAS,3,0
2023,Lusail,24,11,ZHO,PER,4,0
2023,Lusail,24,14,ZHO,ALO,5,1
2023,Lusail,24,16,ZHO,LEC,2,0
2023,Lusail,24,18,ZHO,STR,4,0
2023,Lusail,24,20,ZHO,MAG,4,0
2023,Lusail,24,22,ZHO,TSU,3,1
2023,Lusail,24,23,ZHO,ALB,2,0
2023,Lusail,24,27,ZHO,HUL,2,0
2023,Lusail,24,31,ZHO,OCO,4,0
2023,Lusail,24,40,ZHO,LAW,5,0
2023,Lusail,24,44,ZHO,HAM,2,0
2023,Lusail,24,55,ZHO,SAI,1,0
2023,Lusail,24,63,ZHO,RUS,5,0
2023,Lusail,24,77,ZHO,BOT,3,0
2023,Lusail,24,81,ZHO,PIA,2,0
2023,Lusail,27,1,HUL,VER,2,0
2023,Lusail,27,2,HUL,SAR,2,1
2023,Lusail,27,4,HUL,NOR,1,0
2023,Lusail,27,10,HUL,GAS,2,0
2023,Lusail,27,14,HUL,ALO,2,0
2023,Lusail,27,16,HUL,LEC,2,0
2023,Lusail,27,18,HUL,STR,1,0
2023,Lusail,27,20,HUL,MAG,1,0
2023,Lusail,27,22,HUL,TSU,2,1
2023,Lusail,27,23,HUL,ALB,1,0
2023,Lusail,27,31,HUL,OCO,3,0
2023,Lusail,27,40,HUL,LAW,2,1
2023,Lusail,27,44,HUL,HAM,2,0
2023,Lusail,27,55,HUL,SAI,1,0
2023,Lusail,27,63,HUL,RUS,3,0
2023,Lusail,27,77,HUL,BOT,1,0
2023,Lusail,27,81,HUL,PIA,2,0
2023,Lusail,31,1,OCO,VER,2,0
2023,Lusail,31,2,OCO,SAR,2,0
2023,Lusail,31,4,OCO,NOR,1,0
2023,Lusail,31,10,OCO,GAS,4,0
2023,Lusail,31,11,OCO,PER,3,1
2023,Lusail,31,14,OCO,ALO,2,1
2023,Lusail,31,16,OCO,LEC,1,0
2023,Lusail,31,18,OCO,STR,2,1
2023,Lusail,31,20,OCO,MAG,1,0
2023,Lusail,31,23,OCO,ALB,3,0
2023,Lusail,31,24,OCO,ZHO,3,0
2023,Lusail,31,27,OCO,HUL,3,1
2023,Lusail,31,40,OCO,LAW,1,1
2023,Lusail,31,44,OCO,HAM,3,0
2023,Lusail,31,63,OCO,RUS,4,0
2023,Lusail,31,77,OCO,BOT,2,1
2023,Lusail,31,81,OCO,PIA,1,0
2023,Lusail,40,1,LAW,VER,2,0
2023,Lusail,40,2,LAW,SAR,4,0
2023,Lusail,40,4,LAW,NOR,2,0
2023,Lusail,40,10,LAW,GAS,1,0
2023,Lusail,40,11,LAW,PER,1,0
2023,Lusail,40,14,LAW,ALO,2,0
2023,Lusail,40,16,LAW,LEC,1,0
2023,Lusail,40,18,LAW,STR,1,0
2023,Lusail,40,22,LAW,TSU,2,0
2023,Lusail,40,23,LAW,ALB,2,0
2023,Lusail,40,24,LAW,ZHO,4,0
2023,Lusail,40,27,LAW,HUL,3,0
2023,Lusail,40,31,LAW,OCO,1,0
2023,Lusail,40,44,LAW,HAM,3,0
2023,Lusail,40,55,LAW,SAI,1,0
2023,Lusail,40,63,LAW,RUS,4,0
2023,Lusail,40,77,LAW,BOT,1,0
2023,Lusail,40,81,LAW,PIA,2,0
2023,Lusail,44,1,HAM,VER,1,0
2023,Lusail,44,2,HAM,SAR,1,0
2023,Lusail,44,4,HAM,NOR,2,0
2023,Lusail,44,10,HAM,GAS,4,2
2023,Lusail,44,11,HAM,PER,1,0
2023,Lusail,44,14,HAM,ALO,1,1
2023,Lusail,44,16,HAM,LEC,2,1
2023,Lusail,44,18,HAM,STR,1,0
2023,Lusail,44,20,HAM,MAG,3,0
2023,Lusail,44,22,HAM,TSU,1,0
2023,Lusail,44,23,HAM,ALB,1,0
2023,Lusail,44,24,HAM,ZHO,1,0
2023,Lusail,44,27,HAM,HUL,2,0
2023,Lusail,44,31,HAM,OCO,3,0
2023,Lusail,44,40,HAM,LAW,2,0
2023,Lusail,44,55,HAM,SAI,1,1
2023,Lusail,44,63,HAM,RUS,1,0
2023,Lusail,44,77,HAM,BOT,2,1
2023,Lusail,44,81,HAM,PIA,2,0
2023,Lusail,55,1,SAI,VER,1,0
2023,Lusail,55,4,SAI,NOR,1,0
2023,Lusail,55,63,SAI,RUS,2,0
2023,Lusail,55,81,SAI,PIA,2,1
2023,Lusail,63,2,RUS,SAR,2,1
2023,Lusail,63,4,RUS,NOR,4,0
2023,Lusail,63,10,RUS,GAS,3,1
2023,Lusail,63,11,RUS,PER,2,1
2023,Lusail,63,14,RUS,ALO,3,0
2023,Lusail,63,16,RUS,LEC,3,0
2023,Lusail,63,18,RUS,STR,3,0
2023,Lusail,63,20,RUS,MAG,3,1
2023,Lusail,63,22,RUS,TSU,2,0
2023,Lusail,63,23,RUS,ALB,3,1
2023,Lusail,63,24,RUS,ZHO,4,2
2023,Lusail,63,27,RUS,HUL,2,0
2023,Lusail,63,31,RUS,OCO,3,0
2023,Lusail,63,40,RUS,LAW,3,1
2023,Lusail,63,55,RUS,SAI,1,1
2023,Lusail,63,77,RUS,BOT,4,0
2023,Lusail,63,81,RUS,PIA,5,1
2023,Lusail,77,1,BOT,VER,2,0
2023,Lusail,77,2,BOT,SAR,3,0
2023,Lusail,77,4,BOT,NOR,2,0
2023,Lusail,77,10,BOT,GAS,4,0
2023,Lusail,77,11,BOT,PER,5,0
2023,Lusail,77,14,BOT,ALO,3,1
2023,Lusail,77,16,BOT,LEC,2,0
2023,Lusail,77,18,BOT,STR,3,2
2023,Lusail,77,20,BOT,MAG,1,0
2023,Lusail,77,22,BOT,TSU,4,0
2023,Lusail,77,23,BOT,ALB,4,0
2023,Lusail,77,24,BOT,ZHO,4,0
2023,Lusail,77,27,BOT,HUL,3,0
2023,Lusail,77,31,BOT,OCO,3,0
2023,Lusail,77,40,BOT,LAW,2,0
2023,Lusail,77,44,BOT,HAM,4,0
2023,Lusail,77,63,BOT,RUS,5,0
2023,Lusail,77,81,BOT,PIA,2,0
2023,Lusail,81,1,PIA,VER,1,0
2023,Lusail,81,2,PIA,SAR,2,0
2023,Lusail,81,4,PIA,NOR,3,0
2023,Lusail,81,10,PIA,GAS,2,0
2023,Lusail,81,11,PIA,PER,3,0
2023,Lusail,81,14,PIA,ALO,4,0
2023,Lusail,81,16,PIA,LEC,2,0
2023,Lusail,81,18,PIA,STR,2,1
2023,Lusail,81,20,PIA,MAG,2,0
2023,Lusail,81,22,PIA,TSU,1,0
2023,Lusail,81,23,PIA,ALB,3,1
2023,Lusail,81,24,PIA,ZHO,2,0
2023,Lusail,81,27,PIA,HUL,2,0
2023,Lusail,81,31,PIA,OCO,1,0
2023,Lusail,81,40,PIA,LAW,2,0
2023,Lusail,81,44,PIA,HAM,3,0
2023,Lusail,81,55,PIA,SAI,2,1
2023,Lusail,81,63,PIA,RUS,6,1
2023,Lusail,81,77,PIA,BOT,2,1
2023,Melbourne,1,44,VER,HAM,1,0
2023,Melbourne,1,63,VER,RUS,1,0
2023,Melbourne,2,11,SAR,PER,2,0
2023,Melbourne,2,16,SAR,LEC,1,1
2023,Melbourne,2,20,SAR,MAG,2,0
2023,Melbourne,2,21,SAR,DEV,3,1
2023,Melbourne,2,23,SAR,ALB,1,1
2023,Melbourne,2,63,SAR,RUS,1,0
2023,Melbourne,2,77,SAR,BOT,2,0
2023,Melbourne,4,10,NOR,GAS,1,0
2023,Melbourne,4,11,NOR,PER,1,0
2023,Melbourne,4,14,NOR,ALO,1,0
2023,Melbourne,4,16,NOR,LEC,1,0
2023,Melbourne,4,18,NOR,STR,1,0
2023,Melbourne,4,22,NOR,TSU,3,1
2023,Melbourne,4,23,NOR,ALB,1,1
2023,Melbourne,4,27,NOR,HUL,2,1
2023,Melbourne,4,31,NOR,OCO,1,0
2023,Melbourne,4,55,NOR,SAI,2,0
2023,Melbourne,4,63,NOR,RUS,2,0
2023,Melbourne,10,14,GAS,ALO,1,0
2023,Melbourne,10,16,GAS,LEC,1,0
2023,Melbourne,10,18,GAS,STR,1,0
2023,Melbourne,10,23,GAS,ALB,2,2
2023,Melbourne,10,55,GAS,SAI,2,1
2023,Melbourne,10,63,GAS,RUS,2,0
2023,Melbourne,11,2,PER,SAR,3,1
2023,Melbourne,11,4,PER,NOR,2,0
2023,Melbourne,11,10,PER,GAS,1,0
2023,Melbourne,11,14,PER,ALO,1,0
2023,Melbourne,11,16,PER,LEC,1,1
2023,Melbourne,11,18,PER,STR,2,2
2023,Melbourne,11,20,PER,MAG,2,0
2023,Melbourne,11,21,PER,DEV,1,0
2023,Melbourne,11,22,PER,TSU,2,0
2023,Melbourne,11,23,PER,ALB,1,1
2023,Melbourne,11,24,PER,ZHO,4,1
2023,Melbourne,11,27,PER,HUL,2,0
2023,Melbourne,11,31,PER,OCO,3,0
2023,Melbourne,11,55,PER,SAI,1,0
2023,Melbourne,11,63,PER,RUS,1,0
2023,Melbourne,11,77,PER,BOT,4,2
2023,Melbourne,11,81,PER,PIA,2,0
2023,Melbourne,14,4,ALO,NOR,1,0
2023,Melbourne,14,10,ALO,GAS,1,1
2023,Melbourne,14,11,ALO,PER,1,0
2023,Melbourne,14,18,ALO,STR,1,1
2023,Melbourne,14,22,ALO,TSU,1,0
2023,Melbourne,14,24,ALO,ZHO,1,0
2023,Melbourne,14,27,ALO,HUL,1,0
2023,Melbourne,14,31,ALO,OCO,1,1
2023,Melbourne,14,55,ALO,SAI,2,0
2023,Melbourne,14,63,ALO,RUS,1,0
2023,Melbourne,14,77,ALO,BOT,1,0
2023,Melbourne,14,81,ALO,PIA,1,0
2023,Melbourne,16,18,LEC,STR,1,1
2023,Melbourne,18,4,STR,NOR,1,0
2023,Melbourne,18,10,STR,GAS,1,0
2023,Melbourne,18,11,STR,PER,2,0
2023,Melbourne,18,14,STR,ALO,1,0
2023,Melbourne,18,16,STR,LEC,1,0
2023,Melbourne,18,22,STR,TSU,1,0
2023,Melbourne,18,23,STR,ALB,1,1
2023,Melbourne,18,24,STR,ZHO,1,0
2023,Melbourne,18,27,STR,HUL,1,0
2023,Melbourne,18,55,STR,SAI,2,0
2023,Melbourne,18,63,STR,RUS,2,0
2023,Melbourne,18,77,STR,BOT,1,0
2023,Melbourne,18,81,STR,PIA,1,0
2023,Melbourne,20,2,MAG,SAR,1,0
2023,Melbourne,20,11,MAG,PER,1,0
2023,Melbourne,20,16,MAG,LEC,1,0
2023,Melbourne,20,21,MAG,DEV,1,0
2023,Melbourne,20,22,MAG,TSU,1,0
2023,Melbourne,20,23,MAG,ALB,1,1
2023,Melbourne,20,24,MAG,ZHO,1,0
2023,Melbourne,20,31,MAG,OCO,1,0
2023,Melbourne,20,63,MAG,RUS,1,0
2023,Melbourne,20,77,MAG,BOT,1,0
2023,Melbourne,21,2,DEV,SAR,3,2
2023,Melbourne,21,16,DEV,LEC,1,1
2023,Melbourne,21,20,DEV,MAG,2,0
2023,Melbourne,21,23,DEV,ALB,1,1
2023,Melbourne,21,24,DEV,ZHO,2,0
2023,Melbourne,21,31,DEV,OCO,3,0
2023,Melbourne,21,55,DEV,SAI,1,0
2023,Melbourne,21,63,DEV,RUS,1,0
2023,Melbourne,21,77,DEV,BOT,1,0
2023,Melbourne,22,4,TSU,NOR,2,0
2023,Melbourne,22,10,TSU,GAS,1,0
2023,Melbourne,22,11,TSU,PER,1,0
2023,Melbourne,22,14,TSU,ALO,1,0
2023,Melbourne,22,16,TSU,LEC,1,0
2023,Melbourne,22,18,TSU,STR,1,0
2023,Melbourne,22,20,TSU,MAG,1,0
2023,Melbourne,22,23,TSU,ALB,1,1
2023,Melbourne,22,24,TSU,ZHO,1,1
2023,Melbourne,22,31,TSU,OCO,2,0
2023,Melbourne,22,55,TSU,SAI,2,0
2023,Melbourne,22,63,TSU,RUS,2,0
2023,Melbourne,22,81,TSU,PIA,2,1
2023,Melbourne,23,10,ALB,GAS,1,0
2023,Melbourne,23,16,ALB,LEC,1,0
2023,Melbourne,23,18,ALB,STR,1,0
2023,Melbourne,24,10,ZHO,GAS,1,1
2023,Melbourne,24,11,ZHO,PER,3,0
2023,Melbourne,24,14,ZHO,ALO,1,0
2023,Melbourne,24,16,ZHO,LEC,1,0
2023,Melbourne,24,18,ZHO,STR,1,1
2023,Melbourne,24,20,ZHO,MAG,2,0
2023,Melbourne,24,21,ZHO,DEV,3,1
2023,Melbourne,24,22,ZHO,TSU,2,1
2023,Melbourne,24,23,ZHO,ALB,1,1
2023,Melbourne,24,31,ZHO,OCO,3,1
2023,Melbourne,24,55,ZHO,SAI,1,0
2023,Melbourne,24,63,ZHO,RUS,1,0
2023,Melbourne,24,81,ZHO,PIA,2,1
2023,Melbourne,27,4,HUL,NOR,1,1
2023,Melbourne,27,10,HUL,GAS,1,0
2023,Melbourne,27,11,HUL,PER,1,0
2023,Melbourne,27,14,HUL,ALO,1,0
2023,Melbourne,27,16,HUL,LEC,1,0
2023,Melbourne,27,18,HUL,STR,1,1
2023,Melbourne,27,23,HUL,ALB,1,1
2023,Melbourne,27,31,HUL,OCO,1,0
2023,Melbourne,27,55,HUL,SAI,1,0
2023,Melbourne,27,63,HUL,RUS,2,0
2023,Melbourne,31,11,OCO,PER,2,0
2023,Melbourne,31,14,OCO,ALO,1,0
2023,Melbourne,31,16,OCO,LEC,1,0
2023,Melbourne,31,20,OCO,MAG,1,0
2023,Melbourne,31,21,OCO,DEV,3,0
2023,Melbourne,31,22,OCO,TSU,1,0
2023,Melbourne,31,23,OCO,ALB,1,1
2023,Melbourne,31,24,OCO,ZHO,2,0
2023,Melbourne,31,27,OCO,HUL,1,1
2023,Melbourne,31,55,OCO,SAI,1,0
2023,Melbourne,31,63,OCO,RUS,1,0
2023,Melbourne,31,81,OCO,PIA,2,0
2023,Melbourne,44,1,HAM,VER,1,1
2023,Melbourne,44,55,HAM,SAI,1,1
2023,Melbourne,44,63,HAM,RUS,1,0
2023,Melbourne,55,4,SAI,NOR,2,0
2023,Melbourne,55,10,SAI,GAS,2,0
2023,Melbourne,55,11,SAI,PER,1,0
2023,Melbourne,55,14,SAI,ALO,2,1
2023,Melbourne,55,18,SAI,STR,2,1
2023,Melbourne,55,21,SAI,DEV,1,0
2023,Melbourne,55,22,SAI,TSU,2,0
2023,Melbourne,55,24,SAI,ZHO,1,0
2023,Melbourne,55,27,SAI,HUL,1,0
2023,Melbourne,55,31,SAI,OCO,1,0
2023,Melbourne,55,44,SAI,HAM,1,1
2023,Melbourne,55,63,SAI,RUS,1,0
2023,Melbourne,55,81,SAI,PIA,2,0
2023,Melbourne,63,1,RUS,VER,1,1
2023,Melbourne,63,4,RUS,NOR,1,0
2023,Melbourne,63,10,RUS,GAS,1,0
2023,Melbourne,63,18,RUS,STR,1,0
2023,Melbourne,63,22,RUS,TSU,1,0
2023,Melbourne,63,27,RUS,HUL,1,0
2023,Melbourne,63,81,RUS,PIA,1,0
2023,Melbourne,77,2,BOT,SAR,3,0
2023,Melbourne,77,10,BOT,GAS,1,0
2023,Melbourne,77,11,BOT,PER,3,0
2023,Melbourne,77,14,BOT,ALO,1,0
2023,Melbourne,77,16,BOT,LEC,1,1
2023,Melbourne,77,18,BOT,STR,1,1
2023,Melbourne,77,20,BOT,MAG,2,0
2023,Melbourne,77,21,BOT,DEV,2,0
2023,Melbourne,77,23,BOT,ALB,1,1
2023,Melbourne,77,31,BOT,OCO,1,0
2023,Melbourne,77,63,BOT,RUS,1,0
2023,Melbourne,81,10,PIA,GAS,1,1
2023,Melbourne,81,11,PIA,PER,1,0
2023,Melbourne,81,14,PIA,ALO,1,0
2023,Melbourne,81,16,PIA,LEC,1,0
2023,Melbourne,81,18,PIA,STR,1,0
2023,Melbourne,81,20,PIA,MAG,1,0
2023,Melbourne,81,21,PIA,DEV,1,1
2023,Melbourne,81,22,PIA,TSU,3,1
2023,Melbourne,81,23,PIA,ALB,1,1
2023,Melbourne,81,24,PIA,ZHO,2,1
2023,Melbourne,81,31,PIA,OCO,3,1
2023,Melbourne,81,55,PIA,SAI,2,0
2023,Melbourne,81,63,PIA,RUS,2,0
2023,Mexico City,1,3,VER,RIC,1,1
2023,Mexico City,1,11,VER,PER,1,1
2023,Mexico City,1,16,VER,LEC,3,2
2023,Mexico City,1,44,VER,HAM,1,0
2023,Mexico City,1,55,VER,SAI,2,2
2023,Mexico City,1,63,VER,RUS,1,1
2023,Mexico City,1,81,VER,PIA,1,1
2023,Mexico City,2,4,SAR,NOR,1,0
2023,Mexico City,2,11,SAR,PER,2,0
2023,Mexico City,2,14,SAR,ALO,4,1
2023,Mexico City,2,18,SAR,STR,3,0
2023,Mexico City,2,20,SAR,MAG,3,1
2023,Mexico City,2,22,SAR,TSU,4,0
2023,Mexico City,2,24,SAR,ZHO,3,0
2023,Mexico City,2,27,SAR,HUL,2,1
2023,Mexico City,2,31,SAR,OCO,1,1
2023,Mexico City,2,77,SAR,BOT,3,1
2023,Mexico City,3,1,RIC,VER,1,0
2023,Mexico City,3,10,RIC,GAS,1,0
2023,Mexico City,3,11,RIC,PER,2,1
2023,Mexico City,3,44,RIC,HAM,3,0
2023,Mexico City,4,2,NOR,SAR,1,0
2023,Mexico City,4,3,NOR,RIC,1,0
2023,Mexico City,4,10,NOR,GAS,3,0
2023,Mexico City,4,11,NOR,PER,2,1
2023,Mexico City,4,14,NOR,ALO,3,3
2023,Mexico City,4,18,NOR,STR,1,1
2023,Mexico City,4,20,NOR,MAG,1,0
2023,Mexico City,4,22,NOR,TSU,2,0
2023,Mexico City,4,23,NOR,ALB,3,1
2023,Mexico City,4,24,NOR,ZHO,2,0
2023,Mexico City,4,27,NOR,HUL,2,0
2023,Mexico City,4,31,NOR,OCO,3,2
2023,Mexico City,4,63,NOR,RUS,1,0
2023,Mexico City,4,77,NOR,BOT,2,1
2023,Mexico City,4,81,NOR,PIA,1,0
2023,Mexico City,10,3,GAS,RIC,1,0
2023,Mexico City,10,4,GAS,NOR,2,0
2023,Mexico City,10,11,GAS,PER,1,0
2023,Mexico City,10,14,GAS,ALO,1,0
2023,Mexico City,10,18,GAS,STR,1,0
2023,Mexico City,10,22,GAS,TSU,1,0
2023,Mexico City,10,23,GAS,ALB,1,0
2023,Mexico City,10,24,GAS,ZHO,2,2
2023,Mexico City,10,27,GAS,HUL,2,0
2023,Mexico City,10,31,GAS,OCO,1,1
2023,Mexico City,10,63,GAS,RUS,1,0
2023,Mexico City,10,77,GAS,BOT,6,0
2023,Mexico City,10,81,GAS,PIA,1,0
2023,Mexico City,11,1,PER,VER,1,0
2023,Mexico City,11,2,PER,SAR,1,0
2023,Mexico City,11,3,PER,RIC,2,1
2023,Mexico City,11,16,PER,LEC,1,0
2023,Mexico City,11,44,PER,HAM,1,0
2023,Mexico City,11,55,PER,SAI,1,0
2023,Mexico City,14,2,ALO,SAR,2,0
2023,Mexico City,14,4,ALO,NOR,2,1
2023,Mexico City,14,10,ALO,GAS,1,0
2023,Mexico City,14,11,ALO,PER,1,0
2023,Mexico City,14,18,ALO,STR,1,0
2023,Mexico City,14,20,ALO,MAG,2,1
2023,Mexico City,14,22,ALO,TSU,2,1
2023,Mexico City,14,24,ALO,ZHO,2,0
2023,Mexico City,14,27,ALO,HUL,2,1
2023,Mexico City,16,1,LEC,VER,2,1
2023,Mexico City,16,11,LEC,PER,1,1
2023,Mexico City,18,2,STR,SAR,2,0
2023,Mexico City,18,4,STR,NOR,1,0
2023,Mexico City,18,10,STR,GAS,1,0
2023,Mexico City,18,14,STR,ALO,2,1
2023,Mexico City,18,20,STR,MAG,2,1
2023,Mexico City,18,22,STR,TSU,2,0
2023,Mexico City,18,24,STR,ZHO,3,0
2023,Mexico City,18,27,STR,HUL,1,0
2023,Mexico City,18,31,STR,OCO,1,1
2023,Mexico City,20,2,MAG,SAR,1,1
2023,Mexico City,20,11,MAG,PER,1,0
2023,Mexico City,20,14,MAG,ALO,2,0
2023,Mexico City,20,18,MAG,STR,1,0
2023,Mexico City,20,22,MAG,TSU,1,1
2023,Mexico City,20,24,MAG,ZHO,1,0
2023,Mexico City,20,31,MAG,OCO,1,1
2023,Mexico City,20,77,MAG,BOT,1,0
2023,Mexico City,22,2,TSU,SAR,3,0
2023,Mexico City,22,4,TSU,NOR,2,0
2023,Mexico City,22,10,TSU,GAS,1,0
2023,Mexico City,22,11,TSU,PER,1,0
2023,Mexico City,22,14,TSU,ALO,3,3
2023,Mexico City,22,18,TSU,STR,2,0
2023,Mexico City,22,20,TSU,MAG,2,1
2023,Mexico City,22,23,TSU,ALB,1,0
2023,Mexico City,22,24,TSU,ZHO,1,0
2023,Mexico City,22,27,TSU,HUL,4,0
2023,Mexico City,22,31,TSU,OCO,2,1
2023,Mexico City,22,77,TSU,BOT,2,1
2023,Mexico City,22,81,TSU,PIA,2,0
2023,Mexico City,23,4,ALB,NOR,2,0
2023,Mexico City,23,10,ALB,GAS,2,0
2023,Mexico City,23,11,ALB,PER,1,0
2023,Mexico City,23,14,ALB,ALO,1,0
2023,Mexico City,23,22,ALB,TSU,1,0
2023,Mexico City,23,24,ALB,ZHO,1,1
2023,Mexico City,23,27,ALB,HUL,2,0
2023,Mexico City,23,63,ALB,RUS,1,0
2023,Mexico City,23,77,ALB,BOT,1,1
2023,Mexico City,23,81,ALB,PIA,1,0
2023,Mexico City,24,2,ZHO,SAR,2,0
2023,Mexico City,24,4,ZHO,NOR,1,0
2023,Mexico City,24,10,ZHO,GAS,1,0
2023,Mexico City,24,11,ZHO,PER,1,0
2023,Mexico City,24,14,ZHO,ALO,2,0
2023,Mexico City,24,18,ZHO,STR,3,1
2023,Mexico City,24,20,ZHO,MAG,1,0
2023,Mexico City,24,31,ZHO,OCO,2,1
2023,Mexico City,24,77,ZHO,BOT,3,0
2023,Mexico City,27,2,HUL,SAR,1,0
2023,Mexico City,27,4,HUL,NOR,1,0
2023,Mexico City,27,10,HUL,GAS,2,1
2023,Mexico City,27,11,HUL,PER,1,0
2023,Mexico City,27,14,HUL,ALO,2,1
2023,Mexico City,27,18,HUL,STR,1,0
2023,Mexico City,27,22,HUL,TSU,3,0
2023,Mexico City,27,23,HUL,ALB,1,0
2023,Mexico City,27,24,HUL,ZHO,1,0
2023,Mexico City,27,31,HUL,OCO,1,0
2023,Mexico City,27,77,HUL,BOT,2,0
2023,Mexico City,27,81,HUL,PIA,1,0
2023,Mexico City,31,2,OCO,SAR,1,0
2023,Mexico City,31,4,OCO,NOR,2,0
2023,Mexico City,31,10,OCO,GAS,2,0
2023,Mexico City,31,11,OCO,PER,1,0
2023,Mexico City,31,14,OCO,ALO,1,0
2023,Mexico City,31,18,OCO,STR,1,0
2023,Mexico City,31,20,OCO,MAG,1,0
2023,Mexico City,31,22,OCO,TSU,2,0
2023,Mexico City,31,24,OCO,ZHO,3,0
2023,Mexico City,31,27,OCO,HUL,2,0
2023,Mexico City,31,77,OCO,BOT,1,0
2023,Mexico City,44,1,HAM,VER,1,0
2023,Mexico City,44,3,HAM,RIC,4,3
2023,Mexico City,44,11,HAM,PER,2,0
2023,Mexico City,44,16,HAM,LEC,1,0
2023,Mexico City,44,55,HAM,SAI,1,0
2023,Mexico City,44,63,HAM,RUS,1,0
2023,Mexico City,44,81,HAM,PIA,1,0
2023,Mexico City,55,1,SAI,VER,1,0
2023,Mexico City,55,11,SAI,PER,1,1
2023,Mexico City,63,1,RUS,VER,1,0
2023,Mexico City,63,3,RUS,RIC,1,0
2023,Mexico City,63,10,RUS,GAS,1,0
2023,Mexico City,63,11,RUS,PER,1,0
2023,Mexico City,63,23,RUS,ALB,1,0
2023,Mexico City,63,44,RUS,HAM,1,0
2023,Mexico City,63,77,RUS,BOT,1,1
2023,Mexico City,63,81,RUS,PIA,3,0
2023,Mexico City,77,2,BOT,SAR,2,0
2023,Mexico City,77,4,BOT,NOR,1,0
2023,Mexico City,77,10,BOT,GAS,5,0
2023,Mexico City,77,11,BOT,PER,1,0
2023,Mexico City,77,20,BOT,MAG,1,0
2023,Mexico City,77,22,BOT,TSU,1,0
2023,Mexico City,77,24,BOT,ZHO,3,0
2023,Mexico City,77,27,BOT,HUL,1,0
2023,Mexico City,77,63,BOT,RUS,1,0
2023,Mexico City,77,81,BOT,PIA,2,1
2023,Mexico City,81,1,PIA,VER,1,0
2023,Mexico City,81,10,PIA,GAS,1,0
2023,Mexico City,81,11,PIA,PER,1,0
2023,Mexico City,81,22,PIA,TSU,2,0
2023,Mexico City,81,23,PIA,ALB,1,1
2023,Mexico City,81,27,PIA,HUL,1,1
2023,Mexico City,81,44,PIA,HAM,1,0
2023,Mexico City,81,63,PIA,RUS,2,1
2023,Mexico City,81,77,PIA,BOT,2,2
2023,Miami,1,10,VER,GAS,1,1
2023,Miami,1,11,VER,PER,3,3
2023,Miami,1,14,VER,ALO,1,1
2023,Miami,1,16,VER,LEC,1,0
2023,Miami,1,20,VER,MAG,1,0
2023,Miami,1,31,VER,OCO,1,1
2023,Miami,1,55,VER,SAI,1,1
2023,Miami,1,63,VER,RUS,1,1
2023,Miami,1,77,VER,BOT,1,1
2023,Miami,2,4,SAR,NOR,2,1
2023,Miami,2,21,SAR,DEV,1,0
2023,Miami,4,2,NOR,SAR,2,2
2023,Miami,4,21,NOR,DEV,2,1
2023,Miami,4,23,NOR,ALB,1,1
2023,Miami,4,24,NOR,ZHO,2,1
2023,Miami,4,27,NOR,HUL,1,1
2023,Miami,4,81,NOR,PIA,1,1
2023,Miami,10,16,GAS,LEC,1,1
2023,Miami,10,18,GAS,STR,2,2
2023,Miami,10,20,GAS,MAG,1,1
2023,Miami,10,22,GAS,TSU,1,1
2023,Miami,10,23,GAS,ALB,1,1
2023,Miami,10,24,GAS,ZHO,1,1
2023,Miami,10,27,GAS,HUL,1,1
2023,Miami,10,31,GAS,OCO,1,1
2023,Miami,10,44,GAS,HAM,1,1
2023,Miami,11,1,PER,VER,2,2
2023,Miami,11,14,PER,ALO,1,1
2023,Miami,11,31,PER,OCO,1,1
2023,Miami,14,11,ALO,PER,1,1
2023,Miami,14,31,ALO,OCO,1,1
2023,Miami,14,55,ALO,SAI,1,1
2023,Miami,16,10,LEC,GAS,2,2
2023,Miami,16,18,LEC,STR,1,1
2023,Miami,16,20,LEC,MAG,5,5
2023,Miami,16,22,LEC,TSU,1,1
2023,Miami,16,23,LEC,ALB,1,1
2023,Miami,16,24,LEC,ZHO,1,1
2023,Miami,16,27,LEC,HUL,1,1
2023,Miami,16,31,LEC,OCO,1,1
2023,Miami,16,44,LEC,HAM,1,1
2023,Miami,18,4,STR,NOR,1,0
2023,Miami,18,10,STR,GAS,2,2
2023,Miami,18,16,STR,LEC,1,1
2023,Miami,18,20,STR,MAG,1,1
2023,Miami,18,21,STR,DEV,1,0
2023,Miami,18,22,STR,TSU,3,3
2023,Miami,18,23,STR,ALB,2,2
2023,Miami,18,24,STR,ZHO,1,1
2023,Miami,18,27,STR,HUL,2,2
2023,Miami,18,31,STR,OCO,1,1
2023,Miami,18,44,STR,HAM,1,1
2023,Miami,18,63,STR,RUS,1,1
2023,Miami,18,77,STR,BOT,2,1
2023,Miami,18,81,STR,PIA,1,1
2023,Miami,20,16,MAG,LEC,4,3
2023,Miami,20,18,MAG,STR,1,1
2023,Miami,20,21,MAG,DEV,1,1
2023,Miami,20,22,MAG,TSU,1,1
2023,Miami,20,23,MAG,ALB,1,1
2023,Miami,20,24,MAG,ZHO,1,1
2023,Miami,20,27,MAG,HUL,1,1
2023,Miami,20,31,MAG,OCO,1,1
2023,Miami,20,44,MAG,HAM,1,1
2023,Miami,20,77,MAG,BOT,1,1
2023,Miami,21,2,DEV,SAR,1,1
2023,Miami,21,4,DEV,NOR,1,1
2023,Miami,21,20,DEV,MAG,1,1
2023,Miami,21,24,DEV,ZHO,1,0
2023,Miami,21,81,DEV,PIA,2,2
2023,Miami,22,4,TSU,NOR,1,0
2023,Miami,22,10,TSU,GAS,1,1
2023,Miami,22,16,TSU,LEC,1,0
2023,Miami,22,18,TSU,STR,3,3
2023,Miami,22,20,TSU,MAG,1,1
2023,Miami,22,21,TSU,DEV,1,0
2023,Miami,22,23,TSU,ALB,2,2
2023,Miami,22,24,TSU,ZHO,3,3
2023,Miami,22,27,TSU,HUL,2,2
2023,Miami,22,63,TSU,RUS,1,0
2023,Miami,22,77,TSU,BOT,2,2
2023,Miami,22,81,TSU,PIA,1,1
2023,Miami,23,4,ALB,NOR,1,1
2023,Miami,23,10,ALB,GAS,1,0
2023,Miami,23,16,ALB,LEC,1,1
2023,Miami,23,18,ALB,STR,1,1
2023,Miami,23,20,ALB,MAG,1,1
2023,Miami,23,22,ALB,TSU,1,1
2023,Miami,23,24,ALB,ZHO,1,1
2023,Miami,23,27,ALB,HUL,2,2
2023,Miami,23,44,ALB,HAM,1,1
2023,Miami,23,63,ALB,RUS,1,1
2023,Miami,23,77,ALB,BOT,1,1
2023,Miami,24,4,ZHO,NOR,2,1
2023,Miami,24,10,ZHO,GAS,1,1
2023,Miami,24,16,ZHO,LEC,1,0
2023,Miami,24,20,ZHO,MAG,1,1
2023,Miami,24,21,ZHO,DEV,1,0
2023,Miami,24,22,ZHO,TSU,2,2
2023,Miami,24,23,ZHO,ALB,1,1
2023,Miami,24,63,ZHO,RUS,1,0
2023,Miami,24,77,ZHO,BOT,1,1
2023,Miami,24,81,ZHO,PIA,2,1
2023,Miami,27,4,HUL,NOR,1,1
2023,Miami,27,10,HUL,GAS,1,1
2023,Miami,27,16,HUL,LEC,1,0
2023,Miami,27,18,HUL,STR,1,1
2023,Miami,27,20,HUL,MAG,1,1
2023,Miami,27,22,HUL,TSU,1,1
2023,Miami,27,23,HUL,ALB,2,2
2023,Miami,27,44,HUL,HAM,1,1
2023,Miami,27,55,HUL,SAI,1,1
2023,Miami,27,63,HUL,RUS,1,0
2023,Miami,27,77,HUL,BOT,2,2
2023,Miami,31,10,OCO,GAS,1,1
2023,Miami,31,11,OCO,PER,1,1
2023,Miami,31,14,OCO,ALO,1,1
2023,Miami,31,16,OCO,LEC,1,1
2023,Miami,31,18,OCO,STR,1,1
2023,Miami,31,20,OCO,MAG,2,2
2023,Miami,31,55,OCO,SAI,2,2
2023,Miami,31,63,OCO,RUS,1,1
2023,Miami,31,77,OCO,BOT,2,2
2023,Miami,44,10,HAM,GAS,2,1
2023,Miami,44,16,HAM,LEC,2,1
2023,Miami,44,18,HAM,STR,1,1
2023,Miami,44,20,HAM,MAG,2,2
2023,Miami,44,23,HAM,ALB,2,2
2023,Miami,44,27,HAM,HUL,2,1
2023,Miami,44,31,HAM,OCO,1,1
2023,Miami,44,55,HAM,SAI,1,1
2023,Miami,44,63,HAM,RUS,1,0
2023,Miami,44,77,HAM,BOT,2,2
2023,Miami,44,81,HAM,PIA,2,2
2023,Miami,55,14,SAI,ALO,1,1
2023,Miami,55,27,SAI,HUL,1,1
2023,Miami,55,31,SAI,OCO,2,2
2023,Miami,55,44,SAI,HAM,1,1
2023,Miami,63,10,RUS,GAS,1,1
2023,Miami,63,18,RUS,STR,1,1
2023,Miami,63,20,RUS,MAG,1,1
2023,Miami,63,22,RUS,TSU,1,1
2023,Miami,63,23,RUS,ALB,1,1
2023,Miami,63,24,RUS,ZHO,1,1
2023,Miami,63,27,RUS,HUL,1,1
2023,Miami,63,31,RUS,OCO,1,1
2023,Miami,63,44,RUS,HAM,1,1
2023,Miami,63,55,RUS,SAI,1,1
2023,Miami,77,1,BOT,VER,1,1
2023,Miami,77,18,BOT,STR,1,1
2023,Miami,77,20,BOT,MAG,1,1
2023,Miami,77,22,BOT,TSU,1,1
2023,Miami,77,23,BOT,ALB,1,1
2023,Miami,77,24,BOT,ZHO,1,1
2023,Miami,77,27,BOT,HUL,2,2
2023,Miami,77,31,BOT,OCO,2,2
2023,Miami,77,44,BOT,HAM,1,1
2023,Miami,81,4,PIA,NOR,1,0
2023,Miami,81,18,PIA,STR,1,0
2023,Miami,81,21,PIA,DEV,2,1
2023,Miami,81,22,PIA,TSU,1,0
2023,Miami,81,24,PIA,ZHO,2,1
2023,Miami,81,44,PIA,HAM,2,2
2023,Monte Carlo,2,11,SAR,PER,1,1
2023,Monte Carlo,2,18,SAR,STR,2,1
2023,Monte Carlo,2,20,SAR,MAG,1,1
2023,Monte Carlo,2,23,SAR,ALB,1,1
2023,Monte Carlo,2,27,SAR,HUL,1,1
2023,Monte Carlo,2,77,SAR,BOT,1,1
2023,Monte Carlo,4,20,NOR,MAG,1,1
2023,Monte Carlo,4,22,NOR,TSU,2,2
2023,Monte Carlo,4,81,NOR,PIA,1,1
2023,Monte Carlo,10,16,GAS,LEC,3,3
2023,Monte Carlo,10,31,GAS,OCO,1,1
2023,Monte Carlo,10,44,GAS,HAM,1,1
2023,Monte Carlo,10,55,GAS,SAI,2,2
2023,Monte Carlo,11,2,PER,SAR,2,2
2023,Monte Carlo,11,18,PER,STR,4,4
2023,Monte Carlo,11,20,PER,MAG,1,1
2023,Monte Carlo,11,23,PER,ALB,2,2
2023,Monte Carlo,11,24,PER,ZHO,3,2
2023,Monte Carlo,11,27,PER,HUL,3,2
2023,Monte Carlo,11,77,PER,BOT,1,1
2023,Monte Carlo,16,10,LEC,GAS,3,2
2023,Monte Carlo,16,31,LEC,OCO,2,1
2023,Monte Carlo,16,44,LEC,HAM,1,0
2023,Monte Carlo,16,55,LEC,SAI,2,2
2023,Monte Carlo,16,63,LEC,RUS,1,0
2023,Monte Carlo,18,2,STR,SAR,1,1
2023,Monte Carlo,18,11,STR,PER,3,3
2023,Monte Carlo,18,23,STR,ALB,2,2
2023,Monte Carlo,18,24,STR,ZHO,1,1
2023,Monte Carlo,18,27,STR,HUL,1,1
2023,Monte Carlo,20,2,MAG,SAR,1,1
2023,Monte Carlo,20,4,MAG,NOR,1,1
2023,Monte Carlo,20,18,MAG,STR,1,1
2023,Monte Carlo,20,21,MAG,DEV,1,1
2023,Monte Carlo,20,23,MAG,ALB,1,1
2023,Monte Carlo,20,24,MAG,ZHO,1,1
2023,Monte Carlo,20,27,MAG,HUL,1,1
2023,Monte Carlo,20,77,MAG,BOT,1,1
2023,Monte Carlo,21,20,DEV,MAG,1,0
2023,Monte Carlo,21,22,DEV,TSU,1,1
2023,Monte Carlo,21,81,DEV,PIA,1,1
2023,Monte Carlo,22,4,TSU,NOR,1,1
2023,Monte Carlo,22,81,TSU,PIA,1,1
2023,Monte Carlo,23,2,ALB,SAR,1,1
2023,Monte Carlo,23,11,ALB,PER,2,2
2023,Monte Carlo,23,18,ALB,STR,2,1
2023,Monte Carlo,23,20,ALB,MAG,1,1
2023,Monte Carlo,23,22,ALB,TSU,1,1
2023,Monte Carlo,23,24,ALB,ZHO,1,1
2023,Monte Carlo,23,27,ALB,HUL,1,0
2023,Monte Carlo,23,77,ALB,BOT,1,0
2023,Monte Carlo,24,2,ZHO,SAR,1,1
2023,Monte Carlo,24,11,ZHO,PER,4,4
2023,Monte Carlo,24,18,ZHO,STR,2,1
2023,Monte Carlo,24,20,ZHO,MAG,2,2
2023,Monte Carlo,24,22,ZHO,TSU,1,1
2023,Monte Carlo,24,23,ZHO,ALB,2,2
2023,Monte Carlo,24,27,ZHO,HUL,2,0
2023,Monte Carlo,24,77,ZHO,BOT,1,0
2023,Monte Carlo,27,2,HUL,SAR,2,2
2023,Monte Carlo,27,11,HUL,PER,3,3
2023,Monte Carlo,27,18,HUL,STR,2,2
2023,Monte Carlo,27,20,HUL,MAG,2,2
2023,Monte Carlo,27,23,HUL,ALB,1,1
2023,Monte Carlo,27,24,HUL,ZHO,1,1
2023,Monte Carlo,27,77,HUL,BOT,2,2
2023,Monte Carlo,31,10,OCO,GAS,1,1
2023,Monte Carlo,31,16,OCO,LEC,2,2
2023,Monte Carlo,31,55,OCO,SAI,4,4
2023,Monte Carlo,31,63,OCO,RUS,1,1
2023,Monte Carlo,44,10,HAM,GAS,1,1
2023,Monte Carlo,44,16,HAM,LEC,2,2
2023,Monte Carlo,44,55,HAM,SAI,2,1
2023,Monte Carlo,44,63,HAM,RUS,1,1
2023,Monte Carlo,55,10,SAI,GAS,1,1
2023,Monte Carlo,55,16,SAI,LEC,1,1
2023,Monte Carlo,55,31,SAI,OCO,4,3
2023,Monte Carlo,55,44,SAI,HAM,1,0
2023,Monte Carlo,55,63,SAI,RUS,1,1
2023,Monte Carlo,63,10,RUS,GAS,1,1
2023,Monte Carlo,63,16,RUS,LEC,2,2
2023,Monte Carlo,63,31,RUS,OCO,1,1
2023,Monte Carlo,63,44,RUS,HAM,1,1
2023,Monte Carlo,63,55,RUS,SAI,2,2
2023,Monte Carlo,77,2,BOT,SAR,1,1
2023,Monte Carlo,77,11,BOT,PER,1,1
2023,Monte Carlo,77,18,BOT,STR,1,1
2023,Monte Carlo,77,20,BOT,MAG,1,0
2023,Monte Carlo,77,21,BOT,DEV,1,1
2023,Monte Carlo,77,22,BOT,TSU,1,1
2023,Monte Carlo,77,23,BOT,ALB,2,2
2023,Monte Carlo,77,24,BOT,ZHO,1,1
2023,Monte Carlo,77,27,BOT,HUL,2,2
2023,Monte Carlo,81,4,PIA,NOR,1,1
2023,Monte Carlo,81,21,PIA,DEV,1,1
2023,Monte Carlo,81,22,PIA,TSU,2,2
2023,Montreal,2,22,SAR,TSU,1,0
2023,Montreal,4,2,NOR,SAR,1,0
2023,Montreal,4,10,NOR,GAS,1,0
2023,Montreal,4,11,NOR,PER,1,0
2023,Montreal,4,18,NOR,STR,1,0
2023,Montreal,4,20,NOR,MAG,2,1
2023,Montreal,4,21,NOR,DEV,1,0
2023,Montreal,4,22,NOR,TSU,1,0
2023,Montreal,4,23,NOR,ALB,1,0
2023,Montreal,4,24,NOR,ZHO,1,0
2023,Montreal,4,27,NOR,HUL,2,0
2023,Montreal,4,31,NOR,OCO,1,0
2023,Montreal,4,63,NOR,RUS,3,1
2023,Montreal,4,77,NOR,BOT,2,1
2023,Montreal,4,81,NOR,PIA,2,1
2023,Montreal,10,18,GAS,STR,3,1
2023,Montreal,10,20,GAS,MAG,2,2
2023,Montreal,10,21,GAS,DEV,1,1
2023,Montreal,10,22,GAS,TSU,1,0
2023,Montreal,10,24,GAS,ZHO,1,0
2023,Montreal,10,27,GAS,HUL,2,1
2023,Montreal,10,63,GAS,RUS,2,1
2023,Montreal,10,77,GAS,BOT,1,0
2023,Montreal,11,4,PER,NOR,1,0
2023,Montreal,11,20,PER,MAG,1,1
2023,Montreal,11,23,PER,ALB,2,1
2023,Montreal,11,27,PER,HUL,1,0
2023,Montreal,11,31,PER,OCO,1,0
2023,Montreal,11,55,PER,SAI,2,1
2023,Montreal,11,63,PER,RUS,1,0
2023,Montreal,11,81,PER,PIA,1,0
2023,Montreal,14,44,ALO,HAM,1,1
2023,Montreal,14,63,ALO,RUS,1,0
2023,Montreal,16,4,LEC,NOR,1,0
2023,Montreal,16,23,LEC,ALB,1,0
2023,Montreal,16,27,LEC,HUL,1,0
2023,Montreal,16,31,LEC,OCO,1,0
2023,Montreal,16,63,LEC,RUS,1,0
2023,Montreal,16,81,LEC,PIA,1,0
2023,Montreal,18,10,STR,GAS,4,0
2023,Montreal,18,20,STR,MAG,2,2
2023,Montreal,18,21,STR,DEV,1,1
2023,Montreal,18,22,STR,TSU,1,0
2023,Montreal,18,24,STR,ZHO,1,0
2023,Montreal,18,27,STR,HUL,2,0
2023,Montreal,18,63,STR,RUS,2,1
2023,Montreal,18,77,STR,BOT,2,0
2023,Montreal,18,81,STR,PIA,1,0
2023,Montreal,20,4,MAG,NOR,1,0
2023,Montreal,20,10,MAG,GAS,1,0
2023,Montreal,20,11,MAG,PER,1,1
2023,Montreal,20,18,MAG,STR,1,0
2023,Montreal,20,21,MAG,DEV,1,1
2023,Montreal,20,22,MAG,TSU,1,0
2023,Montreal,20,23,MAG,ALB,2,1
2023,Montreal,20,27,MAG,HUL,1,0
2023,Montreal,20,31,MAG,OCO,2,0
2023,Montreal,20,55,MAG,SAI,1,0
2023,Montreal,20,63,MAG,RUS,2,0
2023,Montreal,20,81,MAG,PIA,1,0
2023,Montreal,21,10,DEV,GAS,1,0
2023,Montreal,21,18,DEV,STR,1,0
2023,Montreal,21,20,DEV,MAG,1,0
2023,Montreal,21,22,DEV,TSU,1,0
2023,Montreal,21,24,DEV,ZHO,1,0
2023,Montreal,21,27,DEV,HUL,1,0
2023,Montreal,21,63,DEV,RUS,2,1
2023,Montreal,22,2,TSU,SAR,2,1
2023,Montreal,22,10,TSU,GAS,1,0
2023,Montreal,22,18,TSU,STR,1,0
2023,Montreal,22,20,TSU,MAG,2,0
2023,Montreal,22,21,TSU,DEV,2,0
2023,Montreal,22,24,TSU,ZHO,1,0
2023,Montreal,22,27,TSU,HUL,2,1
2023,Montreal,22,63,TSU,RUS,2,1
2023,Montreal,23,4,ALB,NOR,1,0
2023,Montreal,23,11,ALB,PER,1,0
2023,Montreal,23,20,ALB,MAG,2,2
2023,Montreal,23,27,ALB,HUL,1,0
2023,Montreal,23,31,ALB,OCO,1,0
2023,Montreal,23,63,ALB,RUS,1,0
2023,Montreal,23,77,ALB,BOT,1,0
2023,Montreal,23,81,ALB,PIA,2,1
2023,Montreal,24,2,ZHO,SAR,1,1
2023,Montreal,24,10,ZHO,GAS,1,0
2023,Montreal,24,18,ZHO,STR,1,0
2023,Montreal,24,20,ZHO,MAG,1,0
2023,Montreal,24,21,ZHO,DEV,2,0
2023,Montreal,24,22,ZHO,TSU,1,0
2023,Montreal,24,27,ZHO,HUL,1,0
2023,Montreal,24,63,ZHO,RUS,2,1
2023,Montreal,27,10,HUL,GAS,1,0
2023,Montreal,27,18,HUL,STR,1,0
2023,Montreal,27,20,HUL,MAG,1,1
2023,Montreal,27,21,HUL,DEV,1,1
2023,Montreal,27,22,HUL,TSU,1,0
2023,Montreal,27,24,HUL,ZHO,1,0
2023,Montreal,27,63,HUL,RUS,2,1
2023,Montreal,31,4,OCO,NOR,1,0
2023,Montreal,31,20,OCO,MAG,2,1
2023,Montreal,31,27,OCO,HUL,1,1
2023,Montreal,31,63,OCO,RUS,2,1
2023,Montreal,31,77,OCO,BOT,1,1
2023,Montreal,31,81,OCO,PIA,1,0
2023,Montreal,44,14,HAM,ALO,1,0
2023,Montreal,55,11,SAI,PER,2,2
2023,Montreal,55,20,SAI,MAG,1,1
2023,Montreal,55,27,SAI,HUL,1,0
2023,Montreal,55,63,SAI,RUS,1,0
2023,Montreal,63,4,RUS,NOR,2,0
2023,Montreal,63,10,RUS,GAS,1,0
2023,Montreal,63,14,RUS,ALO,1,0
2023,Montreal,63,18,RUS,STR,1,0
2023,Montreal,63,20,RUS,MAG,1,1
2023,Montreal,63,21,RUS,DEV,1,1
2023,Montreal,63,22,RUS,TSU,1,0
2023,Montreal,63,24,RUS,ZHO,1,0
2023,Montreal,63,27,RUS,HUL,1,0
2023,Montreal,63,31,RUS,OCO,2,0
2023,Montreal,63,77,RUS,BOT,1,0
2023,Montreal,63,81,RUS,PIA,2,0
2023,Montreal,77,4,BOT,NOR,1,0
2023,Montreal,77,10,BOT,GAS,1,0
2023,Montreal,77,18,BOT,STR,1,0
2023,Montreal,77,20,BOT,MAG,1,1
2023,Montreal,77,23,BOT,ALB,1,0
2023,Montreal,77,27,BOT,HUL,1,0
2023,Montreal,77,31,BOT,OCO,1,0
2023,Montreal,77,63,BOT,RUS,2,1
2023,Montreal,77,81,BOT,PIA,2,0
2023,Montreal,81,4,PIA,NOR,2,1
2023,Montreal,81,20,PIA,MAG,1,1
2023,Montreal,81,23,PIA,ALB,1,1
2023,Montreal,81,27,PIA,HUL,1,1
2023,Montreal,81,31,PIA,OCO,1,0
2023,Montreal,81,63,PIA,RUS,2,1
2023,Montreal,81,77,PIA,BOT,1,0
2023,Monza,1,4,VER,NOR,1,0
2023,Monza,1,11,VER,PER,1,0
2023,Monza,1,14,VER,ALO,1,0
2023,Monza,1,44,VER,HAM,1,1
2023,Monza,1,55,VER,SAI,2,2
2023,Monza,1,81,VER,PIA,1,0
2023,Monza,2,18,SAR,STR,1,0
2023,Monza,2,22,SAR,TSU,1,0
2023,Monza,2,24,SAR,ZHO,1,0
2023,Monza,2,27,SAR,HUL,1,0
2023,Monza,2,31,SAR,OCO,1,0
2023,Monza,2,40,SAR,LAW,2,0
2023,Monza,2,77,SAR,BOT,2,1
2023,Monza,2,81,SAR,PIA,1,0
2023,Monza,4,1,NOR,VER,1,0
2023,Monza,4,11,NOR,PER,1,0
2023,Monza,4,16,NOR,LEC,1,0
2023,Monza,4,23,NOR,ALB,3,2
2023,Monza,4,31,NOR,OCO,1,0
2023,Monza,4,44,NOR,HAM,2,1
2023,Monza,4,55,NOR,SAI,1,0
2023,Monza,4,63,NOR,RUS,1,0
2023,Monza,4,81,NOR,PIA,1,0
2023,Monza,10,18,GAS,STR,1,0
2023,Monza,10,20,GAS,MAG,2,0
2023,Monza,10,22,GAS,TSU,1,0
2023,Monza,10,27,GAS,HUL,1,0
2023,Monza,10,31,GAS,OCO,2,1
2023,Monza,10,77,GAS,BOT,1,0
2023,Monza,11,1,PER,VER,1,0
2023,Monza,11,4,PER,NOR,1,0
2023,Monza,11,16,PER,LEC,2,1
2023,Monza,11,44,PER,HAM,1,0
2023,Monza,11,55,PER,SAI,4,3
2023,Monza,11,63,PER,RUS,2,2
2023,Monza,11,81,PER,PIA,1,0
2023,Monza,14,1,ALO,VER,1,0
2023,Monza,14,16,ALO,LEC,1,0
2023,Monza,14,23,ALO,ALB,1,0
2023,Monza,14,27,ALO,HUL,1,1
2023,Monza,14,31,ALO,OCO,1,0
2023,Monza,14,44,ALO,HAM,1,0
2023,Monza,14,55,ALO,SAI,1,0
2023,Monza,14,63,ALO,RUS,1,0
2023,Monza,14,77,ALO,BOT,1,0
2023,Monza,14,81,ALO,PIA,1,0
2023,Monza,16,4,LEC,NOR,1,0
2023,Monza,16,11,LEC,PER,1,0
2023,Monza,16,14,LEC,ALO,1,0
2023,Monza,16,44,LEC,HAM,3,0
2023,Monza,16,55,LEC,SAI,5,4
2023,Monza,16,81,LEC,PIA,1,0
2023,Monza,18,2,STR,SAR,1,0
2023,Monza,18,10,STR,GAS,2,0
2023,Monza,18,20,STR,MAG,1,1
2023,Monza,18,22,STR,TSU,1,1
2023,Monza,18,23,STR,ALB,1,0
2023,Monza,18,24,STR,ZHO,2,0
2023,Monza,18,27,STR,HUL,2,1
2023,Monza,18,31,STR,OCO,1,0
2023,Monza,18,40,STR,LAW,2,0
2023,Monza,18,81,STR,PIA,2,1
2023,Monza,20,10,MAG,GAS,2,0
2023,Monza,20,22,MAG,TSU,1,0
2023,Monza,20,24,MAG,ZHO,1,0
2023,Monza,20,31,MAG,OCO,2,1
2023,Monza,23,4,ALB,NOR,3,2
2023,Monza,23,14,ALB,ALO,1,0
2023,Monza,23,18,ALB,STR,1,0
2023,Monza,23,31,ALB,OCO,1,1
2023,Monza,23,44,ALB,HAM,1,0
2023,Monza,23,77,ALB,BOT,1,0
2023,Monza,23,81,ALB,PIA,2,1
2023,Monza,24,2,ZHO,SAR,1,0
2023,Monza,24,18,ZHO,STR,2,1
2023,Monza,24,20,ZHO,MAG,1,0
2023,Monza,24,22,ZHO,TSU,1,0
2023,Monza,24,27,ZHO,HUL,2,0
2023,Monza,24,31,ZHO,OCO,2,1
2023,Monza,24,77,ZHO,BOT,1,0
2023,Monza,27,14,HUL,ALO,1,1
2023,Monza,27,18,HUL,STR,1,0
2023,Monza,27,22,HUL,TSU,1,0
2023,Monza,27,24,HUL,ZHO,1,0
2023,Monza,27,31,HUL,OCO,1,0
2023,Monza,27,40,HUL,LAW,3,0
2023,Monza,27,77,HUL,BOT,1,0
2023,Monza,31,2,OCO,SAR,1,0
2023,Monza,31,4,OCO,NOR,1,0
2023,Monza,31,10,OCO,GAS,2,1
2023,Monza,31,14,OCO,ALO,1,0
2023,Monza,31,20,OCO,MAG,1,1
2023,Monza,31,22,OCO,TSU,1,0
2023,Monza,31,23,OCO,ALB,1,0
2023,Monza,31,24,OCO,ZHO,2,0
2023,Monza,31,27,OCO,HUL,1,0
2023,Monza,31,40,OCO,LAW,2,0
2023,Monza,31,63,OCO,RUS,1,0
2023,Monza,31,81,OCO,PIA,2,0
2023,Monza,40,2,LAW,SAR,1,0
2023,Monza,40,18,LAW,STR,2,1
2023,Monza,40,22,LAW,TSU,1,0
2023,Monza,40,27,LAW,HUL,3,1
2023,Monza,40,31,LAW,OCO,2,1
2023,Monza,40,77,LAW,BOT,2,1
2023,Monza,40,81,LAW,PIA,2,1
2023,Monza,44,1,HAM,VER,1,0
2023,Monza,44,4,HAM,NOR,2,1
2023,Monza,44,11,HAM,PER,1,0
2023,Monza,44,14,HAM,ALO,1,1
2023,Monza,44,16,HAM,LEC,3,0
2023,Monza,44,23,HAM,ALB,2,1
2023,Monza,44,55,HAM,SAI,1,0
2023,Monza,44,63,HAM,RUS,1,0
2023,Monza,44,81,HAM,PIA,3,2
2023,Monza,55,1,SAI,VER,1,1
2023,Monza,55,4,SAI,NOR,1,0
2023,Monza,55,11,SAI,PER,3,2
2023,Monza,55,14,SAI,ALO,1,0
2023,Monza,55,16,SAI,LEC,5,4
2023,Monza,55,44,SAI,HAM,1,0
2023,Monza,55,77,SAI,BOT,1,0
2023,Monza,55,81,SAI,PIA,1,0
2023,Monza,63,4,RUS,NOR,1,0
2023,Monza,63,11,RUS,PER,1,1
2023,Monza,63,14,RUS,ALO,1,0
2023,Monza,63,31,RUS,OCO,1,0
2023,Monza,63,44,RUS,HAM,1,0
2023,Monza,63,77,RUS,BOT,1,1
2023,Monza,63,81,RUS,PIA,1,0
2023,Monza,77,2,BOT,SAR,3,1
2023,Monza,77,4,BOT,NOR,1,0
2023,Monza,77,10,BOT,GAS,2,0
2023,Monza,77,14,BOT,ALO,2,0
2023,Monza,77,18,BOT,STR,1,0
2023,Monza,77,20,BOT,MAG,1,0
2023,Monza,77,22,BOT,TSU,1,0
2023,Monza,77,23,BOT,ALB,1,0
2023,Monza,77,24,BOT,ZHO,2,0
2023,Monza,77,27,BOT,HUL,3,1
2023,Monza,77,31,BOT,OCO,1,0
2023,Monza,77,40,BOT,LAW,4,0
2023,Monza,77,55,BOT,SAI,1,0
2023,Monza,77,63,BOT,RUS,1,0
2023,Monza,77,81,BOT,PIA,3,0
2023,Monza,81,1,PIA,VER,1,0
2023,Monza,81,2,PIA,SAR,1,1
2023,Monza,81,11,PIA,PER,1,0
2023,Monza,81,16,PIA,LEC,1,0
2023,Monza,81,18,PIA,STR,2,2
2023,Monza,81,23,PIA,ALB,2,1
2023,Monza,81,31,PIA,OCO,2,0
2023,Monza,81,40,PIA,LAW,2,2
2023,Monza,81,44,PIA,HAM,2,1
2023,Monza,81,55,PIA,SAI,1,0
2023,Monza,81,63,PIA,RUS,1,0
2023,Monza,81,77,PIA,BOT,2,0
2023,Sakhir,1,4,VER,NOR,1,0
2023,Sakhir,1,11,VER,PER,1,1
2023,Sakhir,1,18,VER,STR,1,0
2023,Sakhir,1,23,VER,ALB,1,0
2023,Sakhir,1,24,VER,ZHO,1,0
2023,Sakhir,1,27,VER,HUL,1,0
2023,Sakhir,1,31,VER,OCO,1,0
2023,Sakhir,1,44,VER,HAM,1,0
2023,Sakhir,1,77,VER,BOT,1,0
2023,Sakhir,2,4,SAR,NOR,1,1
2023,Sakhir,2,10,SAR,GAS,1,1
2023,Sakhir,2,16,SAR,LEC,1,0
2023,Sakhir,2,20,SAR,MAG,1,1
2023,Sakhir,2,21,SAR,DEV,1,1
2023,Sakhir,2,22,SAR,TSU,2,2
2023,Sakhir,2,23,SAR,ALB,2,2
2023,Sakhir,2,24,SAR,ZHO,4,3
2023,Sakhir,2,27,SAR,HUL,1,1
2023,Sakhir,2,31,SAR,OCO,1,1
2023,Sakhir,2,77,SAR,BOT,2,2
2023,Sakhir,2,81,SAR,PIA,1,1
2023,Sakhir,4,2,NOR,SAR,1,1
2023,Sakhir,4,16,NOR,LEC,1,1
2023,Sakhir,4,20,NOR,MAG,1,1
2023,Sakhir,4,21,NOR,DEV,1,1
2023,Sakhir,4,24,NOR,ZHO,1,1
2023,Sakhir,4,27,NOR,HUL,3,2
2023,Sakhir,4,31,NOR,OCO,5,4
2023,Sakhir,4,81,NOR,PIA,1,1
2023,Sakhir,10,2,GAS,SAR,2,2
2023,Sakhir,10,4,GAS,NOR,1,1
2023,Sakhir,10,16,GAS,LEC,1,0
2023,Sakhir,10,20,GAS,MAG,3,3
2023,Sakhir,10,21,GAS,DEV,6,3
2023,Sakhir,10,22,GAS,TSU,2,2
2023,Sakhir,10,23,GAS,ALB,1,1
2023,Sakhir,10,24,GAS,ZHO,3,3
2023,Sakhir,10,27,GAS,HUL,2,2
2023,Sakhir,10,31,GAS,OCO,1,1
2023,Sakhir,10,63,GAS,RUS,1,0
2023,Sakhir,10,81,GAS,PIA,1,1
2023,Sakhir,11,1,PER,VER,1,1
2023,Sakhir,11,2,PER,SAR,1,0
2023,Sakhir,11,4,PER,NOR,1,0
2023,Sakhir,11,14,PER,ALO,1,0
2023,Sakhir,11,16,PER,LEC,2,2
2023,Sakhir,11,18,PER,STR,1,0
2023,Sakhir,11,22,PER,TSU,1,0
2023,Sakhir,11,23,PER,ALB,1,0
2023,Sakhir,11,24,PER,ZHO,1,0
2023,Sakhir,11,27,PER,HUL,1,0
2023,Sakhir,11,31,PER,OCO,1,0
2023,Sakhir,11,44,PER,HAM,1,0
2023,Sakhir,11,55,PER,SAI,1,0
2023,Sakhir,11,63,PER,RUS,1,0
2023,Sakhir,11,77,PER,BOT,1,0
2023,Sakhir,14,2,ALO,SAR,1,0
2023,Sakhir,14,4,ALO,NOR,1,0
2023,Sakhir,14,16,ALO,LEC,3,3
2023,Sakhir,14,18,ALO,STR,2,1
2023,Sakhir,14,20,ALO,MAG,1,0
2023,Sakhir,14,22,ALO,TSU,1,0
2023,Sakhir,14,23,ALO,ALB,1,0
2023,Sakhir,14,24,ALO,ZHO,1,0
2023,Sakhir,14,27,ALO,HUL,1,0
2023,Sakhir,14,31,ALO,OCO,1,0
2023,Sakhir,14,44,ALO,HAM,5,4
2023,Sakhir,14,55,ALO,SAI,3,3
2023,Sakhir,14,63,ALO,RUS,2,1
2023,Sakhir,14,77,ALO,BOT,2,1
2023,Sakhir,14,81,ALO,PIA,1,0
2023,Sakhir,16,4,LEC,NOR,1,0
2023,Sakhir,16,11,LEC,PER,2,1
2023,Sakhir,16,14,LEC,ALO,3,2
2023,Sakhir,16,18,LEC,STR,2,1
2023,Sakhir,16,22,LEC,TSU,1,0
2023,Sakhir,16,23,LEC,ALB,1,0
2023,Sakhir,16,24,LEC,ZHO,1,0
2023,Sakhir,16,27,LEC,HUL,1,0
2023,Sakhir,16,31,LEC,OCO,1,0
2023,Sakhir,16,44,LEC,HAM,1,0
2023,Sakhir,16,55,LEC,SAI,1,0
2023,Sakhir,16,63,LEC,RUS,1,0
2023,Sakhir,16,77,LEC,BOT,1,0
2023,Sakhir,18,1,STR,VER,1,0
2023,Sakhir,18,11,STR,PER,1,0
2023,Sakhir,18,14,STR,ALO,2,1
2023,Sakhir,18,16,STR,LEC,3,2
2023,Sakhir,18,44,STR,HAM,1,1
2023,Sakhir,18,55,STR,SAI,2,1
2023,Sakhir,18,63,STR,RUS,5,3
2023,Sakhir,18,77,STR,BOT,3,3
2023,Sakhir,20,2,MAG,SAR,1,0
2023,Sakhir,20,4,MAG,NOR,2,2
2023,Sakhir,20,10,MAG,GAS,2,2
2023,Sakhir,20,16,MAG,LEC,1,0
2023,Sakhir,20,21,MAG,DEV,2,2
2023,Sakhir,20,22,MAG,TSU,2,2
2023,Sakhir,20,23,MAG,ALB,2,2
2023,Sakhir,20,24,MAG,ZHO,3,2
2023,Sakhir,20,27,MAG,HUL,1,1
2023,Sakhir,20,31,MAG,OCO,2,1
2023,Sakhir,20,63,MAG,RUS,1,1
2023,Sakhir,20,77,MAG,BOT,1,1
2023,Sakhir,20,81,MAG,PIA,2,2
2023,Sakhir,21,2,DEV,SAR,1,0
2023,Sakhir,21,4,DEV,NOR,2,2
2023,Sakhir,21,10,DEV,GAS,5,2
2023,Sakhir,21,16,DEV,LEC,1,0
2023,Sakhir,21,20,DEV,MAG,3,3
2023,Sakhir,21,22,DEV,TSU,3,2
2023,Sakhir,21,23,DEV,ALB,2,1
2023,Sakhir,21,24,DEV,ZHO,3,3
2023,Sakhir,21,27,DEV,HUL,1,1
2023,Sakhir,21,31,DEV,OCO,1,1
2023,Sakhir,21,63,DEV,RUS,1,0
2023,Sakhir,21,81,DEV,PIA,1,1
2023,Sakhir,22,2,TSU,SAR,2,2
2023,Sakhir,22,4,TSU,NOR,1,1
2023,Sakhir,22,10,TSU,GAS,1,1
2023,Sakhir,22,11,TSU,PER,1,0
2023,Sakhir,22,14,TSU,ALO,1,0
2023,Sakhir,22,16,TSU,LEC,2,0
2023,Sakhir,22,20,TSU,MAG,2,2
2023,Sakhir,22,21,TSU,DEV,3,3
2023,Sakhir,22,24,TSU,ZHO,4,3
2023,Sakhir,22,27,TSU,HUL,2,2
2023,Sakhir,22,31,TSU,OCO,1,1
2023,Sakhir,22,55,TSU,SAI,1,0
2023,Sakhir,22,63,TSU,RUS,1,0
2023,Sakhir,22,81,TSU,PIA,1,1
2023,Sakhir,23,1,ALB,VER,1,0
2023,Sakhir,23,2,ALB,SAR,2,1
2023,Sakhir,23,4,ALB,NOR,1,1
2023,Sakhir,23,11,ALB,PER,1,0
2023,Sakhir,23,14,ALB,ALO,1,0
2023,Sakhir,23,16,ALB,LEC,2,0
2023,Sakhir,23,20,ALB,MAG,2,2
2023,Sakhir,23,21,ALB,DEV,2,1
2023,Sakhir,23,22,ALB,TSU,1,0
2023,Sakhir,23,24,ALB,ZHO,3,1
2023,Sakhir,23,27,ALB,HUL,2,1
2023,Sakhir,23,31,ALB,OCO,1,1
2023,Sakhir,23,55,ALB,SAI,1,0
2023,Sakhir,23,63,ALB,RUS,1,0
2023,Sakhir,23,81,ALB,PIA,1,1
2023,Sakhir,24,1,ZHO,VER,1,0
2023,Sakhir,24,2,ZHO,SAR,3,2
2023,Sakhir,24,4,ZHO,NOR,2,1
2023,Sakhir,24,10,ZHO,GAS,2,2
2023,Sakhir,24,11,ZHO,PER,1,0
2023,Sakhir,24,14,ZHO,ALO,1,0
2023,Sakhir,24,16,ZHO,LEC,2,0
2023,Sakhir,24,20,ZHO,MAG,2,2
2023,Sakhir,24,21,ZHO,DEV,2,2
2023,Sakhir,24,22,ZHO,TSU,3,1
2023,Sakhir,24,23,ZHO,ALB,2,2
2023,Sakhir,24,27,ZHO,HUL,3,3
2023,Sakhir,24,31,ZHO,OCO,1,1
2023,Sakhir,24,55,ZHO,SAI,1,0
2023,Sakhir,24,63,ZHO,RUS,1,0
2023,Sakhir,24,77,ZHO,BOT,2,2
2023,Sakhir,24,81,ZHO,PIA,1,1
2023,Sakhir,27,1,HUL,VER,1,0
2023,Sakhir,27,4,HUL,NOR,4,2
2023,Sakhir,27,10,HUL,GAS,2,1
2023,Sakhir,27,11,HUL,PER,1,0
2023,Sakhir,27,14,HUL,ALO,1,0
2023,Sakhir,27,16,HUL,LEC,2,0
2023,Sakhir,27,20,HUL,MAG,1,1
2023,Sakhir,27,21,HUL,DEV,1,0
2023,Sakhir,27,22,HUL,TSU,2,0
2023,Sakhir,27,23,HUL,ALB,1,0
2023,Sakhir,27,24,HUL,ZHO,3,3
2023,Sakhir,27,31,HUL,OCO,2,2
2023,Sakhir,27,55,HUL,SAI,1,0
2023,Sakhir,27,63,HUL,RUS,1,0
2023,Sakhir,27,81,HUL,PIA,1,1
2023,Sakhir,31,1,OCO,VER,1,0
2023,Sakhir,31,4,OCO,NOR,4,4
2023,Sakhir,31,11,OCO,PER,1,0
2023,Sakhir,31,14,OCO,ALO,1,0
2023,Sakhir,31,16,OCO,LEC,2,1
2023,Sakhir,31,20,OCO,MAG,1,1
2023,Sakhir,31,27,OCO,HUL,2,1
2023,Sakhir,31,55,OCO,SAI,1,0
2023,Sakhir,31,63,OCO,RUS,1,0
2023,Sakhir,31,77,OCO,BOT,1,1
2023,Sakhir,31,81,OCO,PIA,1,1
2023,Sakhir,44,1,HAM,VER,1,0
2023,Sakhir,44,11,HAM,PER,1,0
2023,Sakhir,44,14,HAM,ALO,5,4
2023,Sakhir,44,16,HAM,LEC,2,1
2023,Sakhir,44,18,HAM,STR,1,1
2023,Sakhir,44,55,HAM,SAI,1,0
2023,Sakhir,44,63,HAM,RUS,3,2
2023,Sakhir,44,81,HAM,PIA,1,1
2023,Sakhir,55,2,SAI,SAR,1,0
2023,Sakhir,55,4,SAI,NOR,1,0
2023,Sakhir,55,14,SAI,ALO,2,2
2023,Sakhir,55,16,SAI,LEC,1,1
2023,Sakhir,55,18,SAI,STR,2,1
2023,Sakhir,55,20,SAI,MAG,1,0
2023,Sakhir,55,22,SAI,TSU,1,0
2023,Sakhir,55,23,SAI,ALB,1,0
2023,Sakhir,55,24,SAI,ZHO,1,0
2023,Sakhir,55,27,SAI,HUL,1,0
2023,Sakhir,55,31,SAI,OCO,1,0
2023,Sakhir,55,44,SAI,HAM,1,0
2023,Sakhir,55,77,SAI,BOT,1,0
2023,Sakhir,55,81,SAI,PIA,1,0
2023,Sakhir,63,2,RUS,SAR,1,0
2023,Sakhir,63,4,RUS,NOR,2,1
2023,Sakhir,63,10,RUS,GAS,1,0
2023,Sakhir,63,14,RUS,ALO,2,2
2023,Sakhir,63,16,RUS,LEC,1,1
2023,Sakhir,63,18,RUS,STR,4,3
2023,Sakhir,63,20,RUS,MAG,2,1
2023,Sakhir,63,21,RUS,DEV,1,0
2023,Sakhir,63,22,RUS,TSU,1,0
2023,Sakhir,63,23,RUS,ALB,1,0
2023,Sakhir,63,24,RUS,ZHO,1,0
2023,Sakhir,63,27,RUS,HUL,1,0
2023,Sakhir,63,31,RUS,OCO,1,0
2023,Sakhir,63,44,RUS,HAM,2,2
2023,Sakhir,63,77,RUS,BOT,2,1
2023,Sakhir,63,81,RUS,PIA,1,0
2023,Sakhir,77,1,BOT,VER,1,0
2023,Sakhir,77,2,BOT,SAR,2,1
2023,Sakhir,77,4,BOT,NOR,1,1
2023,Sakhir,77,11,BOT,PER,1,0
2023,Sakhir,77,14,BOT,ALO,2,1
2023,Sakhir,77,16,BOT,LEC,2,0
2023,Sakhir,77,18,BOT,STR,3,3
2023,Sakhir,77,20,BOT,MAG,1,1
2023,Sakhir,77,24,BOT,ZHO,2,1
2023,Sakhir,77,27,BOT,HUL,1,0
2023,Sakhir,77,31,BOT,OCO,2,1
2023,Sakhir,77,55,BOT,SAI,1,0
2023,Sakhir,77,63,BOT,RUS,2,1
2023,Sakhir,77,81,BOT,PIA,1,1
2023,Sakhir,81,2,PIA,SAR,1,0
2023,Sakhir,81,4,PIA,NOR,1,0
2023,Sakhir,81,14,PIA,ALO,1,0
2023,Sakhir,81,20,PIA,MAG,2,1
2023,Sakhir,81,22,PIA,TSU,1,0
2023,Sakhir,81,23,PIA,ALB,1,1
2023,Sakhir,81,24,PIA,ZHO,1,1
2023,Sakhir,81,27,PIA,HUL,1,0
2023,Sakhir,81,31,PIA,OCO,1,0
2023,Sakhir,81,44,PIA,HAM,1,0
2023,Sakhir,81,55,PIA,SAI,1,0
2023,Sakhir,81,63,PIA,RUS,1,0
2023,Sakhir,81,77,PIA,BOT,1,1
2023,Silverstone,1,4,VER,NOR,1,1
2023,Silverstone,2,10,SAR,GAS,1,0
2023,Silverstone,2,11,SAR,PER,1,0
2023,Silverstone,2,20,SAR,MAG,1,1
2023,Silverstone,2,22,SAR,TSU,2,0
2023,Silverstone,2,27,SAR,HUL,1,1
2023,Silverstone,2,31,SAR,OCO,1,1
2023,Silverstone,2,77,SAR,BOT,1,0
2023,Silverstone,4,1,NOR,VER,1,1
2023,Silverstone,10,16,GAS,LEC,1,0
2023,Silverstone,10,18,GAS,STR,1,0
2023,Silverstone,10,23,GAS,ALB,1,0
2023,Silverstone,10,44,GAS,HAM,1,1
2023,Silverstone,10,55,GAS,SAI,2,0
2023,Silverstone,10,63,GAS,RUS,1,0
2023,Silverstone,10,81,GAS,PIA,1,0
2023,Silverstone,11,2,PER,SAR,2,1
2023,Silverstone,11,10,PER,GAS,1,0
2023,Silverstone,11,14,PER,ALO,1,0
2023,Silverstone,11,16,PER,LEC,2,0
2023,Silverstone,11,18,PER,STR,2,1
2023,Silverstone,11,21,PER,DEV,1,1
2023,Silverstone,11,22,PER,TSU,1,1
2023,Silverstone,11,23,PER,ALB,2,1
2023,Silverstone,11,27,PER,HUL,1,1
2023,Silverstone,11,31,PER,OCO,1,1
2023,Silverstone,11,55,PER,SAI,2,0
2023,Silverstone,14,16,ALO,LEC,1,0
2023,Silverstone,14,23,ALO,ALB,1,0
2023,Silverstone,14,44,ALO,HAM,1,1
2023,Silverstone,14,55,ALO,SAI,1,0
2023,Silverstone,14,63,ALO,RUS,1,0
2023,Silverstone,14,81,ALO,PIA,1,0
2023,Silverstone,16,10,LEC,GAS,1,0
2023,Silverstone,16,11,LEC,PER,1,0
2023,Silverstone,16,18,LEC,STR,1,1
2023,Silverstone,16,55,LEC,SAI,2,0
2023,Silverstone,16,63,LEC,RUS,2,0
2023,Silverstone,18,10,STR,GAS,2,0
2023,Silverstone,18,11,STR,PER,1,0
2023,Silverstone,18,16,STR,LEC,1,0
2023,Silverstone,18,20,STR,MAG,1,0
2023,Silverstone,18,22,STR,TSU,1,0
2023,Silverstone,18,27,STR,HUL,1,0
2023,Silverstone,18,31,STR,OCO,1,1
2023,Silverstone,18,55,STR,SAI,1,0
2023,Silverstone,18,77,STR,BOT,1,0
2023,Silverstone,20,2,MAG,SAR,1,0
2023,Silverstone,20,18,MAG,STR,1,0
2023,Silverstone,20,21,MAG,DEV,1,0
2023,Silverstone,20,22,MAG,TSU,1,0
2023,Silverstone,20,24,MAG,ZHO,2,1
2023,Silverstone,20,27,MAG,HUL,1,0
2023,Silverstone,20,31,MAG,OCO,1,1
2023,Silverstone,21,10,DEV,GAS,1,0
2023,Silverstone,21,11,DEV,PER,1,1
2023,Silverstone,21,20,DEV,MAG,1,1
2023,Silverstone,21,22,DEV,TSU,1,0
2023,Silverstone,21,24,DEV,ZHO,3,0
2023,Silverstone,21,27,DEV,HUL,1,0
2023,Silverstone,21,31,DEV,OCO,1,1
2023,Silverstone,22,2,TSU,SAR,2,1
2023,Silverstone,22,10,TSU,GAS,1,0
2023,Silverstone,22,11,TSU,PER,1,0
2023,Silverstone,22,18,TSU,STR,1,0
2023,Silverstone,22,20,TSU,MAG,1,1
2023,Silverstone,22,21,TSU,DEV,1,0
2023,Silverstone,22,24,TSU,ZHO,3,0
2023,Silverstone,22,27,TSU,HUL,1,1
2023,Silverstone,22,31,TSU,OCO,1,1
2023,Silverstone,23,10,ALB,GAS,1,0
2023,Silverstone,23,11,ALB,PER,1,0
2023,Silverstone,23,16,ALB,LEC,1,0
2023,Silverstone,23,55,ALB,SAI,2,0
2023,Silverstone,23,63,ALB,RUS,1,0
2023,Silverstone,24,10,ZHO,GAS,1,0
2023,Silverstone,24,20,ZHO,MAG,2,2
2023,Silverstone,24,21,ZHO,DEV,3,0
2023,Silverstone,24,22,ZHO,TSU,4,0
2023,Silverstone,24,27,ZHO,HUL,1,0
2023,Silverstone,24,31,ZHO,OCO,1,1
2023,Silverstone,24,77,ZHO,BOT,1,1
2023,Silverstone,27,10,HUL,GAS,1,0
2023,Silverstone,27,20,HUL,MAG,1,1
2023,Silverstone,27,21,HUL,DEV,1,0
2023,Silverstone,27,22,HUL,TSU,1,0
2023,Silverstone,27,24,HUL,ZHO,1,0
2023,Silverstone,27,31,HUL,OCO,1,1
2023,Silverstone,31,18,OCO,STR,1,1
2023,Silverstone,31,27,OCO,HUL,1,1
2023,Silverstone,44,10,HAM,GAS,1,1
2023,Silverstone,44,14,HAM,ALO,1,1
2023,Silverstone,44,16,HAM,LEC,1,0
2023,Silverstone,44,55,HAM,SAI,1,0
2023,Silverstone,44,63,HAM,RUS,1,0
2023,Silverstone,44,81,HAM,PIA,1,0
2023,Silverstone,55,10,SAI,GAS,2,0
2023,Silverstone,55,11,SAI,PER,1,0
2023,Silverstone,55,16,SAI,LEC,2,0
2023,Silverstone,55,18,SAI,STR,1,1
2023,Silverstone,55,23,SAI,ALB,1,0
2023,Silverstone,63,10,RUS,GAS,1,0
2023,Silverstone,63,14,RUS,ALO,1,0
2023,Silverstone,63,16,RUS,LEC,3,1
2023,Silverstone,63,23,RUS,ALB,1,0
2023,Silverstone,63,55,RUS,SAI,1,1
2023,Silverstone,77,2,BOT,SAR,1,0
2023,Silverstone,77,10,BOT,GAS,1,0
2023,Silverstone,77,18,BOT,STR,1,0
2023,Silverstone,77,20,BOT,MAG,1,0
2023,Silverstone,77,21,BOT,DEV,1,0
2023,Silverstone,77,22,BOT,TSU,1,0
2023,Silverstone,77,24,BOT,ZHO,2,1
2023,Silverstone,77,27,BOT,HUL,1,0
2023,Silverstone,77,31,BOT,OCO,1,1
2023,Silverstone,81,10,PIA,GAS,1,0
2023,Silverstone,81,14,PIA,ALO,1,0
2023,Singapore,1,4,VER,NOR,1,0
2023,Singapore,1,10,VER,GAS,1,1
2023,Singapore,1,14,VER,ALO,2,0
2023,Singapore,1,16,VER,LEC,1,0
2023,Singapore,1,20,VER,MAG,2,2
2023,Singapore,1,23,VER,ALB,1,0
2023,Singapore,1,24,VER,ZHO,1,1
2023,Singapore,1,27,VER,HUL,2,2
2023,Singapore,1,31,VER,OCO,2,1
2023,Singapore,1,40,VER,LAW,2,1
2023,Singapore,1,44,VER,HAM,1,0
2023,Singapore,1,63,VER,RUS,2,1
2023,Singapore,1,81,VER,PIA,1,1
2023,Singapore,2,11,SAR,PER,1,0
2023,Singapore,2,14,SAR,ALO,1,1
2023,Singapore,2,22,SAR,TSU,1,1
2023,Singapore,2,31,SAR,OCO,1,1
2023,Singapore,2,63,SAR,RUS,1,0
2023,Singapore,2,77,SAR,BOT,3,2
2023,Singapore,4,1,NOR,VER,1,1
2023,Singapore,4,11,NOR,PER,1,1
2023,Singapore,4,16,NOR,LEC,1,0
2023,Singapore,4,44,NOR,HAM,1,1
2023,Singapore,4,63,NOR,RUS,1,0
2023,Singapore,10,1,GAS,VER,1,0
2023,Singapore,10,11,GAS,PER,2,0
2023,Singapore,10,14,GAS,ALO,2,1
2023,Singapore,10,20,GAS,MAG,3,3
2023,Singapore,10,27,GAS,HUL,1,0
2023,Singapore,10,31,GAS,OCO,1,1
2023,Singapore,10,40,GAS,LAW,2,1
2023,Singapore,10,63,GAS,RUS,1,1
2023,Singapore,10,77,GAS,BOT,1,1
2023,Singapore,11,2,PER,SAR,1,1
2023,Singapore,11,4,PER,NOR,1,0
2023,Singapore,11,10,PER,GAS,2,0
2023,Singapore,11,14,PER,ALO,2,0
2023,Singapore,11,16,PER,LEC,1,0
2023,Singapore,11,20,PER,MAG,2,0
2023,Singapore,11,22,PER,TSU,1,1
2023,Singapore,11,23,PER,ALB,2,1
2023,Singapore,11,24,PER,ZHO,1,1
2023,Singapore,11,27,PER,HUL,2,1
2023,Singapore,11,31,PER,OCO,2,1
2023,Singapore,11,40,PER,LAW,2,1
2023,Singapore,11,44,PER,HAM,1,0
2023,Singapore,11,63,PER,RUS,1,0
2023,Singapore,11,77,PER,BOT,1,0
2023,Singapore,11,81,PER,PIA,2,2
2023,Singapore,14,1,ALO,VER,1,0
2023,Singapore,14,10,ALO,GAS,1,0
2023,Singapore,14,11,ALO,PER,1,0
2023,Singapore,14,20,ALO,MAG,2,1
2023,Singapore,14,23,ALO,ALB,1,0
2023,Singapore,14,24,ALO,ZHO,1,0
2023,Singapore,14,27,ALO,HUL,1,0
2023,Singapore,14,31,ALO,OCO,3,2
2023,Singapore,14,40,ALO,LAW,1,0
2023,Singapore,14,63,ALO,RUS,1,0
2023,Singapore,14,77,ALO,BOT,1,1
2023,Singapore,14,81,ALO,PIA,1,0
2023,Singapore,16,1,LEC,VER,1,1
2023,Singapore,16,11,LEC,PER,1,1
2023,Singapore,16,44,LEC,HAM,1,0
2023,Singapore,16,63,LEC,RUS,3,2
2023,Singapore,20,1,MAG,VER,2,0
2023,Singapore,20,2,MAG,SAR,1,0
2023,Singapore,20,10,MAG,GAS,3,2
2023,Singapore,20,11,MAG,PER,2,0
2023,Singapore,20,14,MAG,ALO,2,1
2023,Singapore,20,22,MAG,TSU,1,0
2023,Singapore,20,23,MAG,ALB,2,1
2023,Singapore,20,24,MAG,ZHO,2,1
2023,Singapore,20,27,MAG,HUL,2,1
2023,Singapore,20,31,MAG,OCO,1,1
2023,Singapore,20,40,MAG,LAW,1,0
2023,Singapore,20,63,MAG,RUS,1,0
2023,Singapore,20,77,MAG,BOT,2,1
2023,Singapore,20,81,MAG,PIA,1,0
2023,Singapore,22,11,TSU,PER,1,0
2023,Singapore,22,23,TSU,ALB,1,0
2023,Singapore,22,40,TSU,LAW,1,0
2023,Singapore,23,1,ALB,VER,1,0
2023,Singapore,23,11,ALB,PER,2,0
2023,Singapore,23,14,ALB,ALO,2,1
2023,Singapore,23,20,ALB,MAG,1,1
2023,Singapore,23,22,ALB,TSU,1,1
2023,Singapore,23,24,ALB,ZHO,2,2
2023,Singapore,23,27,ALB,HUL,2,2
2023,Singapore,23,31,ALB,OCO,1,1
2023,Singapore,23,63,ALB,RUS,1,0
2023,Singapore,23,77,ALB,BOT,2,2
2023,Singapore,23,81,ALB,PIA,1,1
2023,Singapore,24,1,ZHO,VER,1,0
2023,Singapore,24,2,ZHO,SAR,1,1
2023,Singapore,24,11,ZHO,PER,1,0
2023,Singapore,24,14,ZHO,ALO,2,0
2023,Singapore,24,20,ZHO,MAG,1,1
2023,Singapore,24,22,ZHO,TSU,1,1
2023,Singapore,24,23,ZHO,ALB,2,1
2023,Singapore,24,27,ZHO,HUL,1,1
2023,Singapore,24,31,ZHO,OCO,1,1
2023,Singapore,24,63,ZHO,RUS,1,0
2023,Singapore,24,77,ZHO,BOT,1,1
2023,Singapore,27,1,HUL,VER,1,0
2023,Singapore,27,11,HUL,PER,1,0
2023,Singapore,27,14,HUL,ALO,2,1
2023,Singapore,27,20,HUL,MAG,1,1
2023,Singapore,27,23,HUL,ALB,1,1
2023,Singapore,27,31,HUL,OCO,1,1
2023,Singapore,27,63,HUL,RUS,1,0
2023,Singapore,27,77,HUL,BOT,1,1
2023,Singapore,31,1,OCO,VER,1,0
2023,Singapore,31,11,OCO,PER,1,1
2023,Singapore,31,14,OCO,ALO,3,3
2023,Singapore,31,20,OCO,MAG,1,0
2023,Singapore,40,1,LAW,VER,1,0
2023,Singapore,40,10,LAW,GAS,1,1
2023,Singapore,40,11,LAW,PER,1,0
2023,Singapore,40,14,LAW,ALO,2,1
2023,Singapore,40,20,LAW,MAG,1,1
2023,Singapore,40,22,LAW,TSU,1,1
2023,Singapore,40,27,LAW,HUL,1,0
2023,Singapore,40,31,LAW,OCO,1,1
2023,Singapore,40,63,LAW,RUS,1,0
2023,Singapore,40,77,LAW,BOT,1,1
2023,Singapore,44,1,HAM,VER,1,1
2023,Singapore,44,4,HAM,NOR,1,1
2023,Singapore,44,11,HAM,PER,1,1
2023,Singapore,44,16,HAM,LEC,2,2
2023,Singapore,44,63,HAM,RUS,2,2
2023,Singapore,63,1,RUS,VER,1,1
2023,Singapore,63,16,RUS,LEC,2,1
2023,Singapore,63,44,RUS,HAM,1,1
2023,Singapore,77,2,BOT,SAR,2,1
2023,Singapore,77,10,BOT,GAS,1,0
2023,Singapore,77,11,BOT,PER,1,0
2023,Singapore,77,14,BOT,ALO,1,1
2023,Singapore,77,20,BOT,MAG,1,0
2023,Singapore,77,22,BOT,TSU,1,1
2023,Singapore,77,23,BOT,ALB,2,1
2023,Singapore,77,27,BOT,HUL,1,0
2023,Singapore,77,31,BOT,OCO,1,1
2023,Singapore,77,40,BOT,LAW,1,0
2023,Singapore,77,81,BOT,PIA,1,0
2023,Singapore,81,1,PIA,VER,1,0
2023,Singapore,81,11,PIA,PER,3,2
2023,Singapore,81,14,PIA,ALO,2,1
2023,Singapore,81,20,PIA,MAG,1,1
2023,Singapore,81,22,PIA,TSU,1,1
2023,Singapore,81,23,PIA,ALB,2,2
2023,Singapore,81,27,PIA,HUL,1,0
2023,Singapore,81,31,PIA,OCO,1,1
2023,Singapore,81,40,PIA,LAW,1,0
2023,Singapore,81,63,PIA,RUS,1,1
2023,Singapore,81,77,PIA,BOT,2,2
2023,Spa-Francorchamps,1,11,VER,PER,2,1
2023,Spa-Francorchamps,1,16,VER,LEC,1,1
2023,Spa-Francorchamps,1,44,VER,HAM,1,1
2023,Spa-Francorchamps,1,55,VER,SAI,1,1
2023,Spa-Francorchamps,1,81,VER,PIA,2,2
2023,Spa-Francorchamps,2,3,SAR,RIC,2,0
2023,Spa-Francorchamps,2,4,SAR,NOR,3,1
2023,Spa-Francorchamps,2,10,SAR,GAS,3,0
2023,Spa-Francorchamps,2,11,SAR,PER,2,1
2023,Spa-Francorchamps,2,14,SAR,ALO,1,1
2023,Spa-Francorchamps,2,18,SAR,STR,1,0
2023,Spa-Francorchamps,2,20,SAR,MAG,1,0
2023,Spa-Francorchamps,2,23,SAR,ALB,4,0
2023,Spa-Francorchamps,2,24,SAR,ZHO,3,1
2023,Spa-Francorchamps,2,27,SAR,HUL,3,2
2023,Spa-Francorchamps,2,31,SAR,OCO,1,0
2023,Spa-Francorchamps,2,44,SAR,HAM,1,0
2023,Spa-Francorchamps,2,55,SAR,SAI,4,1
2023,Spa-Francorchamps,2,63,SAR,RUS,1,0
2023,Spa-Francorchamps,2,77,SAR,BOT,1,1
2023,Spa-Francorchamps,2,81,SAR,PIA,2,0
2023,Spa-Francorchamps,3,2,RIC,SAR,3,0
2023,Spa-Francorchamps,3,4,RIC,NOR,2,1
2023,Spa-Francorchamps,3,11,RIC,PER,1,1
2023,Spa-Francorchamps,3,14,RIC,ALO,1,0
2023,Spa-Francorchamps,3,18,RIC,STR,1,0
2023,Spa-Francorchamps,3,20,RIC,MAG,2,0
2023,Spa-Francorchamps,3,22,RIC,TSU,1,0
2023,Spa-Francorchamps,3,23,RIC,ALB,1,0
2023,Spa-Francorchamps,3,24,RIC,ZHO,3,0
2023,Spa-Francorchamps,3,27,RIC,HUL,4,1
2023,Spa-Francorchamps,3,31,RIC,OCO,2,0
2023,Spa-Francorchamps,3,55,RIC,SAI,2,1
2023,Spa-Francorchamps,3,63,RIC,RUS,1,0
2023,Spa-Francorchamps,3,77,RIC,BOT,2,0
2023,Spa-Francorchamps,3,81,RIC,PIA,1,0
2023,Spa-Francorchamps,4,2,NOR,SAR,3,2
2023,Spa-Francorchamps,4,3,NOR,RIC,2,0
2023,Spa-Francorchamps,4,10,NOR,GAS,1,0
2023,Spa-Francorchamps,4,11,NOR,PER,1,1
2023,Spa-Francorchamps,4,18,NOR,STR,1,0
2023,Spa-Francorchamps,4,20,NOR,MAG,1,0
2023,Spa-Francorchamps,4,22,NOR,TSU,1,0
2023,Spa-Francorchamps,4,23,NOR,ALB,2,0
2023,Spa-Francorchamps,4,24,NOR,ZHO,2,1
2023,Spa-Francorchamps,4,27,NOR,HUL,2,0
2023,Spa-Francorchamps,4,31,NOR,OCO,2,0
2023,Spa-Francorchamps,4,55,NOR,SAI,3,2
2023,Spa-Francorchamps,4,63,NOR,RUS,1,0
2023,Spa-Francorchamps,4,77,NOR,BOT,2,0
2023,Spa-Francorchamps,4,81,NOR,PIA,2,2
2023,Spa-Francorchamps,10,2,GAS,SAR,3,0
2023,Spa-Francorchamps,10,4,GAS,NOR,2,0
2023,Spa-Francorchamps,10,14,GAS,ALO,2,0
2023,Spa-Francorchamps,10,16,GAS,LEC,1,0
2023,Spa-Francorchamps,10,18,GAS,STR,1,1
2023,Spa-Francorchamps,10,20,GAS,MAG,2,0
2023,Spa-Francorchamps,10,22,GAS,TSU,1,0
2023,Spa-Francorchamps,10,23,GAS,ALB,3,2
2023,Spa-Francorchamps,10,24,GAS,ZHO,3,1
2023,Spa-Francorchamps,10,27,GAS,HUL,2,1
2023,Spa-Francorchamps,10,31,GAS,OCO,3,0
2023,Spa-Francorchamps,10,55,GAS,SAI,2,1
2023,Spa-Francorchamps,10,63,GAS,RUS,2,0
2023,Spa-Francorchamps,10,77,GAS,BOT,2,0
2023,Spa-Francorchamps,10,81,GAS,PIA,1,0
2023,Spa-Francorchamps,11,1,PER,VER,1,0
2023,Spa-Francorchamps,11,2,PER,SAR,1,0
2023,Spa-Francorchamps,11,4,PER,NOR,1,0
2023,Spa-Francorchamps,11,14,PER,ALO,1,0
2023,Spa-Francorchamps,11,16,PER,LEC,2,1
2023,Spa-Francorchamps,11,20,PER,MAG,1,0
2023,Spa-Francorchamps,11,22,PER,TSU,1,0
2023,Spa-Francorchamps,11,24,PER,ZHO,1,0
2023,Spa-Francorchamps,11,31,PER,OCO,1,0
2023,Spa-Francorchamps,11,44,PER,HAM,1,1
2023,Spa-Francorchamps,11,55,PER,SAI,1,1
2023,Spa-Francorchamps,11,63,PER,RUS,1,0
2023,Spa-Francorchamps,14,2,ALO,SAR,1,0
2023,Spa-Francorchamps,14,3,ALO,RIC,1,0
2023,Spa-Francorchamps,14,4,ALO,NOR,1,1
2023,Spa-Francorchamps,14,10,ALO,GAS,2,1
2023,Spa-Francorchamps,14,11,ALO,PER,1,0
2023,Spa-Francorchamps,14,18,ALO,STR,2,1
2023,Spa-Francorchamps,14,23,ALO,ALB,1,0
2023,Spa-Francorchamps,14,27,ALO,HUL,3,1
2023,Spa-Francorchamps,14,44,ALO,HAM,2,0
2023,Spa-Francorchamps,14,55,ALO,SAI,2,1
2023,Spa-Francorchamps,14,63,ALO,RUS,2,1
2023,Spa-Francorchamps,14,81,ALO,PIA,2,0
2023,Spa-Francorchamps,16,11,LEC,PER,1,1
2023,Spa-Francorchamps,16,55,LEC,SAI,1,1
2023,Spa-Francorchamps,16,81,LEC,PIA,1,1
2023,Spa-Francorchamps,18,2,STR,SAR,3,0
2023,Spa-Francorchamps,18,3,STR,RIC,2,0
2023,Spa-Francorchamps,18,4,STR,NOR,2,1
2023,Spa-Francorchamps,18,10,STR,GAS,2,0
2023,Spa-Francorchamps,18,11,STR,PER,1,1
2023,Spa-Francorchamps,18,14,STR,ALO,2,0
2023,Spa-Francorchamps,18,20,STR,MAG,3,0
2023,Spa-Francorchamps,18,22,STR,TSU,3,0
2023,Spa-Francorchamps,18,23,STR,ALB,4,1
2023,Spa-Francorchamps,18,24,STR,ZHO,3,0
2023,Spa-Francorchamps,18,27,STR,HUL,2,0
2023,Spa-Francorchamps,18,31,STR,OCO,1,0
2023,Spa-Francorchamps,18,44,STR,HAM,1,0
2023,Spa-Francorchamps,18,55,STR,SAI,2,1
2023,Spa-Francorchamps,18,63,STR,RUS,5,2
2023,Spa-Francorchamps,18,77,STR,BOT,2,0
2023,Spa-Francorchamps,18,81,STR,PIA,2,0
2023,Spa-Francorchamps,20,2,MAG,SAR,1,0
2023,Spa-Francorchamps,20,3,MAG,RIC,2,0
2023,Spa-Francorchamps,20,4,MAG,NOR,1,1
2023,Spa-Francorchamps,20,10,MAG,GAS,2,0
2023,Spa-Francorchamps,20,11,MAG,PER,2,1
2023,Spa-Francorchamps,20,14,MAG,ALO,1,1
2023,Spa-Francorchamps,20,18,MAG,STR,2,0
2023,Spa-Francorchamps,20,22,MAG,TSU,2,1
2023,Spa-Francorchamps,20,23,MAG,ALB,4,0
2023,Spa-Francorchamps,20,24,MAG,ZHO,1,0
2023,Spa-Francorchamps,20,27,MAG,HUL,2,1
2023,Spa-Francorchamps,20,31,MAG,OCO,1,0
2023,Spa-Francorchamps,20,44,MAG,HAM,1,0
2023,Spa-Francorchamps,20,55,MAG,SAI,2,0
2023,Spa-Francorchamps,20,63,MAG,RUS,1,0
2023,Spa-Francorchamps,20,77,MAG,BOT,2,0
2023,Spa-Francorchamps,20,81,MAG,PIA,2,0
2023,Spa-Francorchamps,22,4,TSU,NOR,1,1
2023,Spa-Francorchamps,22,10,TSU,GAS,2,2
2023,Spa-Francorchamps,22,11,TSU,PER,1,1
2023,Spa-Francorchamps,22,14,TSU,ALO,1,1
2023,Spa-Francorchamps,22,18,TSU,STR,2,1
2023,Spa-Francorchamps,22,20,TSU,MAG,1,0
2023,Spa-Francorchamps,22,23,TSU,ALB,1,1
2023,Spa-Francorchamps,22,24,TSU,ZHO,1,0
2023,Spa-Francorchamps,22,27,TSU,HUL,1,0
2023,Spa-Francorchamps,22,31,TSU,OCO,1,0
2023,Spa-Francorchamps,22,55,TSU,SAI,1,1
2023,Spa-Francorchamps,22,63,TSU,RUS,2,0
2023,Spa-Francorchamps,22,81,TSU,PIA,1,0
2023,Spa-Francorchamps,23,2,ALB,SAR,4,0
2023,Spa-Francorchamps,23,3,ALB,RIC,1,1
2023,Spa-Francorchamps,23,4,ALB,NOR,2,1
2023,Spa-Francorchamps,23,10,ALB,GAS,3,1
2023,Spa-Francorchamps,23,11,ALB,PER,1,1
2023,Spa-Francorchamps,23,14,ALB,ALO,1,0
2023,Spa-Francorchamps,23,18,ALB,STR,2,1
2023,Spa-Francorchamps,23,20,ALB,MAG,4,2
2023,Spa-Francorchamps,23,22,ALB,TSU,2,0
2023,Spa-Francorchamps,23,24,ALB,ZHO,2,0
2023,Spa-Francorchamps,23,27,ALB,HUL,3,1
2023,Spa-Francorchamps,23,31,ALB,OCO,5,1
2023,Spa-Francorchamps,23,55,ALB,SAI,1,1
2023,Spa-Francorchamps,23,63,ALB,RUS,4,1
2023,Spa-Francorchamps,23,77,ALB,BOT,2,0
2023,Spa-Francorchamps,23,81,ALB,PIA,1,0
2023,Spa-Francorchamps,24,2,ZHO,SAR,3,1
2023,Spa-Francorchamps,24,3,ZHO,RIC,3,1
2023,Spa-Francorchamps,24,4,ZHO,NOR,2,1
2023,Spa-Francorchamps,24,10,ZHO,GAS,3,0
2023,Spa-Francorchamps,24,11,ZHO,PER,2,1
2023,Spa-Francorchamps,24,14,ZHO,ALO,1,1
2023,Spa-Francorchamps,24,18,ZHO,STR,2,0
2023,Spa-Francorchamps,24,20,ZHO,MAG,2,1
2023,Spa-Francorchamps,24,22,ZHO,TSU,2,1
2023,Spa-Francorchamps,24,23,ZHO,ALB,3,0
2023,Spa-Francorchamps,24,27,ZHO,HUL,4,2
2023,Spa-Francorchamps,24,31,ZHO,OCO,4,3
2023,Spa-Francorchamps,24,44,ZHO,HAM,1,0
2023,Spa-Francorchamps,24,55,ZHO,SAI,2,1
2023,Spa-Francorchamps,24,63,ZHO,RUS,1,0
2023,Spa-Francorchamps,24,77,ZHO,BOT,3,0
2023,Spa-Francorchamps,24,81,ZHO,PIA,2,0
2023,Spa-Francorchamps,27,2,HUL,SAR,4,1
2023,Spa-Francorchamps,27,3,HUL,RIC,5,2
2023,Spa-Francorchamps,27,4,HUL,NOR,2,0
2023,Spa-Francorchamps,27,10,HUL,GAS,3,1
2023,Spa-Francorchamps,27,11,HUL,PER,1,1
2023,Spa-Francorchamps,27,14,HUL,ALO,4,0
2023,Spa-Francorchamps,27,18,HUL,STR,2,0
2023,Spa-Francorchamps,27,20,HUL,MAG,2,1
2023,Spa-Francorchamps,27,22,HUL,TSU,2,0
2023,Spa-Francorchamps,27,23,HUL,ALB,4,0
2023,Spa-Francorchamps,27,24,HUL,ZHO,5,1
2023,Spa-Francorchamps,27,31,HUL,OCO,1,0
2023,Spa-Francorchamps,27,55,HUL,SAI,3,1
2023,Spa-Francorchamps,27,63,HUL,RUS,1,0
2023,Spa-Francorchamps,27,77,HUL,BOT,1,0
2023,Spa-Francorchamps,27,81,HUL,PIA,2,0
2023,Spa-Francorchamps,31,2,OCO,SAR,1,0
2023,Spa-Francorchamps,31,3,OCO,RIC,2,0
2023,Spa-Francorchamps,31,4,OCO,NOR,2,1
2023,Spa-Francorchamps,31,10,OCO,GAS,4,1
2023,Spa-Francorchamps,31,11,OCO,PER,2,1
2023,Spa-Francorchamps,31,18,OCO,STR,2,1
2023,Spa-Francorchamps,31,20,OCO,MAG,1,1
2023,Spa-Francorchamps,31,22,OCO,TSU,2,1
2023,Spa-Francorchamps,31,23,OCO,ALB,5,2
2023,Spa-Francorchamps,31,24,OCO,ZHO,4,3
2023,Spa-Francorchamps,31,27,OCO,HUL,1,0
2023,Spa-Francorchamps,31,44,OCO,HAM,1,0
2023,Spa-Francorchamps,31,55,OCO,SAI,2,0
2023,Spa-Francorchamps,31,63,OCO,RUS,1,0
2023,Spa-Francorchamps,31,77,OCO,BOT,2,2
2023,Spa-Francorchamps,31,81,OCO,PIA,2,0
2023,Spa-Francorchamps,44,2,HAM,SAR,1,0
2023,Spa-Francorchamps,44,4,HAM,NOR,1,0
2023,Spa-Francorchamps,44,11,HAM,PER,1,1
2023,Spa-Francorchamps,44,14,HAM,ALO,2,1
2023,Spa-Francorchamps,44,16,HAM,LEC,1,0
2023,Spa-Francorchamps,44,18,HAM,STR,1,0
2023,Spa-Francorchamps,44,20,HAM,MAG,1,0
2023,Spa-Francorchamps,44,22,HAM,TSU,1,0
2023,Spa-Francorchamps,44,24,HAM,ZHO,1,0
2023,Spa-Francorchamps,44,31,HAM,OCO,1,0
2023,Spa-Francorchamps,44,55,HAM,SAI,1,1
2023,Spa-Francorchamps,44,63,HAM,RUS,1,0
2023,Spa-Francorchamps,55,2,SAI,SAR,3,1
2023,Spa-Francorchamps,55,3,SAI,RIC,1,0
2023,Spa-Francorchamps,55,4,SAI,NOR,2,0
2023,Spa-Francorchamps,55,11,SAI,PER,1,1
2023,Spa-Francorchamps,55,14,SAI,ALO,1,0
2023,Spa-Francorchamps,55,16,SAI,LEC,1,0
2023,Spa-Francorchamps,55,18,SAI,STR,1,0
2023,Spa-Francorchamps,55,20,SAI,MAG,1,0
2023,Spa-Francorchamps,55,22,SAI,TSU,1,0
2023,Spa-Francorchamps,55,24,SAI,ZHO,1,0
2023,Spa-Francorchamps,55,27,SAI,HUL,2,0
2023,Spa-Francorchamps,55,31,SAI,OCO,1,0
2023,Spa-Francorchamps,55,63,SAI,RUS,1,0
2023,Spa-Francorchamps,55,77,SAI,BOT,1,0
2023,Spa-Francorchamps,63,2,RUS,SAR,1,0
2023,Spa-Francorchamps,63,3,RUS,RIC,1,1
2023,Spa-Francorchamps,63,4,RUS,NOR,2,2
2023,Spa-Francorchamps,63,10,RUS,GAS,2,0
2023,Spa-Francorchamps,63,11,RUS,PER,2,1
2023,Spa-Francorchamps,63,14,RUS,ALO,1,0
2023,Spa-Francorchamps,63,18,RUS,STR,5,4
2023,Spa-Francorchamps,63,20,RUS,MAG,1,0
2023,Spa-Francorchamps,63,22,RUS,TSU,2,0
2023,Spa-Francorchamps,63,23,RUS,ALB,4,0
2023,Spa-Francorchamps,63,24,RUS,ZHO,1,1
2023,Spa-Francorchamps,63,31,RUS,OCO,2,1
2023,Spa-Francorchamps,63,44,RUS,HAM,1,0
2023,Spa-Francorchamps,63,55,RUS,SAI,2,1
2023,Spa-Francorchamps,63,81,RUS,PIA,2,0
2023,Spa-Francorchamps,77,2,BOT,SAR,2,0
2023,Spa-Francorchamps,77,3,BOT,RIC,2,1
2023,Spa-Francorchamps,77,4,BOT,NOR,2,1
2023,Spa-Francorchamps,77,10,BOT,GAS,2,0
2023,Spa-Francorchamps,77,11,BOT,PER,1,1
2023,Spa-Francorchamps,77,14,BOT,ALO,1,0
2023,Spa-Francorchamps,77,18,BOT,STR,1,0
2023,Spa-Francorchamps,77,20,BOT,MAG,2,0
2023,Spa-Francorchamps,77,22,BOT,TSU,1,0
2023,Spa-Francorchamps,77,23,BOT,ALB,2,0
2023,Spa-Francorchamps,77,24,BOT,ZHO,3,0
2023,Spa-Francorchamps,77,27,BOT,HUL,1,0
2023,Spa-Francorchamps,77,31,BOT,OCO,1,0
2023,Spa-Francorchamps,77,55,BOT,SAI,1,0
2023,Spa-Francorchamps,77,63,BOT,RUS,1,0
2023,Spa-Francorchamps,77,81,BOT,PIA,1,0
2023,Spa-Francorchamps,81,1,PIA,VER,1,0
2023,Spa-Francorchamps,81,2,PIA,SAR,1,0
2023,Spa-Francorchamps,81,4,PIA,NOR,1,0
2023,Spa-Francorchamps,81,14,PIA,ALO,1,0
2023,Spa-Francorchamps,81,16,PIA,LEC,1,0
2023,Spa-Francorchamps,81,20,PIA,MAG,1,0
2023,Spa-Francorchamps,81,22,PIA,TSU,1,0
2023,Spa-Francorchamps,81,24,PIA,ZHO,1,0
2023,Spa-Francorchamps,81,31,PIA,OCO,1,0
2023,Spa-Francorchamps,81,63,PIA,RUS,1,0
2023,Spielberg,1,11,VER,PER,1,1
2023,Spielberg,1,16,VER,LEC,1,1
2023,Spielberg,1,55,VER,SAI,1,1
2023,Spielberg,2,18,SAR,STR,1,0
2023,Spielberg,2,20,SAR,MAG,2,1
2023,Spielberg,2,21,SAR,DEV,1,1
2023,Spielberg,2,22,SAR,TSU,2,0
2023,Spielberg,2,23,SAR,ALB,1,0
2023,Spielberg,2,24,SAR,ZHO,6,3
2023,Spielberg,2,27,SAR,HUL,1,0
2023,Spielberg,2,31,SAR,OCO,1,0
2023,Spielberg,2,63,SAR,RUS,3,0
2023,Spielberg,2,77,SAR,BOT,5,2
2023,Spielberg,2,81,SAR,PIA,3,1
2023,Spielberg,4,10,NOR,GAS,1,0
2023,Spielberg,4,11,NOR,PER,2,0
2023,Spielberg,4,14,NOR,ALO,2,0
2023,Spielberg,4,16,NOR,LEC,3,3
2023,Spielberg,4,18,NOR,STR,1,0
2023,Spielberg,4,20,NOR,MAG,1,1
2023,Spielberg,4,23,NOR,ALB,1,0
2023,Spielberg,4,27,NOR,HUL,1,0
2023,Spielberg,4,44,NOR,HAM,2,1
2023,Spielberg,4,55,NOR,SAI,2,0
2023,Spielberg,10,4,GAS,NOR,1,0
2023,Spielberg,10,11,GAS,PER,1,0
2023,Spielberg,10,16,GAS,LEC,1,0
2023,Spielberg,10,18,GAS,STR,2,0
2023,Spielberg,10,20,GAS,MAG,4,2
2023,Spielberg,10,21,GAS,DEV,2,2
2023,Spielberg,10,22,GAS,TSU,2,1
2023,Spielberg,10,23,GAS,ALB,2,1
2023,Spielberg,10,27,GAS,HUL,2,0
2023,Spielberg,10,44,GAS,HAM,2,0
2023,Spielberg,10,63,GAS,RUS,1,0
2023,Spielberg,11,1,PER,VER,1,1
2023,Spielberg,11,4,PER,NOR,3,1
2023,Spielberg,11,10,PER,GAS,2,1
2023,Spielberg,11,14,PER,ALO,2,1
2023,Spielberg,11,16,PER,LEC,1,0
2023,Spielberg,11,18,PER,STR,1,0
2023,Spielberg,11,20,PER,MAG,1,0
2023,Spielberg,11,22,PER,TSU,1,0
2023,Spielberg,11,23,PER,ALB,2,1
2023,Spielberg,11,27,PER,HUL,2,1
2023,Spielberg,11,31,PER,OCO,2,1
2023,Spielberg,11,44,PER,HAM,2,0
2023,Spielberg,11,55,PER,SAI,5,3
2023,Spielberg,11,63,PER,RUS,2,2
2023,Spielberg,11,77,PER,BOT,1,1
2023,Spielberg,11,81,PER,PIA,1,1
2023,Spielberg,14,4,ALO,NOR,2,0
2023,Spielberg,14,11,ALO,PER,1,0
2023,Spielberg,14,18,ALO,STR,1,1
2023,Spielberg,14,22,ALO,TSU,1,0
2023,Spielberg,14,23,ALO,ALB,1,1
2023,Spielberg,14,27,ALO,HUL,2,1
2023,Spielberg,14,31,ALO,OCO,1,1
2023,Spielberg,14,44,ALO,HAM,1,0
2023,Spielberg,14,55,ALO,SAI,1,1
2023,Spielberg,16,1,LEC,VER,1,0
2023,Spielberg,16,4,LEC,NOR,3,3
2023,Spielberg,16,10,LEC,GAS,1,1
2023,Spielberg,16,11,LEC,PER,1,0
2023,Spielberg,16,23,LEC,ALB,1,1
2023,Spielberg,16,27,LEC,HUL,1,0
2023,Spielberg,16,31,LEC,OCO,2,2
2023,Spielberg,16,77,LEC,BOT,1,1
2023,Spielberg,18,2,STR,SAR,1,0
2023,Spielberg,18,4,STR,NOR,2,0
2023,Spielberg,18,10,STR,GAS,1,0
2023,Spielberg,18,14,STR,ALO,1,0
2023,Spielberg,18,20,STR,MAG,2,1
2023,Spielberg,18,21,STR,DEV,1,0
2023,Spielberg,18,22,STR,TSU,2,2
2023,Spielberg,18,23,STR,ALB,2,1
2023,Spielberg,18,24,STR,ZHO,1,0
2023,Spielberg,18,27,STR,HUL,2,1
2023,Spielberg,18,31,STR,OCO,2,0
2023,Spielberg,18,44,STR,HAM,1,0
2023,Spielberg,18,81,STR,PIA,1,0
2023,Spielberg,20,2,MAG,SAR,2,0
2023,Spielberg,20,4,MAG,NOR,1,1
2023,Spielberg,20,10,MAG,GAS,4,1
2023,Spielberg,20,11,MAG,PER,1,0
2023,Spielberg,20,18,MAG,STR,2,0
2023,Spielberg,20,21,MAG,DEV,4,0
2023,Spielberg,20,22,MAG,TSU,4,0
2023,Spielberg,20,23,MAG,ALB,3,1
2023,Spielberg,20,24,MAG,ZHO,2,0
2023,Spielberg,20,27,MAG,HUL,1,0
2023,Spielberg,20,31,MAG,OCO,2,0
2023,Spielberg,20,44,MAG,HAM,1,1
2023,Spielberg,20,63,MAG,RUS,5,2
2023,Spielberg,20,77,MAG,BOT,5,3
2023,Spielberg,20,81,MAG,PIA,4,0
2023,Spielberg,21,2,DEV,SAR,1,0
2023,Spielberg,21,10,DEV,GAS,2,2
2023,Spielberg,21,18,DEV,STR,1,0
2023,Spielberg,21,20,DEV,MAG,5,0
2023,Spielberg,21,22,DEV,TSU,3,0
2023,Spielberg,21,24,DEV,ZHO,1,0
2023,Spielberg,21,27,DEV,HUL,2,0
2023,Spielberg,21,63,DEV,RUS,1,0
2023,Spielberg,21,77,DEV,BOT,3,1
2023,Spielberg,21,81,DEV,PIA,4,1
2023,Spielberg,22,2,TSU,SAR,1,0
2023,Spielberg,22,10,TSU,GAS,2,0
2023,Spielberg,22,11,TSU,PER,1,0
2023,Spielberg,22,14,TSU,ALO,1,0
2023,Spielberg,22,18,TSU,STR,2,1
2023,Spielberg,22,20,TSU,MAG,4,1
2023,Spielberg,22,21,TSU,DEV,2,1
2023,Spielberg,22,23,TSU,ALB,1,0
2023,Spielberg,22,24,TSU,ZHO,2,0
2023,Spielberg,22,27,TSU,HUL,2,0
2023,Spielberg,22,31,TSU,OCO,2,0
2023,Spielberg,22,44,TSU,HAM,2,1
2023,Spielberg,22,63,TSU,RUS,2,0
2023,Spielberg,22,77,TSU,BOT,3,2
2023,Spielberg,22,81,TSU,PIA,2,0
2023,Spielberg,23,2,ALB,SAR,1,0
2023,Spielberg,23,4,ALB,NOR,1,1
2023,Spielberg,23,10,ALB,GAS,2,2
2023,Spielberg,23,11,ALB,PER,1,0
2023,Spielberg,23,14,ALB,ALO,1,1
2023,Spielberg,23,16,ALB,LEC,1,1
2023,Spielberg,23,18,ALB,STR,2,0
2023,Spielberg,23,20,ALB,MAG,4,3
2023,Spielberg,23,22,ALB,TSU,1,1
2023,Spielberg,23,27,ALB,HUL,2,0
2023,Spielberg,23,31,ALB,OCO,1,1
2023,Spielberg,23,44,ALB,HAM,1,1
2023,Spielberg,23,77,ALB,BOT,2,2
2023,Spielberg,24,2,ZHO,SAR,4,2
2023,Spielberg,24,18,ZHO,STR,1,0
2023,Spielberg,24,20,ZHO,MAG,2,1
2023,Spielberg,24,21,ZHO,DEV,1,0
2023,Spielberg,24,22,ZHO,TSU,3,0
2023,Spielberg,24,27,ZHO,HUL,1,1
2023,Spielberg,24,63,ZHO,RUS,1,0
2023,Spielberg,24,77,ZHO,BOT,4,0
2023,Spielberg,24,81,ZHO,PIA,5,2
2023,Spielberg,27,4,HUL,NOR,2,1
2023,Spielberg,27,10,HUL,GAS,1,1
2023,Spielberg,27,11,HUL,PER,1,1
2023,Spielberg,27,14,HUL,ALO,1,0
2023,Spielberg,27,16,HUL,LEC,1,0
2023,Spielberg,27,18,HUL,STR,1,1
2023,Spielberg,27,21,HUL,DEV,1,0
2023,Spielberg,27,22,HUL,TSU,1,0
2023,Spielberg,27,23,HUL,ALB,1,0
2023,Spielberg,27,31,HUL,OCO,1,1
2023,Spielberg,31,2,OCO,SAR,1,0
2023,Spielberg,31,4,OCO,NOR,1,1
2023,Spielberg,31,11,OCO,PER,1,0
2023,Spielberg,31,14,OCO,ALO,1,1
2023,Spielberg,31,16,OCO,LEC,2,2
2023,Spielberg,31,18,OCO,STR,2,0
2023,Spielberg,31,20,OCO,MAG,2,1
2023,Spielberg,31,22,OCO,TSU,2,1
2023,Spielberg,31,23,OCO,ALB,1,0
2023,Spielberg,31,27,OCO,HUL,2,0
2023,Spielberg,31,63,OCO,RUS,1,1
2023,Spielberg,31,77,OCO,BOT,1,1
2023,Spielberg,44,4,HAM,NOR,2,1
2023,Spielberg,44,10,HAM,GAS,3,1
2023,Spielberg,44,11,HAM,PER,1,0
2023,Spielberg,44,14,HAM,ALO,1,0
2023,Spielberg,44,16,HAM,LEC,1,0
2023,Spielberg,44,18,HAM,STR,1,0
2023,Spielberg,44,20,HAM,MAG,2,2
2023,Spielberg,44,21,HAM,DEV,1,0
2023,Spielberg,44,22,HAM,TSU,3,2
2023,Spielberg,44,23,HAM,ALB,2,2
2023,Spielberg,44,24,HAM,ZHO,1,0
2023,Spielberg,44,55,HAM,SAI,2,1
2023,Spielberg,44,63,HAM,RUS,1,0
2023,Spielberg,44,77,HAM,BOT,1,1
2023,Spielberg,44,81,HAM,PIA,1,0
2023,Spielberg,55,1,SAI,VER,1,0
2023,Spielberg,55,4,SAI,NOR,3,1
2023,Spielberg,55,11,SAI,PER,4,3
2023,Spielberg,55,14,SAI,ALO,1,0
2023,Spielberg,55,27,SAI,HUL,1,1
2023,Spielberg,55,44,SAI,HAM,2,2
2023,Spielberg,63,2,RUS,SAR,3,0
2023,Spielberg,63,4,RUS,NOR,1,1
2023,Spielberg,63,10,RUS,GAS,3,1
2023,Spielberg,63,11,RUS,PER,1,0
2023,Spielberg,63,16,RUS,LEC,1,0
2023,Spielberg,63,18,RUS,STR,1,0
2023,Spielberg,63,20,RUS,MAG,6,3
2023,Spielberg,63,21,RUS,DEV,2,0
2023,Spielberg,63,22,RUS,TSU,3,1
2023,Spielberg,63,23,RUS,ALB,2,1
2023,Spielberg,63,24,RUS,ZHO,1,0
2023,Spielberg,63,27,RUS,HUL,1,0
2023,Spielberg,63,31,RUS,OCO,1,0
2023,Spielberg,63,44,RUS,HAM,1,0
2023,Spielberg,63,77,RUS,BOT,2,1
2023,Spielberg,63,81,RUS,PIA,1,0
2023,Spielberg,77,2,BOT,SAR,3,0
2023,Spielberg,77,10,BOT,GAS,1,0
2023,Spielberg,77,16,BOT,LEC,1,0
2023,Spielberg,77,18,BOT,STR,1,0
2023,Spielberg,77,20,BOT,MAG,5,2
2023,Spielberg,77,21,BOT,DEV,2,0
2023,Spielberg,77,22,BOT,TSU,3,0
2023,Spielberg,77,23,BOT,ALB,2,0
2023,Spielberg,77,24,BOT,ZHO,3,0
2023,Spielberg,77,27,BOT,HUL,1,0
2023,Spielberg,77,31,BOT,OCO,1,0
2023,Spielberg,77,44,BOT,HAM,1,0
2023,Spielberg,77,63,BOT,RUS,2,0
2023,Spielberg,77,81,BOT,PIA,6,1
2023,Spielberg,81,2,PIA,SAR,2,1
2023,Spielberg,81,10,PIA,GAS,1,1
2023,Spielberg,81,16,PIA,LEC,1,1
2023,Spielberg,81,18,PIA,STR,1,0
2023,Spielberg,81,20,PIA,MAG,5,1
2023,Spielberg,81,21,PIA,DEV,4,1
2023,Spielberg,81,22,PIA,TSU,2,0
2023,Spielberg,81,23,PIA,ALB,1,1
2023,Spielberg,81,24,PIA,ZHO,5,1
2023,Spielberg,81,27,PIA,HUL,1,0
2023,Spielberg,81,63,PIA,RUS,1,0
2023,Spielberg,81,77,PIA,BOT,5,3
2023,Suzuka,1,4,VER,NOR,2,1
2023,Suzuka,1,16,VER,LEC,1,0
2023,Suzuka,1,55,VER,SAI,1,0
2023,Suzuka,1,63,VER,RUS,1,1
2023,Suzuka,2,11,SAR,PER,1,0
2023,Suzuka,2,18,SAR,STR,1,1
2023,Suzuka,2,23,SAR,ALB,2,0
2023,Suzuka,2,24,SAR,ZHO,1,0
2023,Suzuka,2,31,SAR,OCO,1,0
2023,Suzuka,2,77,SAR,BOT,2,0
2023,Suzuka,4,1,NOR,VER,2,0
2023,Suzuka,4,10,NOR,GAS,1,0
2023,Suzuka,4,31,NOR,OCO,1,1
2023,Suzuka,4,55,NOR,SAI,2,0
2023,Suzuka,4,63,NOR,RUS,2,1
2023,Suzuka,4,81,NOR,PIA,2,1
2023,Suzuka,10,4,GAS,NOR,1,0
2023,Suzuka,10,11,GAS,PER,1,0
2023,Suzuka,10,14,GAS,ALO,2,0
2023,Suzuka,10,16,GAS,LEC,1,0
2023,Suzuka,10,18,GAS,STR,2,1
2023,Suzuka,10,20,GAS,MAG,1,1
2023,Suzuka,10,22,GAS,TSU,2,1
2023,Suzuka,10,24,GAS,ZHO,1,1
2023,Suzuka,10,27,GAS,HUL,4,2
2023,Suzuka,10,31,GAS,OCO,2,1
2023,Suzuka,10,40,GAS,LAW,2,1
2023,Suzuka,10,44,GAS,HAM,1,0
2023,Suzuka,10,81,GAS,PIA,1,0
2023,Suzuka,11,14,PER,ALO,2,0
2023,Suzuka,11,20,PER,MAG,1,0
2023,Suzuka,11,22,PER,TSU,1,0
2023,Suzuka,11,23,PER,ALB,2,1
2023,Suzuka,11,24,PER,ZHO,1,1
2023,Suzuka,11,27,PER,HUL,1,0
2023,Suzuka,11,40,PER,LAW,1,0
2023,Suzuka,14,10,ALO,GAS,2,0
2023,Suzuka,14,11,ALO,PER,3,1
2023,Suzuka,14,16,ALO,LEC,1,0
2023,Suzuka,14,18,ALO,STR,1,0
2023,Suzuka,14,20,ALO,MAG,1,0
2023,Suzuka,14,22,ALO,TSU,2,2
2023,Suzuka,14,23,ALO,ALB,1,1
2023,Suzuka,14,24,ALO,ZHO,1,1
2023,Suzuka,14,31,ALO,OCO,1,0
2023,Suzuka,14,44,ALO,HAM,2,1
2023,Suzuka,14,55,ALO,SAI,2,1
2023,Suzuka,14,63,ALO,RUS,2,1
2023,Suzuka,16,1,LEC,VER,1,0
2023,Suzuka,16,10,LEC,GAS,1,0
2023,Suzuka,16,14,LEC,ALO,1,0
2023,Suzuka,16,31,LEC,OCO,1,1
2023,Suzuka,16,55,LEC,SAI,3,0
2023,Suzuka,16,63,LEC,RUS,2,1
2023,Suzuka,16,81,LEC,PIA,1,0
2023,Suzuka,18,10,STR,GAS,2,0
2023,Suzuka,18,11,STR,PER,1,0
2023,Suzuka,18,14,STR,ALO,1,0
2023,Suzuka,18,20,STR,MAG,1,1
2023,Suzuka,18,22,STR,TSU,1,0
2023,Suzuka,18,23,STR,ALB,1,1
2023,Suzuka,18,27,STR,HUL,1,1
2023,Suzuka,18,31,STR,OCO,1,0
2023,Suzuka,18,40,STR,LAW,1,0
2023,Suzuka,18,77,STR,BOT,1,0
2023,Suzuka,18,81,STR,PIA,1,0
2023,Suzuka,20,10,MAG,GAS,1,1
2023,Suzuka,20,11,MAG,PER,2,0
2023,Suzuka,20,14,MAG,ALO,1,0
2023,Suzuka,20,18,MAG,STR,1,1
2023,Suzuka,20,22,MAG,TSU,2,0
2023,Suzuka,20,23,MAG,ALB,2,0
2023,Suzuka,20,24,MAG,ZHO,1,0
2023,Suzuka,20,27,MAG,HUL,2,0
2023,Suzuka,20,31,MAG,OCO,1,0
2023,Suzuka,20,40,MAG,LAW,2,0
2023,Suzuka,20,77,MAG,BOT,1,0
2023,Suzuka,22,10,TSU,GAS,1,0
2023,Suzuka,22,11,TSU,PER,2,0
2023,Suzuka,22,14,TSU,ALO,1,0
2023,Suzuka,22,18,TSU,STR,1,0
2023,Suzuka,22,20,TSU,MAG,2,0
2023,Suzuka,22,23,TSU,ALB,1,0
2023,Suzuka,22,24,TSU,ZHO,1,0
2023,Suzuka,22,27,TSU,HUL,1,0
2023,Suzuka,22,31,TSU,OCO,1,0
2023,Suzuka,22,40,TSU,LAW,3,2
2023,Suzuka,23,2,ALB,SAR,2,0
2023,Suzuka,23,11,ALB,PER,3,0
2023,Suzuka,23,14,ALB,ALO,1,0
2023,Suzuka,23,18,ALB,STR,1,1
2023,Suzuka,23,20,ALB,MAG,1,0
2023,Suzuka,23,22,ALB,TSU,1,0
2023,Suzuka,23,24,ALB,ZHO,1,0
2023,Suzuka,23,27,ALB,HUL,1,0
2023,Suzuka,23,31,ALB,OCO,1,1
2023,Suzuka,23,40,ALB,LAW,1,0
2023,Suzuka,23,77,ALB,BOT,1,1
2023,Suzuka,24,2,ZHO,SAR,1,0
2023,Suzuka,24,10,ZHO,GAS,1,0
2023,Suzuka,24,11,ZHO,PER,2,0
2023,Suzuka,24,14,ZHO,ALO,1,0
2023,Suzuka,24,18,ZHO,STR,1,1
2023,Suzuka,24,20,ZHO,MAG,2,0
2023,Suzuka,24,22,ZHO,TSU,1,0
2023,Suzuka,24,23,ZHO,ALB,2,0
2023,Suzuka,24,27,ZHO,HUL,3,0
2023,Suzuka,24,31,ZHO,OCO,2,0
2023,Suzuka,24,40,ZHO,LAW,1,0
2023,Suzuka,24,77,ZHO,BOT,1,0
2023,Suzuka,27,10,HUL,GAS,4,2
2023,Suzuka,27,11,HUL,PER,2,0
2023,Suzuka,27,18,HUL,STR,2,1
2023,Suzuka,27,20,HUL,MAG,3,1
2023,Suzuka,27,22,HUL,TSU,1,0
2023,Suzuka,27,23,HUL,ALB,2,0
2023,Suzuka,27,24,HUL,ZHO,2,0
2023,Suzuka,27,31,HUL,OCO,1,1
2023,Suzuka,27,40,HUL,LAW,1,0
2023,Suzuka,27,77,HUL,BOT,1,0
2023,Suzuka,31,2,OCO,SAR,1,0
2023,Suzuka,31,4,OCO,NOR,1,0
2023,Suzuka,31,10,OCO,GAS,3,0
2023,Suzuka,31,11,OCO,PER,1,0
2023,Suzuka,31,14,OCO,ALO,1,0
2023,Suzuka,31,16,OCO,LEC,1,0
2023,Suzuka,31,18,OCO,STR,1,0
2023,Suzuka,31,20,OCO,MAG,1,1
2023,Suzuka,31,22,OCO,TSU,2,0
2023,Suzuka,31,23,OCO,ALB,2,0
2023,Suzuka,31,24,OCO,ZHO,2,0
2023,Suzuka,31,27,OCO,HUL,1,0
2023,Suzuka,31,40,OCO,LAW,1,0
2023,Suzuka,31,44,OCO,HAM,1,0
2023,Suzuka,31,55,OCO,SAI,1,0
2023,Suzuka,31,63,OCO,RUS,1,0
2023,Suzuka,31,77,OCO,BOT,1,0
2023,Suzuka,40,10,LAW,GAS,1,0
2023,Suzuka,40,11,LAW,PER,2,0
2023,Suzuka,40,18,LAW,STR,1,0
2023,Suzuka,40,20,LAW,MAG,2,0
2023,Suzuka,40,22,LAW,TSU,4,3
2023,Suzuka,40,23,LAW,ALB,1,0
2023,Suzuka,40,24,LAW,ZHO,1,0
2023,Suzuka,40,27,LAW,HUL,1,0
2023,Suzuka,44,10,HAM,GAS,1,0
2023,Suzuka,44,11,HAM,PER,1,0
2023,Suzuka,44,14,HAM,ALO,2,1
2023,Suzuka,44,31,HAM,OCO,1,1
2023,Suzuka,44,55,HAM,SAI,1,0
2023,Suzuka,44,63,HAM,RUS,4,2
2023,Suzuka,44,81,HAM,PIA,1,0
2023,Suzuka,55,1,SAI,VER,1,0
2023,Suzuka,55,4,SAI,NOR,2,0
2023,Suzuka,55,11,SAI,PER,1,0
2023,Suzuka,55,14,SAI,ALO,2,2
2023,Suzuka,55,16,SAI,LEC,3,0
2023,Suzuka,55,31,SAI,OCO,1,1
2023,Suzuka,55,63,SAI,RUS,2,1
2023,Suzuka,55,81,SAI,PIA,2,0
2023,Suzuka,63,1,RUS,VER,1,0
2023,Suzuka,63,4,RUS,NOR,2,0
2023,Suzuka,63,11,RUS,PER,1,0
2023,Suzuka,63,14,RUS,ALO,2,0
2023,Suzuka,63,16,RUS,LEC,2,0
2023,Suzuka,63,31,RUS,OCO,1,0
2023,Suzuka,63,44,RUS,HAM,4,1
2023,Suzuka,63,55,RUS,SAI,2,0
2023,Suzuka,63,81,RUS,PIA,2,0
2023,Suzuka,77,2,BOT,SAR,1,0
2023,Suzuka,77,20,BOT,MAG,1,0
2023,Suzuka,77,23,BOT,ALB,1,0
2023,Suzuka,77,31,BOT,OCO,1,0
2023,Suzuka,81,4,PIA,NOR,1,0
2023,Suzuka,81,10,PIA,GAS,1,1
2023,Suzuka,81,16,PIA,LEC,1,0
2023,Suzuka,81,18,PIA,STR,1,0
2023,Suzuka,81,44,PIA,HAM,1,0
2023,Suzuka,81,55,PIA,SAI,2,0
2023,Suzuka,81,63,PIA,RUS,2,1
2023,Yas Marina Circuit,1,10,VER,GAS,1,0
2023,Yas Marina Circuit,1,11,VER,PER,1,0
2023,Yas Marina Circuit,1,16,VER,LEC,1,0
2023,Yas Marina Circuit,1,18,VER,STR,1,1
2023,Yas Marina Circuit,1,22,VER,TSU,1,0
2023,Yas Marina Circuit,1,55,VER,SAI,1,1
2023,Yas Marina Circuit,2,3,SAR,RIC,3,1
2023,Yas Marina Circuit,2,4,SAR,NOR,1,0
2023,Yas Marina Circuit,2,10,SAR,GAS,1,0
2023,Yas Marina Circuit,2,14,SAR,ALO,1,0
2023,Yas Marina Circuit,2,20,SAR,MAG,4,2
2023,Yas Marina Circuit,2,24,SAR,ZHO,4,1
2023,Yas Marina Circuit,2,27,SAR,HUL,2,0
2023,Yas Marina Circuit,2,55,SAR,SAI,1,0
2023,Yas Marina Circuit,2,63,SAR,RUS,1,0
2023,Yas Marina Circuit,2,77,SAR,BOT,2,1
2023,Yas Marina Circuit,2,81,SAR,PIA,1,0
2023,Yas Marina Circuit,3,2,RIC,SAR,3,2
2023,Yas Marina Circuit,3,10,RIC,GAS,2,0
2023,Yas Marina Circuit,3,11,RIC,PER,1,0
2023,Yas Marina Circuit,3,18,RIC,STR,1,0
2023,Yas Marina Circuit,3,22,RIC,TSU,1,0
2023,Yas Marina Circuit,3,23,RIC,ALB,3,0
2023,Yas Marina Circuit,3,24,RIC,ZHO,2,0
2023,Yas Marina Circuit,3,27,RIC,HUL,2,0
2023,Yas Marina Circuit,3,31,RIC,OCO,2,1
2023,Yas Marina Circuit,3,44,RIC,HAM,1,0
2023,Yas Marina Circuit,3,55,RIC,SAI,2,0
2023,Yas Marina Circuit,3,77,RIC,BOT,2,2
2023,Yas Marina Circuit,4,2,NOR,SAR,1,0
2023,Yas Marina Circuit,4,10,NOR,GAS,1,0
2023,Yas Marina Circuit,4,11,NOR,PER,2,0
2023,Yas Marina Circuit,4,14,NOR,ALO,1,0
2023,Yas Marina Circuit,4,18,NOR,STR,2,1
2023,Yas Marina Circuit,4,22,NOR,TSU,2,1
2023,Yas Marina Circuit,4,23,NOR,ALB,1,0
2023,Yas Marina Circuit,4,31,NOR,OCO,1,0
2023,Yas Marina Circuit,4,44,NOR,HAM,2,0
2023,Yas Marina Circuit,4,55,NOR,SAI,1,0
2023,Yas Marina Circuit,4,63,NOR,RUS,1,1
2023,Yas Marina Circuit,4,77,NOR,BOT,1,1
2023,Yas Marina Circuit,4,81,NOR,PIA,2,1
2023,Yas Marina Circuit,10,1,GAS,VER,1,0
2023,Yas Marina Circuit,10,2,GAS,SAR,1,1
2023,Yas Marina Circuit,10,3,GAS,RIC,1,0
2023,Yas Marina Circuit,10,4,GAS,NOR,1,0
2023,Yas Marina Circuit,10,11,GAS,PER,1,1
2023,Yas Marina Circuit,10,14,GAS,ALO,1,0
2023,Yas Marina Circuit,10,18,GAS,STR,1,0
2023,Yas Marina Circuit,10,23,GAS,ALB,1,0
2023,Yas Marina Circuit,10,24,GAS,ZHO,1,0
2023,Yas Marina Circuit,10,27,GAS,HUL,3,0
2023,Yas Marina Circuit,10,44,GAS,HAM,1,1
2023,Yas Marina Circuit,10,55,GAS,SAI,2,0
2023,Yas Marina Circuit,10,63,GAS,RUS,1,0
2023,Yas Marina Circuit,10,77,GAS,BOT,1,1
2023,Yas Marina Circuit,10,81,GAS,PIA,1,0
2023,Yas Marina Circuit,11,1,PER,VER,1,0
2023,Yas Marina Circuit,11,3,PER,RIC,1,1
2023,Yas Marina Circuit,11,4,PER,NOR,3,1
2023,Yas Marina Circuit,11,10,PER,GAS,1,1
2023,Yas Marina Circuit,11,14,PER,ALO,2,1
2023,Yas Marina Circuit,11,16,PER,LEC,2,1
2023,Yas Marina Circuit,11,18,PER,STR,1,0
2023,Yas Marina Circuit,11,22,PER,TSU,2,1
2023,Yas Marina Circuit,11,27,PER,HUL,1,0
2023,Yas Marina Circuit,11,44,PER,HAM,1,1
2023,Yas Marina Circuit,11,55,PER,SAI,1,0
2023,Yas Marina Circuit,11,63,PER,RUS,3,1
2023,Yas Marina Circuit,11,77,PER,BOT,1,1
2023,Yas Marina Circuit,11,81,PER,PIA,2,1
2023,Yas Marina Circuit,14,2,ALO,SAR,1,0
2023,Yas Marina Circuit,14,4,ALO,NOR,1,0
2023,Yas Marina Circuit,14,10,ALO,GAS,1,0
2023,Yas Marina Circuit,14,11,ALO,PER,1,0
2023,Yas Marina Circuit,14,16,ALO,LEC,1,0
2023,Yas Marina Circuit,14,18,ALO,STR,2,0
2023,Yas Marina Circuit,14,22,ALO,TSU,3,2
2023,Yas Marina Circuit,14,23,ALO,ALB,1,0
2023,Yas Marina Circuit,14,24,ALO,ZHO,1,0
2023,Yas Marina Circuit,14,27,ALO,HUL,1,0
2023,Yas Marina Circuit,14,31,ALO,OCO,2,1
2023,Yas Marina Circuit,14,44,ALO,HAM,2,1
2023,Yas Marina Circuit,14,55,ALO,SAI,2,1
2023,Yas Marina Circuit,14,63,ALO,RUS,1,0
2023,Yas Marina Circuit,14,77,ALO,BOT,1,1
2023,Yas Marina Circuit,16,1,LEC,VER,1,0
2023,Yas Marina Circuit,16,11,LEC,PER,1,0
2023,Yas Marina Circuit,16,14,LEC,ALO,1,0
2023,Yas Marina Circuit,16,18,LEC,STR,1,0
2023,Yas Marina Circuit,16,22,LEC,TSU,2,1
2023,Yas Marina Circuit,16,55,LEC,SAI,1,1
2023,Yas Marina Circuit,16,81,LEC,PIA,1,0
2023,Yas Marina Circuit,18,1,STR,VER,1,0
2023,Yas Marina Circuit,18,3,STR,RIC,1,1
2023,Yas Marina Circuit,18,4,STR,NOR,2,0
2023,Yas Marina Circuit,18,10,STR,GAS,2,0
2023,Yas Marina Circuit,18,11,STR,PER,1,0
2023,Yas Marina Circuit,18,14,STR,ALO,2,0
2023,Yas Marina Circuit,18,16,STR,LEC,1,0
2023,Yas Marina Circuit,18,23,STR,ALB,1,0
2023,Yas Marina Circuit,18,27,STR,HUL,1,1
2023,Yas Marina Circuit,18,31,STR,OCO,3,2
2023,Yas Marina Circuit,18,44,STR,HAM,2,0
2023,Yas Marina Circuit,18,55,STR,SAI,2,0
2023,Yas Marina Circuit,18,63,STR,RUS,2,0
2023,Yas Marina Circuit,18,77,STR,BOT,1,1
2023,Yas Marina Circuit,18,81,STR,PIA,2,0
2023,Yas Marina Circuit,20,2,MAG,SAR,3,1
2023,Yas Marina Circuit,20,23,MAG,ALB,2,0
2023,Yas Marina Circuit,20,24,MAG,ZHO,2,0
2023,Yas Marina Circuit,20,27,MAG,HUL,1,0
2023,Yas Marina Circuit,22,1,TSU,VER,1,0
2023,Yas Marina Circuit,22,3,TSU,RIC,1,1
2023,Yas Marina Circuit,22,4,TSU,NOR,2,0
2023,Yas Marina Circuit,22,11,TSU,PER,1,0
2023,Yas Marina Circuit,22,14,TSU,ALO,2,1
2023,Yas Marina Circuit,22,16,TSU,LEC,2,0
2023,Yas Marina Circuit,22,44,TSU,HAM,2,0
2023,Yas Marina Circuit,22,55,TSU,SAI,1,0
2023,Yas Marina Circuit,22,63,TSU,RUS,2,0
2023,Yas Marina Circuit,22,77,TSU,BOT,1,0
2023,Yas Marina Circuit,22,81,TSU,PIA,2,0
2023,Yas Marina Circuit,23,3,ALB,RIC,2,0
2023,Yas Marina Circuit,23,4,ALB,NOR,1,0
2023,Yas Marina Circuit,23,10,ALB,GAS,1,0
2023,Yas Marina Circuit,23,14,ALB,ALO,1,0
2023,Yas Marina Circuit,23,18,ALB,STR,1,0
2023,Yas Marina Circuit,23,20,ALB,MAG,2,0
2023,Yas Marina Circuit,23,24,ALB,ZHO,4,3
2023,Yas Marina Circuit,23,27,ALB,HUL,3,1
2023,Yas Marina Circuit,23,31,ALB,OCO,1,0
2023,Yas Marina Circuit,23,44,ALB,HAM,1,0
2023,Yas Marina Circuit,23,55,ALB,SAI,1,0
2023,Yas Marina Circuit,23,63,ALB,RUS,1,0
2023,Yas Marina Circuit,23,77,ALB,BOT,1,0
2023,Yas Marina Circuit,23,81,ALB,PIA,1,0
2023,Yas Marina Circuit,24,2,ZHO,SAR,3,0
2023,Yas Marina Circuit,24,3,ZHO,RIC,2,0
2023,Yas Marina Circuit,24,10,ZHO,GAS,1,0
2023,Yas Marina Circuit,24,14,ZHO,ALO,1,0
2023,Yas Marina Circuit,24,20,ZHO,MAG,3,1
2023,Yas Marina Circuit,24,23,ZHO,ALB,4,2
2023,Yas Marina Circuit,24,27,ZHO,HUL,1,0
2023,Yas Marina Circuit,24,55,ZHO,SAI,1,0
2023,Yas Marina Circuit,24,77,ZHO,BOT,2,1
2023,Yas Marina Circuit,27,2,HUL,SAR,2,0
2023,Yas Marina Circuit,27,3,HUL,RIC,1,0
2023,Yas Marina Circuit,27,10,HUL,GAS,2,0
2023,Yas Marina Circuit,27,14,HUL,ALO,1,0
2023,Yas Marina Circuit,27,20,HUL,MAG,1,1
2023,Yas Marina Circuit,27,23,HUL,ALB,2,0
2023,Yas Marina Circuit,27,24,HUL,ZHO,1,0
2023,Yas Marina Circuit,27,55,HUL,SAI,2,1
2023,Yas Marina Circuit,27,77,HUL,BOT,1,0
2023,Yas Marina Circuit,31,3,OCO,RIC,1,0
2023,Yas Marina Circuit,31,4,OCO,NOR,1,0
2023,Yas Marina Circuit,31,10,OCO,GAS,1,0
2023,Yas Marina Circuit,31,14,OCO,ALO,2,0
2023,Yas Marina Circuit,31,18,OCO,STR,2,0
2023,Yas Marina Circuit,31,23,OCO,ALB,1,0
2023,Yas Marina Circuit,31,27,OCO,HUL,1,0
2023,Yas Marina Circuit,31,44,OCO,HAM,1,0
2023,Yas Marina Circuit,31,55,OCO,SAI,2,0
2023,Yas Marina Circuit,31,63,OCO,RUS,1,0
2023,Yas Marina Circuit,31,77,OCO,BOT,1,1
2023,Yas Marina Circuit,31,81,OCO,PIA,2,0
2023,Yas Marina Circuit,44,3,HAM,RIC,1,1
2023,Yas Marina Circuit,44,4,HAM,NOR,2,0
2023,Yas Marina Circuit,44,10,HAM,GAS,2,0
2023,Yas Marina Circuit,44,11,HAM,PER,1,0
2023,Yas Marina Circuit,44,14,HAM,ALO,2,0
2023,Yas Marina Circuit,44,18,HAM,STR,2,0
2023,Yas Marina Circuit,44,22,HAM,TSU,2,0
2023,Yas Marina Circuit,44,23,HAM,ALB,1,0
2023,Yas Marina Circuit,44,27,HAM,HUL,1,0
2023,Yas Marina Circuit,44,31,HAM,OCO,1,1
2023,Yas Marina Circuit,44,55,HAM,SAI,2,1
2023,Yas Marina Circuit,44,63,HAM,RUS,2,0
2023,Yas Marina Circuit,44,77,HAM,BOT,1,1
2023,Yas Marina Circuit,44,81,HAM,PIA,1,0
2023,Yas Marina Circuit,55,1,SAI,VER,1,0
2023,Yas Marina Circuit,55,3,SAI,RIC,2,0
2023,Yas Marina Circuit,55,4,SAI,NOR,1,0
2023,Yas Marina Circuit,55,10,SAI,GAS,2,0
2023,Yas Marina Circuit,55,11,SAI,PER,1,0
2023,Yas Marina Circuit,55,14,SAI,ALO,2,0
2023,Yas Marina Circuit,55,16,SAI,LEC,1,0
2023,Yas Marina Circuit,55,18,SAI,STR,2,0
2023,Yas Marina Circuit,55,22,SAI,TSU,1,0
2023,Yas Marina Circuit,55,23,SAI,ALB,1,0
2023,Yas Marina Circuit,55,27,SAI,HUL,2,2
2023,Yas Marina Circuit,55,31,SAI,OCO,2,0
2023,Yas Marina Circuit,55,44,SAI,HAM,2,0
2023,Yas Marina Circuit,55,63,SAI,RUS,1,0
2023,Yas Marina Circuit,55,77,SAI,BOT,1,1
2023,Yas Marina Circuit,55,81,SAI,PIA,2,0
2023,Yas Marina Circuit,63,2,RUS,SAR,1,0
2023,Yas Marina Circuit,63,4,RUS,NOR,1,0
2023,Yas Marina Circuit,63,10,RUS,GAS,1,0
2023,Yas Marina Circuit,63,11,RUS,PER,2,0
2023,Yas Marina Circuit,63,14,RUS,ALO,1,0
2023,Yas Marina Circuit,63,18,RUS,STR,2,1
2023,Yas Marina Circuit,63,22,RUS,TSU,2,1
2023,Yas Marina Circuit,63,23,RUS,ALB,1,0
2023,Yas Marina Circuit,63,31,RUS,OCO,1,0
2023,Yas Marina Circuit,63,44,RUS,HAM,2,0
2023,Yas Marina Circuit,63,77,RUS,BOT,1,1
2023,Yas Marina Circuit,63,81,RUS,PIA,4,3
2023,Yas Marina Circuit,77,2,BOT,SAR,1,0
2023,Yas Marina Circuit,77,3,BOT,RIC,2,1
2023,Yas Marina Circuit,77,4,BOT,NOR,1,0
2023,Yas Marina Circuit,77,10,BOT,GAS,1,0
2023,Yas Marina Circuit,77,11,BOT,PER,1,0
2023,Yas Marina Circuit,77,14,BOT,ALO,1,0
2023,Yas Marina Circuit,77,18,BOT,STR,1,0
2023,Yas Marina Circuit,77,20,BOT,MAG,1,0
2023,Yas Marina Circuit,77,22,BOT,TSU,1,0
2023,Yas Marina Circuit,77,23,BOT,ALB,1,0
2023,Yas Marina Circuit,77,24,BOT,ZHO,1,0
2023,Yas Marina Circuit,77,27,BOT,HUL,1,0
2023,Yas Marina Circuit,77,31,BOT,OCO,1,0
2023,Yas Marina Circuit,77,44,BOT,HAM,1,0
2023,Yas Marina Circuit,77,55,BOT,SAI,1,0
2023,Yas Marina Circuit,77,63,BOT,RUS,1,0
2023,Yas Marina Circuit,77,81,BOT,PIA,1,0
2023,Yas Marina Circuit,81,2,PIA,SAR,1,0
2023,Yas Marina Circuit,81,4,PIA,NOR,1,0
2023,Yas Marina Circuit,81,10,PIA,GAS,1,0
2023,Yas Marina Circuit,81,11,PIA,PER,1,0
2023,Yas Marina Circuit,81,16,PIA,LEC,1,0
2023,Yas Marina Circuit,81,18,PIA,STR,2,0
2023,Yas Marina Circuit,81,22,PIA,TSU,2,1
2023,Yas Marina Circuit,81,23,PIA,ALB,1,0
2023,Yas Marina Circuit,81,31,PIA,OCO,2,0
2023,Yas Marina Circuit,81,44,PIA,HAM,1,0
2023,Yas Marina Circuit,81,55,PIA,SAI,2,0
2023,Yas Marina Circuit,81,63,PIA,RUS,3,2
2023,Yas Marina Circuit,81,77,PIA,BOT,1,1
2023,Zandvoort,1,2,VER,SAR,1,0
2023,Zandvoort,1,4,VER,NOR,1,0
2023,Zandvoort,1,10,VER,GAS,1,1
2023,Zandvoort,1,11,VER,PER,1,0
2023,Zandvoort,1,18,VER,STR,1,0
2023,Zandvoort,1,23,VER,ALB,1,0
2023,Zandvoort,1,24,VER,ZHO,1,1
2023,Zandvoort,1,27,VER,HUL,1,0
2023,Zandvoort,1,44,VER,HAM,1,0
2023,Zandvoort,1,63,VER,RUS,1,1
2023,Zandvoort,1,77,VER,BOT,1,0
2023,Zandvoort,1,81,VER,PIA,1,0
2023,Zandvoort,2,1,SAR,VER,1,0
2023,Zandvoort,2,4,SAR,NOR,1,0
2023,Zandvoort,2,10,SAR,GAS,1,0
2023,Zandvoort,2,11,SAR,PER,2,0
2023,Zandvoort,2,14,SAR,ALO,1,0
2023,Zandvoort,2,16,SAR,LEC,2,0
2023,Zandvoort,2,18,SAR,STR,1,0
2023,Zandvoort,2,24,SAR,ZHO,1,0
2023,Zandvoort,2,31,SAR,OCO,1,0
2023,Zandvoort,2,44,SAR,HAM,1,0
2023,Zandvoort,2,55,SAR,SAI,1,0
2023,Zandvoort,4,1,NOR,VER,1,0
2023,Zandvoort,4,2,NOR,SAR,1,0
2023,Zandvoort,4,14,NOR,ALO,1,0
2023,Zandvoort,4,16,NOR,LEC,1,0
2023,Zandvoort,4,18,NOR,STR,1,0
2023,Zandvoort,4,20,NOR,MAG,2,1
2023,Zandvoort,4,22,NOR,TSU,1,1
2023,Zandvoort,4,23,NOR,ALB,2,1
2023,Zandvoort,4,24,NOR,ZHO,1,1
2023,Zandvoort,4,27,NOR,HUL,2,1
2023,Zandvoort,4,31,NOR,OCO,1,0
2023,Zandvoort,4,40,NOR,LAW,1,1
2023,Zandvoort,4,44,NOR,HAM,1,0
2023,Zandvoort,4,55,NOR,SAI,1,0
2023,Zandvoort,4,63,NOR,RUS,4,0
2023,Zandvoort,4,77,NOR,BOT,2,1
2023,Zandvoort,4,81,NOR,PIA,4,1
2023,Zandvoort,10,1,GAS,VER,1,0
2023,Zandvoort,10,2,GAS,SAR,2,0
2023,Zandvoort,10,4,GAS,NOR,1,0
2023,Zandvoort,10,11,GAS,PER,2,0
2023,Zandvoort,10,14,GAS,ALO,1,0
2023,Zandvoort,10,16,GAS,LEC,1,0
2023,Zandvoort,10,18,GAS,STR,2,2
2023,Zandvoort,10,22,GAS,TSU,1,1
2023,Zandvoort,10,23,GAS,ALB,2,1
2023,Zandvoort,10,24,GAS,ZHO,1,0
2023,Zandvoort,10,27,GAS,HUL,1,0
2023,Zandvoort,10,31,GAS,OCO,2,0
2023,Zandvoort,10,44,GAS,HAM,1,1
2023,Zandvoort,10,55,GAS,SAI,3,2
2023,Zandvoort,10,63,GAS,RUS,1,1
2023,Zandvoort,10,77,GAS,BOT,1,1
2023,Zandvoort,10,81,GAS,PIA,3,2
2023,Zandvoort,11,1,PER,VER,1,0
2023,Zandvoort,11,2,PER,SAR,1,0
2023,Zandvoort,11,4,PER,NOR,1,0
2023,Zandvoort,11,10,PER,GAS,2,0
2023,Zandvoort,11,14,PER,ALO,3,0
2023,Zandvoort,11,18,PER,STR,1,1
2023,Zandvoort,11,23,PER,ALB,2,0
2023,Zandvoort,11,27,PER,HUL,1,0
2023,Zandvoort,11,31,PER,OCO,1,0
2023,Zandvoort,11,44,PER,HAM,2,0
2023,Zandvoort,11,55,PER,SAI,2,0
2023,Zandvoort,11,63,PER,RUS,1,1
2023,Zandvoort,11,77,PER,BOT,1,1
2023,Zandvoort,11,81,PER,PIA,1,1
2023,Zandvoort,14,2,ALO,SAR,1,0
2023,Zandvoort,14,4,ALO,NOR,2,1
2023,Zandvoort,14,10,ALO,GAS,1,0
2023,Zandvoort,14,11,ALO,PER,3,1
2023,Zandvoort,14,16,ALO,LEC,2,1
2023,Zandvoort,14,18,ALO,STR,1,0
2023,Zandvoort,14,22,ALO,TSU,1,0
2023,Zandvoort,14,23,ALO,ALB,2,1
2023,Zandvoort,14,24,ALO,ZHO,1,0
2023,Zandvoort,14,27,ALO,HUL,1,0
2023,Zandvoort,14,44,ALO,HAM,1,0
2023,Zandvoort,14,55,ALO,SAI,1,1
2023,Zandvoort,14,63,ALO,RUS,2,1
2023,Zandvoort,14,77,ALO,BOT,1,0
2023,Zandvoort,14,81,ALO,PIA,1,0
2023,Zandvoort,16,2,LEC,SAR,2,1
2023,Zandvoort,16,4,LEC,NOR,1,0
2023,Zandvoort,16,10,LEC,GAS,1,0
2023,Zandvoort,16,14,LEC,ALO,2,0
2023,Zandvoort,16,18,LEC,STR,1,0
2023,Zandvoort,16,20,LEC,MAG,2,0
2023,Zandvoort,16,22,LEC,TSU,1,0
2023,Zandvoort,16,23,LEC,ALB,1,1
2023,Zandvoort,16,24,LEC,ZHO,3,0
2023,Zandvoort,16,27,LEC,HUL,1,1
2023,Zandvoort,16,31,LEC,OCO,2,0
2023,Zandvoort,16,40,LEC,LAW,3,2
2023,Zandvoort,16,44,LEC,HAM,1,1
2023,Zandvoort,16,55,LEC,SAI,2,0
2023,Zandvoort,16,63,LEC,RUS,1,0
2023,Zandvoort,16,77,LEC,BOT,1,1
2023,Zandvoort,16,81,LEC,PIA,3,0
2023,Zandvoort,18,1,STR,VER,1,0
2023,Zandvoort,18,2,STR,SAR,2,0
2023,Zandvoort,18,4,STR,NOR,1,0
2023,Zandvoort,18,10,STR,GAS,1,1
2023,Zandvoort,18,11,STR,PER,1,0
2023,Zandvoort,18,14,STR,ALO,1,0
2023,Zandvoort,18,16,STR,LEC,2,1
2023,Zandvoort,18,20,STR,MAG,1,1
2023,Zandvoort,18,22,STR,TSU,1,1
2023,Zandvoort,18,24,STR,ZHO,1,1
2023,Zandvoort,18,27,STR,HUL,4,2
2023,Zandvoort,18,40,STR,LAW,2,1
2023,Zandvoort,18,55,STR,SAI,1,0
2023,Zandvoort,18,63,STR,RUS,1,0
2023,Zandvoort,18,77,STR,BOT,1,0
2023,Zandvoort,18,81,STR,PIA,1,0
2023,Zandvoort,20,2,MAG,SAR,1,1
2023,Zandvoort,20,4,MAG,NOR,2,0
2023,Zandvoort,20,16,MAG,LEC,2,1
2023,Zandvoort,20,18,MAG,STR,1,1
2023,Zandvoort,20,22,MAG,TSU,1,0
2023,Zandvoort,20,23,MAG,ALB,1,1
2023,Zandvoort,20,24,MAG,ZHO,1,0
2023,Zandvoort,20,27,MAG,HUL,2,0
2023,Zandvoort,20,31,MAG,OCO,2,0
2023,Zandvoort,20,40,MAG,LAW,3,0
2023,Zandvoort,20,44,MAG,HAM,1,0
2023,Zandvoort,20,63,MAG,RUS,2,0
2023,Zandvoort,20,77,MAG,BOT,3,2
2023,Zandvoort,20,81,MAG,PIA,2,2
2023,Zandvoort,22,2,TSU,SAR,1,1
2023,Zandvoort,22,4,TSU,NOR,1,0
2023,Zandvoort,22,10,TSU,GAS,1,0
2023,Zandvoort,22,14,TSU,ALO,1,0
2023,Zandvoort,22,16,TSU,LEC,1,0
2023,Zandvoort,22,18,TSU,STR,1,1
2023,Zandvoort,22,20,TSU,MAG,1,1
2023,Zandvoort,22,23,TSU,ALB,3,1
2023,Zandvoort,22,24,TSU,ZHO,1,1
2023,Zandvoort,22,27,TSU,HUL,1,1
2023,Zandvoort,22,31,TSU,OCO,3,1
2023,Zandvoort,22,40,TSU,LAW,1,1
2023,Zandvoort,22,44,TSU,HAM,1,0
2023,Zandvoort,22,55,TSU,SAI,2,0
2023,Zandvoort,22,63,TSU,RUS,2,0
2023,Zandvoort,22,77,TSU,BOT,1,1
2023,Zandvoort,22,81,TSU,PIA,2,1
2023,Zandvoort,23,1,ALB,VER,1,0
2023,Zandvoort,23,4,ALB,NOR,2,0
2023,Zandvoort,23,10,ALB,GAS,1,0
2023,Zandvoort,23,11,ALB,PER,1,0
2023,Zandvoort,23,14,ALB,ALO,1,0
2023,Zandvoort,23,16,ALB,LEC,1,0
2023,Zandvoort,23,20,ALB,MAG,1,1
2023,Zandvoort,23,22,ALB,TSU,3,3
2023,Zandvoort,23,24,ALB,ZHO,1,1
2023,Zandvoort,23,27,ALB,HUL,1,0
2023,Zandvoort,23,31,ALB,OCO,1,1
2023,Zandvoort,23,40,ALB,LAW,1,0
2023,Zandvoort,23,44,ALB,HAM,2,0
2023,Zandvoort,23,55,ALB,SAI,3,1
2023,Zandvoort,23,63,ALB,RUS,4,1
2023,Zandvoort,23,81,ALB,PIA,1,0
2023,Zandvoort,24,1,ZHO,VER,1,0
2023,Zandvoort,24,2,ZHO,SAR,2,0
2023,Zandvoort,24,4,ZHO,NOR,1,0
2023,Zandvoort,24,10,ZHO,GAS,1,0
2023,Zandvoort,24,14,ZHO,ALO,1,0
2023,Zandvoort,24,16,ZHO,LEC,3,1
2023,Zandvoort,24,18,ZHO,STR,1,1
2023,Zandvoort,24,23,ZHO,ALB,1,1
2023,Zandvoort,24,27,ZHO,HUL,2,0
2023,Zandvoort,24,31,ZHO,OCO,1,0
2023,Zandvoort,24,40,ZHO,LAW,1,1
2023,Zandvoort,24,44,ZHO,HAM,1,0
2023,Zandvoort,24,55,ZHO,SAI,1,0
2023,Zandvoort,24,63,ZHO,RUS,1,1
2023,Zandvoort,24,77,ZHO,BOT,2,0
2023,Zandvoort,24,81,ZHO,PIA,2,0
2023,Zandvoort,27,1,HUL,VER,1,0
2023,Zandvoort,27,2,HUL,SAR,1,0
2023,Zandvoort,27,4,HUL,NOR,2,0
2023,Zandvoort,27,10,HUL,GAS,1,0
2023,Zandvoort,27,11,HUL,PER,1,0
2023,Zandvoort,27,14,HUL,ALO,1,0
2023,Zandvoort,27,16,HUL,LEC,2,1
2023,Zandvoort,27,18,HUL,STR,4,1
2023,Zandvoort,27,20,HUL,MAG,2,1
2023,Zandvoort,27,22,HUL,TSU,1,1
2023,Zandvoort,27,23,HUL,ALB,1,0
2023,Zandvoort,27,24,HUL,ZHO,2,1
2023,Zandvoort,27,31,HUL,OCO,2,0
2023,Zandvoort,27,40,HUL,LAW,1,0
2023,Zandvoort,27,44,HUL,HAM,3,0
2023,Zandvoort,27,55,HUL,SAI,1,0
2023,Zandvoort,27,63,HUL,RUS,3,0
2023,Zandvoort,27,77,HUL,BOT,1,1
2023,Zandvoort,27,81,HUL,PIA,2,0
2023,Zandvoort,31,2,OCO,SAR,2,1
2023,Zandvoort,31,4,OCO,NOR,1,0
2023,Zandvoort,31,10,OCO,GAS,2,0
2023,Zandvoort,31,11,OCO,PER,1,0
2023,Zandvoort,31,16,OCO,LEC,2,0
2023,Zandvoort,31,18,OCO,STR,1,0
2023,Zandvoort,31,20,OCO,MAG,2,1
2023,Zandvoort,31,22,OCO,TSU,3,3
2023,Zandvoort,31,23,OCO,ALB,1,1
2023,Zandvoort,31,24,OCO,ZHO,2,1
2023,Zandvoort,31,27,OCO,HUL,3,2
2023,Zandvoort,31,44,OCO,HAM,5,2
2023,Zandvoort,31,55,OCO,SAI,2,0
2023,Zandvoort,31,63,OCO,RUS,3,0
2023,Zandvoort,31,77,OCO,BOT,2,1
2023,Zandvoort,31,81,OCO,PIA,3,1
2023,Zandvoort,40,2,LAW,SAR,1,1
2023,Zandvoort,40,4,LAW,NOR,1,0
2023,Zandvoort,40,16,LAW,LEC,3,2
2023,Zandvoort,40,18,LAW,STR,2,0
2023,Zandvoort,40,20,LAW,MAG,3,0
2023,Zandvoort,40,22,LAW,TSU,1,0
2023,Zandvoort,40,23,LAW,ALB,1,1
2023,Zandvoort,40,24,LAW,ZHO,2,0
2023,Zandvoort,40,27,LAW,HUL,1,1
2023,Zandvoort,40,44,LAW,HAM,1,0
2023,Zandvoort,40,63,LAW,RUS,2,0
2023,Zandvoort,40,77,LAW,BOT,3,2
2023,Zandvoort,40,81,LAW,PIA,1,1
2023,Zandvoort,44,1,HAM,VER,1,0
2023,Zandvoort,44,2,HAM,SAR,2,0
2023,Zandvoort,44,4,HAM,NOR,2,1
2023,Zandvoort,44,11,HAM,PER,1,0
2023,Zandvoort,44,14,HAM,ALO,1,0
2023,Zandvoort,44,16,HAM,LEC,1,1
2023,Zandvoort,44,18,HAM,STR,1,0
2023,Zandvoort,44,20,HAM,MAG,1,1
2023,Zandvoort,44,22,HAM,TSU,1,1
2023,Zandvoort,44,23,HAM,ALB,3,1
2023,Zandvoort,44,24,HAM,ZHO,1,1
2023,Zandvoort,44,27,HAM,HUL,3,1
2023,Zandvoort,44,31,HAM,OCO,5,2
2023,Zandvoort,44,40,HAM,LAW,1,0
2023,Zandvoort,44,55,HAM,SAI,2,0
2023,Zandvoort,44,63,HAM,RUS,3,1
2023,Zandvoort,44,77,HAM,BOT,3,1
2023,Zandvoort,44,81,HAM,PIA,4,1
2023,Zandvoort,55,2,SAI,SAR,1,0
2023,Zandvoort,55,4,SAI,NOR,2,0
2023,Zandvoort,55,10,SAI,GAS,2,1
2023,Zandvoort,55,11,SAI,PER,1,0
2023,Zandvoort,55,14,SAI,ALO,1,0
2023,Zandvoort,55,16,SAI,LEC,2,1
2023,Zandvoort,55,18,SAI,STR,1,0
2023,Zandvoort,55,22,SAI,TSU,2,2
2023,Zandvoort,55,23,SAI,ALB,4,2
2023,Zandvoort,55,24,SAI,ZHO,1,1
2023,Zandvoort,55,27,SAI,HUL,1,0
2023,Zandvoort,55,31,SAI,OCO,2,0
2023,Zandvoort,55,44,SAI,HAM,2,0
2023,Zandvoort,55,63,SAI,RUS,1,0
2023,Zandvoort,55,77,SAI,BOT,1,0
2023,Zandvoort,55,81,SAI,PIA,2,0
2023,Zandvoort,63,1,RUS,VER,1,0
2023,Zandvoort,63,4,RUS,NOR,4,1
2023,Zandvoort,63,14,RUS,ALO,1,0
2023,Zandvoort,63,16,RUS,LEC,1,1
2023,Zandvoort,63,20,RUS,MAG,1,0
2023,Zandvoort,63,22,RUS,TSU,1,1
2023,Zandvoort,63,23,RUS,ALB,3,1
2023,Zandvoort,63,24,RUS,ZHO,1,0
2023,Zandvoort,63,27,RUS,HUL,2,1
2023,Zandvoort,63,31,RUS,OCO,2,0
2023,Zandvoort,63,40,RUS,LAW,1,0
2023,Zandvoort,63,44,RUS,HAM,2,0
2023,Zandvoort,63,77,RUS,BOT,2,1
2023,Zandvoort,63,81,RUS,PIA,2,1
2023,Zandvoort,77,1,BOT,VER,1,0
2023,Zandvoort,77,2,BOT,SAR,1,1
2023,Zandvoort,77,4,BOT,NOR,2,0
2023,Zandvoort,77,10,BOT,GAS,1,0
2023,Zandvoort,77,11,BOT,PER,1,0
2023,Zandvoort,77,14,BOT,ALO,1,0
2023,Zandvoort,77,16,BOT,LEC,2,1
2023,Zandvoort,77,18,BOT,STR,1,0
2023,Zandvoort,77,20,BOT,MAG,2,0
2023,Zandvoort,77,22,BOT,TSU,1,0
2023,Zandvoort,77,24,BOT,ZHO,3,0
2023,Zandvoort,77,27,BOT,HUL,1,1
2023,Zandvoort,77,31,BOT,OCO,2,1
2023,Zandvoort,77,40,BOT,LAW,2,0
2023,Zandvoort,77,44,BOT,HAM,3,1
2023,Zandvoort,77,55,BOT,SAI,1,0
2023,Zandvoort,77,63,BOT,RUS,3,0
2023,Zandvoort,77,81,BOT,PIA,3,1
2023,Zandvoort,81,1,PIA,VER,1,0
2023,Zandvoort,81,2,PIA,SAR,1,0
2023,Zandvoort,81,4,PIA,NOR,4,0
2023,Zandvoort,81,10,PIA,GAS,2,2
2023,Zandvoort,81,11,PIA,PER,1,0
2023,Zandvoort,81,14,PIA,ALO,1,0
2023,Zandvoort,81,16,PIA,LEC,4,1
2023,Zandvoort,81,18,PIA,STR,2,1
2023,Zandvoort,81,20,PIA,MAG,2,2
2023,Zandvoort,81,22,PIA,TSU,3,2
2023,Zandvoort,81,23,PIA,ALB,2,1
2023,Zandvoort,81,24,PIA,ZHO,2,1
2023,Zandvoort,81,27,PIA,HUL,3,0
2023,Zandvoort,81,31,PIA,OCO,3,0
2023,Zandvoort,81,40,PIA,LAW,2,0
2023,Zandvoort,81,44,PIA,HAM,4,0
2023,Zandvoort,81,55,PIA,SAI,2,0
2023,Zandvoort,81,63,PIA,RUS,4,0
2023,Zandvoort,81,77,PIA,BOT,4,1
2024,Austin,1,4,VER,NOR,4,1
2024,Austin,1,81,VER,PIA,1,0
2024,Austin,4,1,NOR,VER,3,2
2024,Austin,4,16,NOR,LEC,2,0
2024,Austin,4,55,NOR,SAI,1,0
2024,Austin,4,63,NOR,RUS,1,0
2024,Austin,4,81,NOR,PIA,1,0
2024,Austin,10,14,GAS,ALO,2,0
2024,Austin,10,18,GAS,STR,1,0
2024,Austin,10,20,GAS,MAG,1,0
2024,Austin,10,23,GAS,ALB,1,1
2024,Austin,10,30,GAS,LAW,1,0
2024,Austin,10,31,GAS,OCO,1,0
2024,Austin,10,43,GAS,COL,1,0
2024,Austin,10,81,GAS,PIA,1,0
2024,Austin,11,10,PER,GAS,1,0
2024,Austin,11,14,PER,ALO,1,1
2024,Austin,11,20,PER,MAG,2,1
2024,Austin,11,22,PER,TSU,3,3
2024,Austin,11,27,PER,HUL,1,0
2024,Austin,11,30,PER,LAW,1,0
2024,Austin,11,43,PER,COL,2,2
2024,Austin,11,63,PER,RUS,2,1
2024,Austin,14,10,ALO,GAS,2,1
2024,Austin,14,18,ALO,STR,1,0
2024,Austin,14,20,ALO,MAG,1,0
2024,Austin,14,22,ALO,TSU,2,1
2024,Austin,14,23,ALO,ALB,2,0
2024,Austin,14,24,ALO,ZHO,1,0
2024,Austin,14,30,ALO,LAW,2,1
2024,Austin,14,31,ALO,OCO,2,0
2024,Austin,14,77,ALO,BOT,2,1
2024,Austin,14,81,ALO,PIA,1,1
2024,Austin,16,1,LEC,VER,1,0
2024,Austin,16,4,LEC,NOR,2,0
2024,Austin,16,55,LEC,SAI,3,1
2024,Austin,16,63,LEC,RUS,1,1
2024,Austin,16,81,LEC,PIA,1,1
2024,Austin,18,10,STR,GAS,2,1
2024,Austin,18,14,STR,ALO,1,0
2024,Austin,18,20,STR,MAG,1,0
2024,Austin,18,22,STR,TSU,1,0
2024,Austin,18,23,STR,ALB,3,1
2024,Austin,18,24,STR,ZHO,2,2
2024,Austin,18,31,STR,OCO,2,0
2024,Austin,18,44,STR,HAM,1,1
2024,Austin,18,77,STR,BOT,2,1
2024,Austin,20,10,MAG,GAS,2,1
2024,Austin,20,14,MAG,ALO,2,0
2024,Austin,20,18,MAG,STR,1,1
2024,Austin,20,22,MAG,TSU,3,2
2024,Austin,20,23,MAG,ALB,1,1
2024,Austin,20,27,MAG,HUL,2,1
2024,Austin,20,30,MAG,LAW,1,0
2024,Austin,20,31,MAG,OCO,1,1
2024,Austin,22,11,TSU,PER,2,2
2024,Austin,22,14,TSU,ALO,2,1
2024,Austin,22,18,TSU,STR,1,0
2024,Austin,22,20,TSU,MAG,3,1
2024,Austin,22,23,TSU,ALB,1,1
2024,Austin,22,27,TSU,HUL,3,2
2024,Austin,22,31,TSU,OCO,1,0
2024,Austin,22,43,TSU,COL,1,0
2024,Austin,23,10,ALB,GAS,1,0
2024,Austin,23,14,ALB,ALO,3,2
2024,Austin,23,18,ALB,STR,3,2
2024,Austin,23,20,ALB,MAG,1,0
2024,Austin,23,22,ALB,TSU,1,0
2024,Austin,23,24,ALB,ZHO,3,2
2024,Austin,23,31,ALB,OCO,3,0
2024,Austin,23,44,ALB,HAM,1,1
2024,Austin,23,63,ALB,RUS,1,0
2024,Austin,23,77,ALB,BOT,4,3
2024,Austin,24,14,ZHO,ALO,1,1
2024,Austin,24,18,ZHO,STR,2,1
2024,Austin,24,23,ZHO,ALB,2,0
2024,Austin,24,31,ZHO,OCO,1,0
2024,Austin,24,43,ZHO,COL,1,1
2024,Austin,24,44,ZHO,HAM,1,1
2024,Austin,24,77,ZHO,BOT,2,0
2024,Austin,27,10,HUL,GAS,1,0
2024,Austin,27,11,HUL,PER,1,0
2024,Austin,27,14,HUL,ALO,1,1
2024,Austin,27,20,HUL,MAG,2,0
2024,Austin,27,22,HUL,TSU,4,3
2024,Austin,27,30,HUL,LAW,1,0
2024,Austin,27,31,HUL,OCO,1,1
2024,Austin,27,43,HUL,COL,1,0
2024,Austin,27,63,HUL,RUS,1,0
2024,Austin,30,10,LAW,GAS,2,1
2024,Austin,30,11,LAW,PER,1,0
2024,Austin,30,14,LAW,ALO,4,3
2024,Austin,30,18,LAW,STR,1,1
2024,Austin,30,20,LAW,MAG,2,0
2024,Austin,30,22,LAW,TSU,1,0
2024,Austin,30,23,LAW,ALB,1,0
2024,Austin,30,24,LAW,ZHO,1,0
2024,Austin,30,27,LAW,HUL,1,0
2024,Austin,30,31,LAW,OCO,1,0
2024,Austin,30,43,LAW,COL,2,1
2024,Austin,30,44,LAW,HAM,1,1
2024,Austin,30,77,LAW,BOT,1,0
2024,Austin,31,10,OCO,GAS,1,0
2024,Austin,31,14,OCO,ALO,3,1
2024,Austin,31,18,OCO,STR,1,1
2024,Austin,31,20,OCO,MAG,1,0
2024,Austin,31,22,OCO,TSU,1,0
2024,Austin,31,23,OCO,ALB,2,0
2024,Austin,31,24,OCO,ZHO,1,1
2024,Austin,31,27,OCO,HUL,1,0
2024,Austin,31,30,OCO,LAW,1,1
2024,Austin,31,44,OCO,HAM,1,1
2024,Austin,31,77,OCO,BOT,2,1
2024,Austin,43,10,COL,GAS,2,1
2024,Austin,43,11,COL,PER,1,0
2024,Austin,43,14,COL,ALO,1,1
2024,Austin,43,18,COL,STR,1,1
2024,Austin,43,20,COL,MAG,1,0
2024,Austin,43,22,COL,TSU,2,1
2024,Austin,43,23,COL,ALB,1,0
2024,Austin,43,24,COL,ZHO,1,1
2024,Austin,43,27,COL,HUL,1,0
2024,Austin,43,30,COL,LAW,1,0
2024,Austin,43,31,COL,OCO,1,0
2024,Austin,43,44,COL,HAM,1,1
2024,Austin,44,18,HAM,STR,1,0
2024,Austin,44,23,HAM,ALB,1,0
2024,Austin,44,27,HAM,HUL,1,1
2024,Austin,44,31,HAM,OCO,1,0
2024,Austin,44,43,HAM,COL,1,0
2024,Austin,44,77,HAM,BOT,1,1
2024,Austin,55,1,SAI,VER,1,0
2024,Austin,55,4,SAI,NOR,3,1
2024,Austin,55,16,SAI,LEC,3,2
2024,Austin,55,63,SAI,RUS,1,1
2024,Austin,55,81,SAI,PIA,1,0
2024,Austin,63,10,RUS,GAS,1,0
2024,Austin,63,11,RUS,PER,3,2
2024,Austin,63,14,RUS,ALO,1,1
2024,Austin,63,18,RUS,STR,1,1
2024,Austin,63,20,RUS,MAG,1,0
2024,Austin,63,22,RUS,TSU,1,0
2024,Austin,63,23,RUS,ALB,2,1
2024,Austin,63,24,RUS,ZHO,1,1
2024,Austin,63,27,RUS,HUL,2,1
2024,Austin,63,30,RUS,LAW,1,1
2024,Austin,63,31,RUS,OCO,1,1
2024,Austin,63,43,RUS,COL,1,1
2024,Austin,63,44,RUS,HAM,1,1
2024,Austin,63,77,RUS,BOT,1,1
2024,Austin,77,14,BOT,ALO,2,1
2024,Austin,77,18,BOT,STR,2,1
2024,Austin,77,23,BOT,ALB,3,1
2024,Austin,77,24,BOT,ZHO,1,1
2024,Austin,77,31,BOT,OCO,3,0
2024,Austin,77,44,BOT,HAM,1,1
2024,Austin,81,1,PIA,VER,1,0
2024,Austin,81,4,PIA,NOR,1,0
2024,Austin,81,10,PIA,GAS,1,1
2024,Austin,81,14,PIA,ALO,2,0
2024,Austin,81,16,PIA,LEC,1,0
2024,Austin,81,18,PIA,STR,1,1
2024,Austin,81,22,PIA,TSU,1,1
2024,Austin,81,30,PIA,LAW,1,1
2024,Austin,81,43,PIA,COL,1,1
2024,Austin,81,55,PIA,SAI,1,0
2024,Baku,1,3,VER,RIC,1,1
2024,Baku,1,4,VER,NOR,1,0
2024,Baku,1,11,VER,PER,1,0
2024,Baku,1,23,VER,ALB,1,0
2024,Baku,1,27,VER,HUL,1,0
2024,Baku,1,50,VER,BEA,1,0
2024,Baku,1,55,VER,SAI,1,0
2024,Baku,1,63,VER,RUS,1,1
2024,Baku,3,1,RIC,VER,1,0
2024,Baku,3,11,RIC,PER,1,0
2024,Baku,3,14,RIC,ALO,1,0
2024,Baku,3,18,RIC,STR,1,0
2024,Baku,3,22,RIC,TSU,1,1
2024,Baku,3,27,RIC,HUL,1,0
2024,Baku,3,43,RIC,COL,1,0
2024,Baku,3,50,RIC,BEA,1,0
2024,Baku,3,55,RIC,SAI,1,0
2024,Baku,3,63,RIC,RUS,1,0
2024,Baku,4,1,NOR,VER,2,1
2024,Baku,4,3,NOR,RIC,1,0
2024,Baku,4,11,NOR,PER,3,1
2024,Baku,4,14,NOR,ALO,1,0
2024,Baku,4,18,NOR,STR,1,0
2024,Baku,4,22,NOR,TSU,1,1
2024,Baku,4,23,NOR,ALB,1,0
2024,Baku,4,27,NOR,HUL,1,0
2024,Baku,4,43,NOR,COL,1,0
2024,Baku,4,50,NOR,BEA,1,1
2024,Baku,4,55,NOR,SAI,2,1
2024,Baku,4,63,NOR,RUS,1,0
2024,Baku,10,3,GAS,RIC,1,0
2024,Baku,10,11,GAS,PER,1,1
2024,Baku,10,14,GAS,ALO,1,0
2024,Baku,10,18,GAS,STR,1,0
2024,Baku,10,22,GAS,TSU,1,1
2024,Baku,10,24,GAS,ZHO,1,1
2024,Baku,10,27,GAS,HUL,1,0
2024,Baku,10,43,GAS,COL,1,0
2024,Baku,10,50,GAS,BEA,1,0
2024,Baku,10,55,GAS,SAI,1,1
2024,Baku,10,63,GAS,RUS,1,0
2024,Baku,10,77,GAS,BOT,2,1
2024,Baku,11,4,PER,NOR,2,1
2024,Baku,11,16,PER,LEC,2,2
2024,Baku,11,23,PER,ALB,1,1
2024,Baku,11,55,PER,SAI,2,1
2024,Baku,14,3,ALO,RIC,1,1
2024,Baku,14,10,ALO,GAS,1,1
2024,Baku,14,11,ALO,PER,1,1
2024,Baku,14,23,ALO,ALB,1,0
2024,Baku,14,44,ALO,HAM,1,0
2024,Baku,14,50,ALO,BEA,1,0
2024,Baku,14,55,ALO,SAI,1,1
2024,Baku,16,11,LEC,PER,2,2
2024,Baku,16,55,LEC,SAI,1,0
2024,Baku,18,22,STR,TSU,2,1
2024,Baku,18,24,STR,ZHO,1,0
2024,Baku,18,27,STR,HUL,1,0
2024,Baku,18,44,STR,HAM,1,0
2024,Baku,18,77,STR,BOT,2,1
2024,Baku,22,18,TSU,STR,1,0
2024,Baku,23,1,ALB,VER,1,0
2024,Baku,23,11,ALB,PER,2,1
2024,Baku,23,14,ALB,ALO,1,0
2024,Baku,23,27,ALB,HUL,1,1
2024,Baku,23,43,ALB,COL,2,1
2024,Baku,23,50,ALB,BEA,1,1
2024,Baku,23,55,ALB,SAI,2,1
2024,Baku,23,63,ALB,RUS,1,0
2024,Baku,23,81,ALB,PIA,1,0
2024,Baku,24,11,ZHO,PER,1,0
2024,Baku,24,18,ZHO,STR,2,1
2024,Baku,24,22,ZHO,TSU,1,1
2024,Baku,24,31,ZHO,OCO,1,1
2024,Baku,24,44,ZHO,HAM,1,0
2024,Baku,24,50,ZHO,BEA,1,0
2024,Baku,24,55,ZHO,SAI,1,0
2024,Baku,24,77,ZHO,BOT,2,2
2024,Baku,27,1,HUL,VER,1,0
2024,Baku,27,3,HUL,RIC,1,1
2024,Baku,27,10,HUL,GAS,1,1
2024,Baku,27,11,HUL,PER,1,0
2024,Baku,27,14,HUL,ALO,1,0
2024,Baku,27,18,HUL,STR,1,0
2024,Baku,27,22,HUL,TSU,1,1
2024,Baku,27,23,HUL,ALB,1,0
2024,Baku,27,43,HUL,COL,2,1
2024,Baku,27,50,HUL,BEA,1,1
2024,Baku,27,55,HUL,SAI,1,0
2024,Baku,27,63,HUL,RUS,1,0
2024,Baku,31,11,OCO,PER,1,0
2024,Baku,31,18,OCO,STR,1,0
2024,Baku,31,22,OCO,TSU,1,1
2024,Baku,31,24,OCO,ZHO,1,0
2024,Baku,31,44,OCO,HAM,1,0
2024,Baku,31,50,OCO,BEA,1,0
2024,Baku,31,55,OCO,SAI,1,0
2024,Baku,31,77,OCO,BOT,1,1
2024,Baku,43,3,COL,RIC,1,1
2024,Baku,43,10,COL,GAS,1,1
2024,Baku,43,11,COL,PER,1,1
2024,Baku,43,23,COL,ALB,1,0
2024,Baku,43,27,COL,HUL,2,1
2024,Baku,43,44,COL,HAM,1,0
2024,Baku,43,50,COL,BEA,1,0
2024,Baku,43,55,COL,SAI,1,1
2024,Baku,44,3,HAM,RIC,1,1
2024,Baku,44,10,HAM,GAS,1,1
2024,Baku,44,11,HAM,PER,1,0
2024,Baku,44,14,HAM,ALO,1,0
2024,Baku,44,18,HAM,STR,2,1
2024,Baku,44,22,HAM,TSU,1,1
2024,Baku,44,24,HAM,ZHO,2,1
2024,Baku,44,27,HAM,HUL,1,1
2024,Baku,44,31,HAM,OCO,1,1
2024,Baku,44,43,HAM,COL,1,0
2024,Baku,44,50,HAM,BEA,2,2
2024,Baku,44,55,HAM,SAI,1,0
2024,Baku,44,77,HAM,BOT,1,1
2024,Baku,50,1,BEA,VER,1,0
2024,Baku,50,3,BEA,RIC,1,1
2024,Baku,50,10,BEA,GAS,1,1
2024,Baku,50,11,BEA,PER,1,0
2024,Baku,50,14,BEA,ALO,1,0
2024,Baku,50,23,BEA,ALB,1,1
2024,Baku,50,24,BEA,ZHO,1,1
2024,Baku,50,27,BEA,HUL,1,1
2024,Baku,50,31,BEA,OCO,1,1
2024,Baku,50,43,BEA,COL,1,0
2024,Baku,50,44,BEA,HAM,1,1
2024,Baku,50,55,BEA,SAI,1,0
2024,Baku,50,63,BEA,RUS,1,0
2024,Baku,55,4,SAI,NOR,1,1
2024,Baku,55,11,SAI,PER,2,1
2024,Baku,55,16,SAI,LEC,1,0
2024,Baku,55,23,SAI,ALB,1,1
2024,Baku,55,81,SAI,PIA,1,0
2024,Baku,63,1,RUS,VER,1,1
2024,Baku,63,3,RUS,RIC,1,0
2024,Baku,63,4,RUS,NOR,1,0
2024,Baku,63,10,RUS,GAS,1,1
2024,Baku,63,11,RUS,PER,1,1
2024,Baku,63,23,RUS,ALB,1,0
2024,Baku,63,27,RUS,HUL,1,0
2024,Baku,63,50,RUS,BEA,1,0
2024,Baku,63,55,RUS,SAI,1,1
2024,Baku,77,10,BOT,GAS,1,1
2024,Baku,77,11,BOT,PER,1,0
2024,Baku,77,18,BOT,STR,3,1
2024,Baku,77,22,BOT,TSU,1,0
2024,Baku,77,24,BOT,ZHO,1,0
2024,Baku,77,55,BOT,SAI,1,0
2024,Baku,81,16,PIA,LEC,1,1
2024,Baku,81,23,PIA,ALB,1,1
2024,Catalunya,1,4,VER,NOR,3,0
2024,Catalunya,1,16,VER,LEC,2,0
2024,Catalunya,1,63,VER,RUS,1,1
2024,Catalunya,1,81,VER,PIA,1,0
2024,Catalunya,2,3,SAR,RIC,1,1
2024,Catalunya,2,11,SAR,PER,1,0
2024,Catalunya,2,20,SAR,MAG,4,0
2024,Catalunya,2,22,SAR,TSU,5,0
2024,Catalunya,2,23,SAR,ALB,1,0
2024,Catalunya,2,24,SAR,ZHO,2,0
2024,Catalunya,2,27,SAR,HUL,2,0
2024,Catalunya,2,31,SAR,OCO,1,0
2024,Catalunya,2,77,SAR,BOT,3,0
2024,Catalunya,3,10,RIC,GAS,1,0
2024,Catalunya,3,11,RIC,PER,1,0
2024,Catalunya,3,18,RIC,STR,2,0
2024,Catalunya,3,20,RIC,MAG,4,1
2024,Catalunya,3,22,RIC,TSU,4,1
2024,Catalunya,3,23,RIC,ALB,1,0
2024,Catalunya,3,24,RIC,ZHO,2,0
2024,Catalunya,3,27,RIC,HUL,2,0
2024,Catalunya,3,31,RIC,OCO,2,0
2024,Catalunya,3,77,RIC,BOT,4,1
2024,Catalunya,4,1,NOR,VER,4,0
2024,Catalunya,4,16,NOR,LEC,1,0
2024,Catalunya,4,44,NOR,HAM,1,1
2024,Catalunya,4,55,NOR,SAI,1,1
2024,Catalunya,4,63,NOR,RUS,3,2
2024,Catalunya,10,16,GAS,LEC,1,0
2024,Catalunya,10,18,GAS,STR,2,0
2024,Catalunya,10,23,GAS,ALB,1,1
2024,Catalunya,10,24,GAS,ZHO,1,0
2024,Catalunya,10,31,GAS,OCO,1,0
2024,Catalunya,10,55,GAS,SAI,1,0
2024,Catalunya,10,63,GAS,RUS,1,0
2024,Catalunya,10,81,GAS,PIA,1,0
2024,Catalunya,11,2,PER,SAR,1,0
2024,Catalunya,11,3,PER,RIC,1,0
2024,Catalunya,11,10,PER,GAS,2,1
2024,Catalunya,11,14,PER,ALO,4,2
2024,Catalunya,11,18,PER,STR,3,1
2024,Catalunya,11,23,PER,ALB,1,0
2024,Catalunya,11,27,PER,HUL,3,1
2024,Catalunya,11,31,PER,OCO,2,0
2024,Catalunya,11,81,PER,PIA,2,0
2024,Catalunya,14,10,ALO,GAS,1,0
2024,Catalunya,14,11,ALO,PER,3,0
2024,Catalunya,14,18,ALO,STR,2,1
2024,Catalunya,14,20,ALO,MAG,1,1
2024,Catalunya,14,24,ALO,ZHO,2,1
2024,Catalunya,14,27,ALO,HUL,4,0
2024,Catalunya,14,31,ALO,OCO,2,0
2024,Catalunya,14,44,ALO,HAM,1,0
2024,Catalunya,14,55,ALO,SAI,1,0
2024,Catalunya,14,63,ALO,RUS,2,0
2024,Catalunya,14,77,ALO,BOT,2,1
2024,Catalunya,16,1,LEC,VER,2,0
2024,Catalunya,16,4,LEC,NOR,1,0
2024,Catalunya,16,10,LEC,GAS,1,1
2024,Catalunya,16,44,LEC,HAM,3,0
2024,Catalunya,16,55,LEC,SAI,3,1
2024,Catalunya,16,63,LEC,RUS,3,0
2024,Catalunya,18,3,STR,RIC,2,0
2024,Catalunya,18,10,STR,GAS,2,0
2024,Catalunya,18,11,STR,PER,2,0
2024,Catalunya,18,14,STR,ALO,2,1
2024,Catalunya,18,20,STR,MAG,1,1
2024,Catalunya,18,23,STR,ALB,2,0
2024,Catalunya,18,24,STR,ZHO,1,0
2024,Catalunya,18,27,STR,HUL,2,0
2024,Catalunya,18,44,STR,HAM,1,0
2024,Catalunya,18,55,STR,SAI,1,0
2024,Catalunya,18,63,STR,RUS,1,0
2024,Catalunya,18,77,STR,BOT,4,3
2024,Catalunya,20,2,MAG,SAR,5,1
2024,Catalunya,20,3,MAG,RIC,3,1
2024,Catalunya,20,18,MAG,STR,1,0
2024,Catalunya,20,22,MAG,TSU,3,2
2024,Catalunya,20,23,MAG,ALB,5,0
2024,Catalunya,20,24,MAG,ZHO,1,1
2024,Catalunya,20,77,MAG,BOT,1,0
2024,Catalunya,22,2,TSU,SAR,5,2
2024,Catalunya,22,3,TSU,RIC,2,0
2024,Catalunya,22,20,TSU,MAG,3,1
2024,Catalunya,22,23,TSU,ALB,3,1
2024,Catalunya,22,24,TSU,ZHO,2,2
2024,Catalunya,23,2,ALB,SAR,2,2
2024,Catalunya,23,3,ALB,RIC,2,0
2024,Catalunya,23,10,ALB,GAS,1,0
2024,Catalunya,23,11,ALB,PER,1,0
2024,Catalunya,23,18,ALB,STR,2,0
2024,Catalunya,23,20,ALB,MAG,4,0
2024,Catalunya,23,22,ALB,TSU,4,1
2024,Catalunya,23,24,ALB,ZHO,2,0
2024,Catalunya,23,27,ALB,HUL,1,0
2024,Catalunya,23,31,ALB,OCO,1,0
2024,Catalunya,23,77,ALB,BOT,2,0
2024,Catalunya,24,2,ZHO,SAR,2,0
2024,Catalunya,24,3,ZHO,RIC,2,0
2024,Catalunya,24,10,ZHO,GAS,1,0
2024,Catalunya,24,11,ZHO,PER,1,0
2024,Catalunya,24,14,ZHO,ALO,2,0
2024,Catalunya,24,18,ZHO,STR,2,1
2024,Catalunya,24,20,ZHO,MAG,1,0
2024,Catalunya,24,22,ZHO,TSU,1,1
2024,Catalunya,24,23,ZHO,ALB,2,0
2024,Catalunya,24,27,ZHO,HUL,1,0
2024,Catalunya,24,31,ZHO,OCO,2,0
2024,Catalunya,24,77,ZHO,BOT,5,2
2024,Catalunya,27,2,HUL,SAR,2,0
2024,Catalunya,27,3,HUL,RIC,3,0
2024,Catalunya,27,11,HUL,PER,3,1
2024,Catalunya,27,14,HUL,ALO,5,1
2024,Catalunya,27,18,HUL,STR,2,0
2024,Catalunya,27,23,HUL,ALB,1,1
2024,Catalunya,27,24,HUL,ZHO,1,0
2024,Catalunya,27,31,HUL,OCO,1,0
2024,Catalunya,27,77,HUL,BOT,1,0
2024,Catalunya,27,81,HUL,PIA,1,0
2024,Catalunya,31,2,OCO,SAR,1,0
2024,Catalunya,31,3,OCO,RIC,1,1
2024,Catalunya,31,10,OCO,GAS,1,0
2024,Catalunya,31,11,OCO,PER,2,0
2024,Catalunya,31,14,OCO,ALO,2,0
2024,Catalunya,31,18,OCO,STR,1,0
2024,Catalunya,31,23,OCO,ALB,1,1
2024,Catalunya,31,24,OCO,ZHO,2,0
2024,Catalunya,31,27,OCO,HUL,1,0
2024,Catalunya,31,81,OCO,PIA,2,1
2024,Catalunya,44,4,HAM,NOR,1,0
2024,Catalunya,44,14,HAM,ALO,1,0
2024,Catalunya,44,16,HAM,LEC,2,0
2024,Catalunya,44,18,HAM,STR,1,0
2024,Catalunya,44,55,HAM,SAI,3,2
2024,Catalunya,44,63,HAM,RUS,2,1
2024,Catalunya,44,81,HAM,PIA,3,0
2024,Catalunya,55,4,SAI,NOR,1,0
2024,Catalunya,55,10,SAI,GAS,1,0
2024,Catalunya,55,14,SAI,ALO,1,0
2024,Catalunya,55,16,SAI,LEC,2,0
2024,Catalunya,55,18,SAI,STR,1,0
2024,Catalunya,55,44,SAI,HAM,3,0
2024,Catalunya,55,81,SAI,PIA,4,0
2024,Catalunya,63,1,RUS,VER,1,0
2024,Catalunya,63,4,RUS,NOR,3,1
2024,Catalunya,63,10,RUS,GAS,1,0
2024,Catalunya,63,14,RUS,ALO,2,0
2024,Catalunya,63,16,RUS,LEC,3,0
2024,Catalunya,63,18,RUS,STR,1,0
2024,Catalunya,63,44,RUS,HAM,3,0
2024,Catalunya,63,81,RUS,PIA,2,1
2024,Catalunya,77,2,BOT,SAR,3,1
2024,Catalunya,77,3,BOT,RIC,4,0
2024,Catalunya,77,14,BOT,ALO,2,1
2024,Catalunya,77,18,BOT,STR,3,1
2024,Catalunya,77,20,BOT,MAG,1,0
2024,Catalunya,77,23,BOT,ALB,3,0
2024,Catalunya,77,24,BOT,ZHO,4,1
2024,Catalunya,81,1,PIA,VER,1,0
2024,Catalunya,81,10,PIA,GAS,1,1
2024,Catalunya,81,11,PIA,PER,2,1
2024,Catalunya,81,27,PIA,HUL,1,0
2024,Catalunya,81,31,PIA,OCO,3,2
2024,Catalunya,81,44,PIA,HAM,3,0
2024,Catalunya,81,55,PIA,SAI,4,0
2024,Catalunya,81,63,PIA,RUS,2,0
2024,Hungaroring,1,4,VER,NOR,3,0
2024,Hungaroring,1,16,VER,LEC,1,1
2024,Hungaroring,1,44,VER,HAM,4,1
2024,Hungaroring,1,81,VER,PIA,1,0
2024,Hungaroring,2,3,SAR,RIC,2,0
2024,Hungaroring,2,10,SAR,GAS,1,0
2024,Hungaroring,2,11,SAR,PER,1,1
2024,Hungaroring,2,14,SAR,ALO,1,0
2024,Hungaroring,2,20,SAR,MAG,1,0
2024,Hungaroring,2,23,SAR,ALB,2,0
2024,Hungaroring,2,24,SAR,ZHO,3,2
2024,Hungaroring,2,27,SAR,HUL,2,0
2024,Hungaroring,2,31,SAR,OCO,4,1
2024,Hungaroring,2,77,SAR,BOT,2,1
2024,Hungaroring,3,2,RIC,SAR,2,0
2024,Hungaroring,3,10,RIC,GAS,1,0
2024,Hungaroring,3,14,RIC,ALO,1,0
2024,Hungaroring,3,18,RIC,STR,1,0
2024,Hungaroring,3,20,RIC,MAG,3,1
2024,Hungaroring,3,23,RIC,ALB,3,0
2024,Hungaroring,3,24,RIC,ZHO,1,1
2024,Hungaroring,3,27,RIC,HUL,1,0
2024,Hungaroring,3,31,RIC,OCO,1,0
2024,Hungaroring,3,77,RIC,BOT,2,1
2024,Hungaroring,4,1,NOR,VER,3,1
2024,Hungaroring,4,16,NOR,LEC,1,0
2024,Hungaroring,4,44,NOR,HAM,1,1
2024,Hungaroring,4,55,NOR,SAI,1,0
2024,Hungaroring,4,81,NOR,PIA,1,0
2024,Hungaroring,10,2,GAS,SAR,1,0
2024,Hungaroring,10,3,GAS,RIC,1,0
2024,Hungaroring,10,14,GAS,ALO,1,0
2024,Hungaroring,10,18,GAS,STR,1,0
2024,Hungaroring,10,20,GAS,MAG,1,0
2024,Hungaroring,10,23,GAS,ALB,2,0
2024,Hungaroring,10,24,GAS,ZHO,2,1
2024,Hungaroring,10,27,GAS,HUL,2,0
2024,Hungaroring,10,31,GAS,OCO,2,0
2024,Hungaroring,10,77,GAS,BOT,1,0
2024,Hungaroring,11,2,PER,SAR,2,0
2024,Hungaroring,11,3,PER,RIC,1,0
2024,Hungaroring,11,14,PER,ALO,1,0
2024,Hungaroring,11,18,PER,STR,2,1
2024,Hungaroring,11,20,PER,MAG,2,1
2024,Hungaroring,11,22,PER,TSU,1,1
2024,Hungaroring,11,23,PER,ALB,2,0
2024,Hungaroring,11,27,PER,HUL,2,0
2024,Hungaroring,11,31,PER,OCO,1,0
2024,Hungaroring,11,55,PER,SAI,1,0
2024,Hungaroring,11,63,PER,RUS,2,0
2024,Hungaroring,11,77,PER,BOT,2,1
2024,Hungaroring,14,2,ALO,SAR,1,0
2024,Hungaroring,14,3,ALO,RIC,1,1
2024,Hungaroring,14,18,ALO,STR,2,0
2024,Hungaroring,14,27,ALO,HUL,1,1
2024,Hungaroring,14,55,ALO,SAI,1,1
2024,Hungaroring,14,63,ALO,RUS,1,0
2024,Hungaroring,14,77,ALO,BOT,2,1
2024,Hungaroring,16,1,LEC,VER,3,1
2024,Hungaroring,16,4,LEC,NOR,1,0
2024,Hungaroring,16,44,LEC,HAM,1,0
2024,Hungaroring,16,55,LEC,SAI,2,1
2024,Hungaroring,16,81,LEC,PIA,1,0
2024,Hungaroring,18,3,STR,RIC,1,1
2024,Hungaroring,18,14,STR,ALO,2,1
2024,Hungaroring,18,20,STR,MAG,1,1
2024,Hungaroring,18,22,STR,TSU,1,0
2024,Hungaroring,18,23,STR,ALB,3,2
2024,Hungaroring,18,27,STR,HUL,1,1
2024,Hungaroring,18,77,STR,BOT,1,0
2024,Hungaroring,20,2,MAG,SAR,2,1
2024,Hungaroring,20,3,MAG,RIC,3,2
2024,Hungaroring,20,10,MAG,GAS,1,0
2024,Hungaroring,20,18,MAG,STR,1,0
2024,Hungaroring,20,22,MAG,TSU,1,0
2024,Hungaroring,20,23,MAG,ALB,1,0
2024,Hungaroring,20,24,MAG,ZHO,1,0
2024,Hungaroring,20,27,MAG,HUL,2,1
2024,Hungaroring,20,77,MAG,BOT,3,1
2024,Hungaroring,22,14,TSU,ALO,2,0
2024,Hungaroring,22,18,TSU,STR,1,0
2024,Hungaroring,22,20,TSU,MAG,1,0
2024,Hungaroring,22,23,TSU,ALB,1,0
2024,Hungaroring,22,44,TSU,HAM,1,0
2024,Hungaroring,22,55,TSU,SAI,1,0
2024,Hungaroring,22,63,TSU,RUS,1,0
2024,Hungaroring,23,2,ALB,SAR,2,0
2024,Hungaroring,23,3,ALB,RIC,3,0
2024,Hungaroring,23,10,ALB,GAS,2,0
2024,Hungaroring,23,11,ALB,PER,2,0
2024,Hungaroring,23,18,ALB,STR,2,1
2024,Hungaroring,23,20,ALB,MAG,1,0
2024,Hungaroring,23,22,ALB,TSU,1,0
2024,Hungaroring,23,24,ALB,ZHO,3,1
2024,Hungaroring,23,27,ALB,HUL,1,0
2024,Hungaroring,23,31,ALB,OCO,1,0
2024,Hungaroring,23,77,ALB,BOT,3,1
2024,Hungaroring,24,2,ZHO,SAR,3,1
2024,Hungaroring,24,3,ZHO,RIC,1,0
2024,Hungaroring,24,10,ZHO,GAS,2,0
2024,Hungaroring,24,20,ZHO,MAG,2,0
2024,Hungaroring,24,23,ZHO,ALB,2,0
2024,Hungaroring,24,27,ZHO,HUL,2,0
2024,Hungaroring,24,31,ZHO,OCO,3,0
2024,Hungaroring,27,2,HUL,SAR,2,0
2024,Hungaroring,27,3,HUL,RIC,1,0
2024,Hungaroring,27,10,HUL,GAS,1,1
2024,Hungaroring,27,14,HUL,ALO,1,0
2024,Hungaroring,27,18,HUL,STR,2,0
2024,Hungaroring,27,20,HUL,MAG,2,0
2024,Hungaroring,27,23,HUL,ALB,1,0
2024,Hungaroring,27,24,HUL,ZHO,2,0
2024,Hungaroring,27,31,HUL,OCO,2,0
2024,Hungaroring,27,77,HUL,BOT,3,1
2024,Hungaroring,31,2,OCO,SAR,4,1
2024,Hungaroring,31,10,OCO,GAS,1,1
2024,Hungaroring,31,11,OCO,PER,1,0
2024,Hungaroring,31,23,OCO,ALB,1,0
2024,Hungaroring,31,24,OCO,ZHO,4,1
2024,Hungaroring,31,27,OCO,HUL,2,0
2024,Hungaroring,31,63,OCO,RUS,1,0
2024,Hungaroring,31,77,OCO,BOT,1,0
2024,Hungaroring,44,1,HAM,VER,5,1
2024,Hungaroring,44,4,HAM,NOR,1,0
2024,Hungaroring,44,16,HAM,LEC,1,0
2024,Hungaroring,44,22,HAM,TSU,1,0
2024,Hungaroring,44,55,HAM,SAI,3,1
2024,Hungaroring,55,4,SAI,NOR,2,0
2024,Hungaroring,55,11,SAI,PER,1,1
2024,Hungaroring,55,14,SAI,ALO,1,1
2024,Hungaroring,55,16,SAI,LEC,1,0
2024,Hungaroring,55,22,SAI,TSU,1,1
2024,Hungaroring,55,44,SAI,HAM,2,0
2024,Hungaroring,55,63,SAI,RUS,1,1
2024,Hungaroring,55,81,SAI,PIA,1,0
2024,Hungaroring,63,2,RUS,SAR,1,0
2024,Hungaroring,63,3,RUS,RIC,1,0
2024,Hungaroring,63,11,RUS,PER,2,0
2024,Hungaroring,63,14,RUS,ALO,2,0
2024,Hungaroring,63,18,RUS,STR,2,1
2024,Hungaroring,63,20,RUS,MAG,1,0
2024,Hungaroring,63,22,RUS,TSU,2,1
2024,Hungaroring,63,23,RUS,ALB,1,0
2024,Hungaroring,63,27,RUS,HUL,1,0
2024,Hungaroring,63,31,RUS,OCO,1,0
2024,Hungaroring,63,55,RUS,SAI,1,0
2024,Hungaroring,63,77,RUS,BOT,1,0
2024,Hungaroring,77,2,BOT,SAR,2,2
2024,Hungaroring,77,3,BOT,RIC,2,0
2024,Hungaroring,77,10,BOT,GAS,1,0
2024,Hungaroring,77,11,BOT,PER,1,0
2024,Hungaroring,77,14,BOT,ALO,2,0
2024,Hungaroring,77,18,BOT,STR,1,0
2024,Hungaroring,77,20,BOT,MAG,2,0
2024,Hungaroring,77,23,BOT,ALB,1,0
2024,Hungaroring,77,27,BOT,HUL,3,1
2024,Hungaroring,77,31,BOT,OCO,2,2
2024,Hungaroring,81,1,PIA,VER,2,0
2024,Hungaroring,81,4,PIA,NOR,2,2
2024,Hungaroring,81,16,PIA,LEC,1,0
2024,Hungaroring,81,55,PIA,SAI,1,0
2024,Imola,1,16,VER,LEC,1,0
2024,Imola,1,44,VER,HAM,1,0
2024,Imola,1,55,VER,SAI,1,0
2024,Imola,2,3,SAR,RIC,1,0
2024,Imola,2,14,SAR,ALO,1,0
2024,Imola,2,22,SAR,TSU,1,0
2024,Imola,2,23,SAR,ALB,1,0
2024,Imola,2,27,SAR,HUL,1,0
2024,Imola,2,31,SAR,OCO,1,0
2024,Imola,2,77,SAR,BOT,1,1
2024,Imola,3,2,RIC,SAR,1,0
2024,Imola,3,11,RIC,PER,1,0
2024,Imola,3,18,RIC,STR,1,0
2024,Imola,3,20,RIC,MAG,1,0
2024,Imola,3,24,RIC,ZHO,1,0
2024,Imola,4,11,NOR,PER,1,0
2024,Imola,4,16,NOR,LEC,1,0
2024,Imola,4,44,NOR,HAM,1,0
2024,Imola,4,55,NOR,SAI,1,0
2024,Imola,4,81,NOR,PIA,1,0
2024,Imola,10,2,GAS,SAR,1,0
2024,Imola,10,14,GAS,ALO,1,0
2024,Imola,10,20,GAS,MAG,1,1
2024,Imola,10,23,GAS,ALB,1,0
2024,Imola,10,31,GAS,OCO,1,0
2024,Imola,10,77,GAS,BOT,1,1
2024,Imola,11,3,PER,RIC,3,1
2024,Imola,11,4,PER,NOR,1,0
2024,Imola,11,16,PER,LEC,1,0
2024,Imola,11,22,PER,TSU,1,1
2024,Imola,11,27,PER,HUL,1,1
2024,Imola,11,44,PER,HAM,1,0
2024,Imola,11,55,PER,SAI,1,0
2024,Imola,11,63,PER,RUS,1,0
2024,Imola,11,81,PER,PIA,1,0
2024,Imola,14,2,ALO,SAR,1,1
2024,Imola,14,10,ALO,GAS,1,0
2024,Imola,14,20,ALO,MAG,1,0
2024,Imola,14,23,ALO,ALB,1,0
2024,Imola,14,24,ALO,ZHO,1,0
2024,Imola,14,31,ALO,OCO,1,0
2024,Imola,16,1,LEC,VER,1,0
2024,Imola,16,4,LEC,NOR,1,0
2024,Imola,16,11,LEC,PER,1,0
2024,Imola,16,44,LEC,HAM,1,0
2024,Imola,16,55,LEC,SAI,2,1
2024,Imola,18,3,STR,RIC,2,1
2024,Imola,18,22,STR,TSU,2,1
2024,Imola,18,27,STR,HUL,2,1
2024,Imola,18,31,STR,OCO,2,2
2024,Imola,18,44,STR,HAM,1,0
2024,Imola,18,63,STR,RUS,1,0
2024,Imola,18,77,STR,BOT,1,1
2024,Imola,18,81,STR,PIA,1,0
2024,Imola,20,3,MAG,RIC,1,0
2024,Imola,20,10,MAG,GAS,2,0
2024,Imola,20,22,MAG,TSU,1,0
2024,Imola,20,23,MAG,ALB,1,0
2024,Imola,20,24,MAG,ZHO,2,1
2024,Imola,20,27,MAG,HUL,1,0
2024,Imola,20,31,MAG,OCO,2,1
2024,Imola,20,77,MAG,BOT,2,1
2024,Imola,22,2,TSU,SAR,1,1
2024,Imola,22,11,TSU,PER,1,0
2024,Imola,22,18,TSU,STR,1,0
2024,Imola,22,20,TSU,MAG,1,0
2024,Imola,22,24,TSU,ZHO,1,1
2024,Imola,22,27,TSU,HUL,1,0
2024,Imola,22,31,TSU,OCO,1,0
2024,Imola,24,3,ZHO,RIC,1,0
2024,Imola,24,14,ZHO,ALO,1,0
2024,Imola,24,20,ZHO,MAG,1,0
2024,Imola,24,22,ZHO,TSU,1,0
2024,Imola,24,23,ZHO,ALB,1,0
2024,Imola,24,27,ZHO,HUL,1,0
2024,Imola,24,31,ZHO,OCO,1,0
2024,Imola,24,77,ZHO,BOT,2,1
2024,Imola,27,2,HUL,SAR,1,1
2024,Imola,27,3,HUL,RIC,1,0
2024,Imola,27,20,HUL,MAG,1,0
2024,Imola,27,24,HUL,ZHO,1,0
2024,Imola,27,31,HUL,OCO,1,0
2024,Imola,31,2,OCO,SAR,1,0
2024,Imola,31,3,OCO,RIC,1,0
2024,Imola,31,10,OCO,GAS,1,0
2024,Imola,31,14,OCO,ALO,1,1
2024,Imola,31,18,OCO,STR,1,1
2024,Imola,31,20,OCO,MAG,1,0
2024,Imola,31,22,OCO,TSU,1,0
2024,Imola,31,24,OCO,ZHO,1,0
2024,Imola,31,63,OCO,RUS,1,0
2024,Imola,31,77,OCO,BOT,1,1
2024,Imola,44,1,HAM,VER,1,0
2024,Imola,44,4,HAM,NOR,1,0
2024,Imola,44,11,HAM,PER,1,1
2024,Imola,44,16,HAM,LEC,1,0
2024,Imola,44,18,HAM,STR,1,1
2024,Imola,44,22,HAM,TSU,1,0
2024,Imola,44,63,HAM,RUS,1,0
2024,Imola,44,81,HAM,PIA,1,0
2024,Imola,55,1,SAI,VER,1,0
2024,Imola,55,4,SAI,NOR,1,0
2024,Imola,55,11,SAI,PER,1,1
2024,Imola,55,16,SAI,LEC,2,0
2024,Imola,63,11,RUS,PER,1,1
2024,Imola,63,18,RUS,STR,1,1
2024,Imola,63,31,RUS,OCO,1,0
2024,Imola,63,44,RUS,HAM,1,0
2024,Imola,77,10,BOT,GAS,1,0
2024,Imola,77,18,BOT,STR,1,0
2024,Imola,77,20,BOT,MAG,1,0
2024,Imola,77,23,BOT,ALB,1,0
2024,Imola,77,24,BOT,ZHO,2,0
2024,Imola,77,31,BOT,OCO,1,0
2024,Imola,81,4,PIA,NOR,1,0
2024,Imola,81,11,PIA,PER,1,1
2024,Imola,81,18,PIA,STR,1,0
2024,Imola,81,44,PIA,HAM,1,0
2024,Imola,81,55,PIA,SAI,1,0
2024,Interlagos,1,4,VER,NOR,1,0
2024,Interlagos,1,10,VER,GAS,1,1
2024,Interlagos,1,11,VER,PER,1,0
2024,Interlagos,1,14,VER,ALO,1,1
2024,Interlagos,1,16,VER,LEC,2,1
2024,Interlagos,1,18,VER,STR,1,0
2024,Interlagos,1,23,VER,ALB,1,0
2024,Interlagos,1,30,VER,LAW,1,1
2024,Interlagos,1,31,VER,OCO,1,0
2024,Interlagos,1,43,VER,COL,2,1
2024,Interlagos,1,44,VER,HAM,1,1
2024,Interlagos,1,50,VER,BEA,1,0
2024,Interlagos,1,63,VER,RUS,1,0
2024,Interlagos,1,81,VER,PIA,1,1
2024,Interlagos,4,63,NOR,RUS,1,1
2024,Interlagos,4,81,NOR,PIA,2,1
2024,Interlagos,10,4,GAS,NOR,1,0
2024,Interlagos,10,11,GAS,PER,1,0
2024,Interlagos,10,14,GAS,ALO,1,1
2024,Interlagos,10,16,GAS,LEC,1,0
2024,Interlagos,10,18,GAS,STR,1,0
2024,Interlagos,10,22,GAS,TSU,1,0
2024,Interlagos,10,23,GAS,ALB,1,0
2024,Interlagos,10,30,GAS,LAW,1,1
2024,Interlagos,10,63,GAS,RUS,1,0
2024,Interlagos,10,77,GAS,BOT,1,1
2024,Interlagos,10,81,GAS,PIA,1,1
2024,Interlagos,11,14,PER,ALO,1,0
2024,Interlagos,11,18,PER,STR,1,0
2024,Interlagos,11,23,PER,ALB,2,1
2024,Interlagos,11,24,PER,ZHO,1,1
2024,Interlagos,11,27,PER,HUL,2,1
2024,Interlagos,11,30,PER,LAW,2,2
2024,Interlagos,11,43,PER,COL,1,0
2024,Interlagos,11,44,PER,HAM,2,1
2024,Interlagos,11,50,PER,BEA,3,3
2024,Interlagos,11,55,PER,SAI,1,0
2024,Interlagos,11,77,PER,BOT,2,1
2024,Interlagos,14,16,ALO,LEC,1,0
2024,Interlagos,14,18,ALO,STR,1,1
2024,Interlagos,14,23,ALO,ALB,1,0
2024,Interlagos,14,24,ALO,ZHO,1,1
2024,Interlagos,14,27,ALO,HUL,1,1
2024,Interlagos,14,30,ALO,LAW,2,1
2024,Interlagos,14,44,ALO,HAM,1,0
2024,Interlagos,14,81,ALO,PIA,1,1
2024,Interlagos,16,4,LEC,NOR,1,0
2024,Interlagos,16,14,LEC,ALO,1,0
2024,Interlagos,16,22,LEC,TSU,1,0
2024,Interlagos,16,27,LEC,HUL,1,0
2024,Interlagos,16,30,LEC,LAW,2,0
2024,Interlagos,16,44,LEC,HAM,1,0
2024,Interlagos,16,50,LEC,BEA,1,0
2024,Interlagos,16,63,LEC,RUS,1,0
2024,Interlagos,16,81,LEC,PIA,1,0
2024,Interlagos,18,14,STR,ALO,1,1
2024,Interlagos,18,27,STR,HUL,1,1
2024,Interlagos,22,10,TSU,GAS,1,0
2024,Interlagos,22,11,TSU,PER,1,0
2024,Interlagos,22,14,TSU,ALO,1,0
2024,Interlagos,22,16,TSU,LEC,1,0
2024,Interlagos,22,24,TSU,ZHO,1,0
2024,Interlagos,22,27,TSU,HUL,2,1
2024,Interlagos,22,30,TSU,LAW,1,0
2024,Interlagos,22,31,TSU,OCO,2,2
2024,Interlagos,22,43,TSU,COL,1,0
2024,Interlagos,22,44,TSU,HAM,1,0
2024,Interlagos,22,50,TSU,BEA,1,0
2024,Interlagos,22,55,TSU,SAI,1,0
2024,Interlagos,22,77,TSU,BOT,2,1
2024,Interlagos,22,81,TSU,PIA,4,2
2024,Interlagos,23,27,ALB,HUL,1,1
2024,Interlagos,23,30,ALB,LAW,1,1
2024,Interlagos,23,50,ALB,BEA,1,1
2024,Interlagos,24,11,ZHO,PER,1,1
2024,Interlagos,24,14,ZHO,ALO,2,1
2024,Interlagos,24,18,ZHO,STR,2,2
2024,Interlagos,24,23,ZHO,ALB,1,1
2024,Interlagos,24,27,ZHO,HUL,2,2
2024,Interlagos,24,43,ZHO,COL,1,0
2024,Interlagos,24,50,ZHO,BEA,3,1
2024,Interlagos,24,55,ZHO,SAI,1,0
2024,Interlagos,27,11,HUL,PER,1,1
2024,Interlagos,27,16,HUL,LEC,1,0
2024,Interlagos,27,18,HUL,STR,1,0
2024,Interlagos,27,23,HUL,ALB,2,1
2024,Interlagos,27,43,HUL,COL,2,1
2024,Interlagos,27,44,HUL,HAM,3,3
2024,Interlagos,27,50,HUL,BEA,2,2
2024,Interlagos,27,77,HUL,BOT,1,1
2024,Interlagos,30,11,LAW,PER,1,1
2024,Interlagos,30,14,LAW,ALO,2,0
2024,Interlagos,30,16,LAW,LEC,1,0
2024,Interlagos,30,22,LAW,TSU,1,0
2024,Interlagos,30,23,LAW,ALB,1,1
2024,Interlagos,30,44,LAW,HAM,2,0
2024,Interlagos,30,77,LAW,BOT,1,1
2024,Interlagos,30,81,LAW,PIA,1,0
2024,Interlagos,31,4,OCO,NOR,1,0
2024,Interlagos,31,22,OCO,TSU,3,2
2024,Interlagos,31,27,OCO,HUL,1,1
2024,Interlagos,31,50,OCO,BEA,1,1
2024,Interlagos,31,63,OCO,RUS,1,0
2024,Interlagos,31,77,OCO,BOT,1,0
2024,Interlagos,43,1,COL,VER,1,0
2024,Interlagos,43,11,COL,PER,1,0
2024,Interlagos,43,18,COL,STR,1,0
2024,Interlagos,43,23,COL,ALB,1,0
2024,Interlagos,43,27,COL,HUL,3,1
2024,Interlagos,43,44,COL,HAM,2,1
2024,Interlagos,43,50,COL,BEA,2,1
2024,Interlagos,43,77,COL,BOT,2,2
2024,Interlagos,44,11,HAM,PER,2,1
2024,Interlagos,44,14,HAM,ALO,2,0
2024,Interlagos,44,16,HAM,LEC,1,0
2024,Interlagos,44,18,HAM,STR,1,0
2024,Interlagos,44,23,HAM,ALB,1,0
2024,Interlagos,44,27,HAM,HUL,3,2
2024,Interlagos,44,30,HAM,LAW,2,0
2024,Interlagos,44,43,HAM,COL,2,2
2024,Interlagos,44,50,HAM,BEA,3,1
2024,Interlagos,44,55,HAM,SAI,1,1
2024,Interlagos,44,77,HAM,BOT,2,1
2024,Interlagos,50,11,BEA,PER,3,3
2024,Interlagos,50,14,BEA,ALO,1,0
2024,Interlagos,50,16,BEA,LEC,1,0
2024,Interlagos,50,18,BEA,STR,1,0
2024,Interlagos,50,23,BEA,ALB,2,1
2024,Interlagos,50,24,BEA,ZHO,3,1
2024,Interlagos,50,27,BEA,HUL,2,1
2024,Interlagos,50,43,BEA,COL,1,1
2024,Interlagos,50,44,BEA,HAM,2,1
2024,Interlagos,50,55,BEA,SAI,2,1
2024,Interlagos,50,77,BEA,BOT,4,2
2024,Interlagos,55,11,SAI,PER,1,1
2024,Interlagos,55,18,SAI,STR,1,1
2024,Interlagos,55,23,SAI,ALB,1,1
2024,Interlagos,55,24,SAI,ZHO,1,1
2024,Interlagos,55,27,SAI,HUL,1,0
2024,Interlagos,55,43,SAI,COL,1,0
2024,Interlagos,55,44,SAI,HAM,1,1
2024,Interlagos,55,50,SAI,BEA,2,1
2024,Interlagos,55,77,SAI,BOT,2,1
2024,Interlagos,63,4,RUS,NOR,2,1
2024,Interlagos,63,16,RUS,LEC,1,0
2024,Interlagos,77,11,BOT,PER,1,0
2024,Interlagos,77,14,BOT,ALO,1,0
2024,Interlagos,77,18,BOT,STR,1,0
2024,Interlagos,77,23,BOT,ALB,1,0
2024,Interlagos,77,27,BOT,HUL,2,1
2024,Interlagos,77,30,BOT,LAW,1,0
2024,Interlagos,77,43,BOT,COL,2,1
2024,Interlagos,77,44,BOT,HAM,1,0
2024,Interlagos,77,50,BOT,BEA,3,1
2024,Interlagos,77,55,BOT,SAI,2,0
2024,Interlagos,81,4,PIA,NOR,1,0
2024,Interlagos,81,14,PIA,ALO,1,1
2024,Interlagos,81,16,PIA,LEC,1,0
2024,Interlagos,81,22,PIA,TSU,3,2
2024,Interlagos,81,23,PIA,ALB,1,0
2024,Interlagos,81,30,PIA,LAW,2,1
2024,Jeddah,1,4,VER,NOR,1,1
2024,Jeddah,2,3,SAR,RIC,1,0
2024,Jeddah,2,10,SAR,GAS,2,0
2024,Jeddah,2,18,SAR,STR,1,1
2024,Jeddah,2,24,SAR,ZHO,1,0
2024,Jeddah,2,77,SAR,BOT,1,1
2024,Jeddah,3,18,RIC,STR,1,1
2024,Jeddah,3,24,RIC,ZHO,1,0
2024,Jeddah,3,31,RIC,OCO,1,1
2024,Jeddah,3,77,RIC,BOT,1,1
2024,Jeddah,4,1,NOR,VER,1,0
2024,Jeddah,4,11,NOR,PER,1,0
2024,Jeddah,4,14,NOR,ALO,1,0
2024,Jeddah,4,16,NOR,LEC,1,0
2024,Jeddah,4,63,NOR,RUS,1,1
2024,Jeddah,4,81,NOR,PIA,1,0
2024,Jeddah,10,2,GAS,SAR,1,0
2024,Jeddah,11,4,PER,NOR,1,1
2024,Jeddah,11,16,PER,LEC,2,2
2024,Jeddah,11,44,PER,HAM,1,1
2024,Jeddah,14,4,ALO,NOR,1,0
2024,Jeddah,14,44,ALO,HAM,1,0
2024,Jeddah,16,4,LEC,NOR,1,1
2024,Jeddah,16,11,LEC,PER,1,1
2024,Jeddah,16,44,LEC,HAM,1,1
2024,Jeddah,16,81,LEC,PIA,1,1
2024,Jeddah,18,22,STR,TSU,2,2
2024,Jeddah,20,18,MAG,STR,1,1
2024,Jeddah,20,22,MAG,TSU,3,3
2024,Jeddah,20,23,MAG,ALB,2,1
2024,Jeddah,20,24,MAG,ZHO,1,0
2024,Jeddah,20,38,MAG,BEA,1,0
2024,Jeddah,22,18,TSU,STR,2,2
2024,Jeddah,22,20,TSU,MAG,2,2
2024,Jeddah,22,24,TSU,ZHO,1,0
2024,Jeddah,23,18,ALB,STR,1,1
2024,Jeddah,23,20,ALB,MAG,1,1
2024,Jeddah,23,22,ALB,TSU,1,1
2024,Jeddah,23,24,ALB,ZHO,1,0
2024,Jeddah,23,27,ALB,HUL,1,1
2024,Jeddah,23,31,ALB,OCO,1,1
2024,Jeddah,23,38,ALB,BEA,1,0
2024,Jeddah,24,2,ZHO,SAR,1,0
2024,Jeddah,24,3,ZHO,RIC,1,0
2024,Jeddah,24,10,ZHO,GAS,1,1
2024,Jeddah,24,18,ZHO,STR,1,1
2024,Jeddah,24,20,ZHO,MAG,1,0
2024,Jeddah,24,22,ZHO,TSU,1,0
2024,Jeddah,24,23,ZHO,ALB,1,0
2024,Jeddah,24,27,ZHO,HUL,1,0
2024,Jeddah,24,31,ZHO,OCO,1,0
2024,Jeddah,24,38,ZHO,BEA,1,0
2024,Jeddah,24,77,ZHO,BOT,1,0
2024,Jeddah,27,3,HUL,RIC,1,0
2024,Jeddah,27,18,HUL,STR,1,1
2024,Jeddah,27,20,HUL,MAG,1,0
2024,Jeddah,27,22,HUL,TSU,1,0
2024,Jeddah,27,23,HUL,ALB,2,1
2024,Jeddah,27,24,HUL,ZHO,1,0
2024,Jeddah,27,38,HUL,BEA,2,1
2024,Jeddah,27,63,HUL,RUS,1,0
2024,Jeddah,31,3,OCO,RIC,2,1
2024,Jeddah,31,18,OCO,STR,1,1
2024,Jeddah,31,22,OCO,TSU,1,1
2024,Jeddah,31,23,OCO,ALB,1,1
2024,Jeddah,31,24,OCO,ZHO,1,0
2024,Jeddah,31,77,OCO,BOT,2,0
2024,Jeddah,38,4,BEA,NOR,1,0
2024,Jeddah,38,18,BEA,STR,1,1
2024,Jeddah,38,20,BEA,MAG,1,1
2024,Jeddah,38,22,BEA,TSU,1,1
2024,Jeddah,38,23,BEA,ALB,1,1
2024,Jeddah,38,24,BEA,ZHO,1,1
2024,Jeddah,38,27,BEA,HUL,2,2
2024,Jeddah,38,44,BEA,HAM,1,0
2024,Jeddah,44,11,HAM,PER,1,0
2024,Jeddah,44,14,HAM,ALO,1,0
2024,Jeddah,44,16,HAM,LEC,1,0
2024,Jeddah,44,63,HAM,RUS,1,0
2024,Jeddah,44,81,HAM,PIA,3,2
2024,Jeddah,63,4,RUS,NOR,2,1
2024,Jeddah,63,27,RUS,HUL,1,1
2024,Jeddah,63,44,RUS,HAM,1,0
2024,Jeddah,77,3,BOT,RIC,1,0
2024,Jeddah,77,18,BOT,STR,1,1
2024,Jeddah,77,24,BOT,ZHO,1,0
2024,Jeddah,81,4,PIA,NOR,1,0
2024,Jeddah,81,14,PIA,ALO,1,1
2024,Jeddah,81,16,PIA,LEC,1,1
2024,Jeddah,81,44,PIA,HAM,3,2
2024,Las Vegas,1,4,VER,NOR,1,0
2024,Las Vegas,1,10,VER,GAS,1,1
2024,Las Vegas,1,11,VER,PER,1,1
2024,Las Vegas,1,16,VER,LEC,3,2
2024,Las Vegas,1,20,VER,MAG,1,0
2024,Las Vegas,1,27,VER,HUL,1,0
2024,Las Vegas,1,44,VER,HAM,1,0
2024,Las Vegas,1,55,VER,SAI,2,0
2024,Las Vegas,1,77,VER,BOT,1,0
2024,Las Vegas,4,1,NOR,VER,1,0
2024,Las Vegas,4,10,NOR,GAS,2,1
2024,Las Vegas,4,11,NOR,PER,1,0
2024,Las Vegas,4,20,NOR,MAG,1,1
2024,Las Vegas,4,22,NOR,TSU,1,0
2024,Las Vegas,4,24,NOR,ZHO,1,0
2024,Las Vegas,4,27,NOR,HUL,2,0
2024,Las Vegas,4,30,NOR,LAW,1,0
2024,Las Vegas,4,31,NOR,OCO,1,0
2024,Las Vegas,4,43,NOR,COL,1,1
2024,Las Vegas,4,44,NOR,HAM,2,0
2024,Las Vegas,4,55,NOR,SAI,1,0
2024,Las Vegas,4,77,NOR,BOT,1,1
2024,Las Vegas,4,81,NOR,PIA,1,0
2024,Las Vegas,10,4,GAS,NOR,1,0
2024,Las Vegas,10,16,GAS,LEC,1,0
2024,Las Vegas,10,24,GAS,ZHO,1,0
2024,Las Vegas,10,27,GAS,HUL,1,0
2024,Las Vegas,10,30,GAS,LAW,1,0
2024,Las Vegas,10,31,GAS,OCO,1,0
2024,Las Vegas,11,4,PER,NOR,1,0
2024,Las Vegas,11,10,PER,GAS,1,0
2024,Las Vegas,11,14,PER,ALO,4,2
2024,Las Vegas,11,16,PER,LEC,1,0
2024,Las Vegas,11,20,PER,MAG,2,2
2024,Las Vegas,11,22,PER,TSU,2,0
2024,Las Vegas,11,23,PER,ALB,2,2
2024,Las Vegas,11,24,PER,ZHO,3,1
2024,Las Vegas,11,27,PER,HUL,1,1
2024,Las Vegas,11,30,PER,LAW,3,3
2024,Las Vegas,11,31,PER,OCO,2,1
2024,Las Vegas,11,44,PER,HAM,1,0
2024,Las Vegas,11,81,PER,PIA,1,0
2024,Las Vegas,14,10,ALO,GAS,1,1
2024,Las Vegas,14,11,ALO,PER,4,2
2024,Las Vegas,14,18,ALO,STR,2,0
2024,Las Vegas,14,20,ALO,MAG,2,1
2024,Las Vegas,14,23,ALO,ALB,2,1
2024,Las Vegas,14,24,ALO,ZHO,2,0
2024,Las Vegas,14,27,ALO,HUL,1,0
2024,Las Vegas,14,30,ALO,LAW,2,1
2024,Las Vegas,14,31,ALO,OCO,2,1
2024,Las Vegas,14,43,ALO,COL,2,0
2024,Las Vegas,14,77,ALO,BOT,1,1
2024,Las Vegas,14,81,ALO,PIA,1,0
2024,Las Vegas,16,1,LEC,VER,3,2
2024,Las Vegas,16,10,LEC,GAS,2,1
2024,Las Vegas,16,11,LEC,PER,1,1
2024,Las Vegas,16,20,LEC,MAG,1,1
2024,Las Vegas,16,22,LEC,TSU,1,0
2024,Las Vegas,16,27,LEC,HUL,1,0
2024,Las Vegas,16,30,LEC,LAW,1,0
2024,Las Vegas,16,43,LEC,COL,1,1
2024,Las Vegas,16,44,LEC,HAM,1,0
2024,Las Vegas,16,55,LEC,SAI,3,3
2024,Las Vegas,16,63,LEC,RUS,1,1
2024,Las Vegas,16,77,LEC,BOT,1,1
2024,Las Vegas,16,81,LEC,PIA,1,0
2024,Las Vegas,18,10,STR,GAS,1,1
2024,Las Vegas,18,14,STR,ALO,2,0
2024,Las Vegas,18,20,STR,MAG,1,0
2024,Las Vegas,18,23,STR,ALB,1,1
2024,Las Vegas,18,30,STR,LAW,1,0
2024,Las Vegas,18,31,STR,OCO,1,0
2024,Las Vegas,18,43,STR,COL,1,0
2024,Las Vegas,18,77,STR,BOT,2,1
2024,Las Vegas,18,81,STR,PIA,1,0
2024,Las Vegas,20,4,MAG,NOR,1,0
2024,Las Vegas,20,10,MAG,GAS,1,0
2024,Las Vegas,20,11,MAG,PER,1,0
2024,Las Vegas,20,14,MAG,ALO,1,0
2024,Las Vegas,20,16,MAG,LEC,1,0
2024,Las Vegas,20,18,MAG,STR,1,0
2024,Las Vegas,20,22,MAG,TSU,1,0
2024,Las Vegas,20,23,MAG,ALB,1,1
2024,Las Vegas,20,24,MAG,ZHO,2,0
2024,Las Vegas,20,27,MAG,HUL,1,0
2024,Las Vegas,20,30,MAG,LAW,4,2
2024,Las Vegas,20,31,MAG,OCO,1,1
2024,Las Vegas,20,43,MAG,COL,1,0
2024,Las Vegas,20,44,MAG,HAM,1,0
2024,Las Vegas,20,55,MAG,SAI,1,0
2024,Las Vegas,20,81,MAG,PIA,1,0
2024,Las Vegas,22,4,TSU,NOR,1,0
2024,Las Vegas,22,10,TSU,GAS,1,0
2024,Las Vegas,22,11,TSU,PER,2,0
2024,Las Vegas,22,16,TSU,LEC,1,0
2024,Las Vegas,22,20,TSU,MAG,1,1
2024,Las Vegas,22,24,TSU,ZHO,2,0
2024,Las Vegas,22,27,TSU,HUL,3,1
2024,Las Vegas,22,30,TSU,LAW,2,1
2024,Las Vegas,22,31,TSU,OCO,2,1
2024,Las Vegas,22,77,TSU,BOT,1,1
2024,Las Vegas,23,10,ALB,GAS,1,1
2024,Las Vegas,23,11,ALB,PER,1,1
2024,Las Vegas,23,14,ALB,ALO,2,1
2024,Las Vegas,23,20,ALB,MAG,1,0
2024,Las Vegas,23,24,ALB,ZHO,1,0
2024,Las Vegas,23,27,ALB,HUL,1,0
2024,Las Vegas,23,30,ALB,LAW,1,0
2024,Las Vegas,23,31,ALB,OCO,1,0
2024,Las Vegas,23,43,ALB,COL,1,0
2024,Las Vegas,23,77,ALB,BOT,1,1
2024,Las Vegas,24,4,ZHO,NOR,1,0
2024,Las Vegas,24,10,ZHO,GAS,2,1
2024,Las Vegas,24,11,ZHO,PER,1,0
2024,Las Vegas,24,14,ZHO,ALO,1,1
2024,Las Vegas,24,16,ZHO,LEC,1,0
2024,Las Vegas,24,20,ZHO,MAG,1,1
2024,Las Vegas,24,22,ZHO,TSU,2,0
2024,Las Vegas,24,23,ZHO,ALB,1,1
2024,Las Vegas,24,27,ZHO,HUL,1,0
2024,Las Vegas,24,30,ZHO,LAW,2,1
2024,Las Vegas,24,31,ZHO,OCO,2,1
2024,Las Vegas,24,43,ZHO,COL,2,0
2024,Las Vegas,24,77,ZHO,BOT,1,0
2024,Las Vegas,24,81,ZHO,PIA,1,0
2024,Las Vegas,27,1,HUL,VER,1,0
2024,Las Vegas,27,4,HUL,NOR,2,0
2024,Las Vegas,27,10,HUL,GAS,2,1
2024,Las Vegas,27,14,HUL,ALO,1,1
2024,Las Vegas,27,20,HUL,MAG,1,0
2024,Las Vegas,27,22,HUL,TSU,4,2
2024,Las Vegas,27,23,HUL,ALB,1,1
2024,Las Vegas,27,24,HUL,ZHO,1,0
2024,Las Vegas,27,30,HUL,LAW,1,1
2024,Las Vegas,27,31,HUL,OCO,1,1
2024,Las Vegas,27,43,HUL,COL,1,0
2024,Las Vegas,27,44,HUL,HAM,1,0
2024,Las Vegas,27,77,HUL,BOT,1,0
2024,Las Vegas,27,81,HUL,PIA,5,3
2024,Las Vegas,30,4,LAW,NOR,1,0
2024,Las Vegas,30,10,LAW,GAS,2,1
2024,Las Vegas,30,11,LAW,PER,1,0
2024,Las Vegas,30,14,LAW,ALO,1,0
2024,Las Vegas,30,16,LAW,LEC,1,0
2024,Las Vegas,30,20,LAW,MAG,3,3
2024,Las Vegas,30,22,LAW,TSU,2,0
2024,Las Vegas,30,23,LAW,ALB,1,1
2024,Las Vegas,30,24,LAW,ZHO,2,1
2024,Las Vegas,30,27,LAW,HUL,1,0
2024,Las Vegas,30,31,LAW,OCO,2,0
2024,Las Vegas,30,43,LAW,COL,1,0
2024,Las Vegas,30,55,LAW,SAI,1,0
2024,Las Vegas,30,77,LAW,BOT,1,0
2024,Las Vegas,30,81,LAW,PIA,1,0
2024,Las Vegas,31,4,OCO,NOR,1,0
2024,Las Vegas,31,10,OCO,GAS,2,1
2024,Las Vegas,31,11,OCO,PER,1,0
2024,Las Vegas,31,14,OCO,ALO,1,0
2024,Las Vegas,31,16,OCO,LEC,1,0
2024,Las Vegas,31,20,OCO,MAG,1,0
2024,Las Vegas,31,22,OCO,TSU,2,0
2024,Las Vegas,31,23,OCO,ALB,1,1
2024,Las Vegas,31,24,OCO,ZHO,1,0
2024,Las Vegas,31,27,OCO,HUL,1,0
2024,Las Vegas,31,30,OCO,LAW,1,1
2024,Las Vegas,31,43,OCO,COL,1,0
2024,Las Vegas,31,77,OCO,BOT,1,0
2024,Las Vegas,31,81,OCO,PIA,1,0
2024,Las Vegas,43,10,COL,GAS,1,0
2024,Las Vegas,43,14,COL,ALO,2,0
2024,Las Vegas,43,18,COL,STR,2,0
2024,Las Vegas,43,20,COL,MAG,1,0
2024,Las Vegas,43,22,COL,TSU,1,0
2024,Las Vegas,43,23,COL,ALB,2,0
2024,Las Vegas,43,24,COL,ZHO,1,0
2024,Las Vegas,43,27,COL,HUL,1,0
2024,Las Vegas,43,30,COL,LAW,2,0
2024,Las Vegas,43,31,COL,OCO,1,1
2024,Las Vegas,43,55,COL,SAI,1,0
2024,Las Vegas,43,77,COL,BOT,3,1
2024,Las Vegas,43,81,COL,PIA,3,0
2024,Las Vegas,44,1,HAM,VER,2,1
2024,Las Vegas,44,4,HAM,NOR,3,1
2024,Las Vegas,44,10,HAM,GAS,1,0
2024,Las Vegas,44,11,HAM,PER,1,0
2024,Las Vegas,44,16,HAM,LEC,2,0
2024,Las Vegas,44,20,HAM,MAG,1,0
2024,Las Vegas,44,22,HAM,TSU,1,1
2024,Las Vegas,44,27,HAM,HUL,2,1
2024,Las Vegas,44,55,HAM,SAI,3,1
2024,Las Vegas,44,63,HAM,RUS,2,1
2024,Las Vegas,44,81,HAM,PIA,2,2
2024,Las Vegas,55,1,SAI,VER,2,1
2024,Las Vegas,55,4,SAI,NOR,1,0
2024,Las Vegas,55,11,SAI,PER,1,1
2024,Las Vegas,55,16,SAI,LEC,3,2
2024,Las Vegas,55,20,SAI,MAG,1,1
2024,Las Vegas,55,27,SAI,HUL,1,0
2024,Las Vegas,55,30,SAI,LAW,1,0
2024,Las Vegas,55,43,SAI,COL,1,1
2024,Las Vegas,55,44,SAI,HAM,2,1
2024,Las Vegas,55,77,SAI,BOT,1,1
2024,Las Vegas,63,16,RUS,LEC,1,1
2024,Las Vegas,63,44,RUS,HAM,2,1
2024,Las Vegas,77,1,BOT,VER,1,0
2024,Las Vegas,77,10,BOT,GAS,1,0
2024,Las Vegas,77,14,BOT,ALO,1,0
2024,Las Vegas,77,18,BOT,STR,2,0
2024,Las Vegas,77,22,BOT,TSU,1,0
2024,Las Vegas,77,23,BOT,ALB,2,1
2024,Las Vegas,77,24,BOT,ZHO,1,0
2024,Las Vegas,77,27,BOT,HUL,1,0
2024,Las Vegas,77,30,BOT,LAW,1,0
2024,Las Vegas,77,43,BOT,COL,2,0
2024,Las Vegas,77,55,BOT,SAI,1,0
2024,Las Vegas,77,81,BOT,PIA,1,0
2024,Las Vegas,81,4,PIA,NOR,1,0
2024,Las Vegas,81,10,PIA,GAS,1,1
2024,Las Vegas,81,11,PIA,PER,2,0
2024,Las Vegas,81,14,PIA,ALO,1,1
2024,Las Vegas,81,18,PIA,STR,1,1
2024,Las Vegas,81,20,PIA,MAG,1,1
2024,Las Vegas,81,22,PIA,TSU,1,0
2024,Las Vegas,81,24,PIA,ZHO,1,1
2024,Las Vegas,81,27,PIA,HUL,5,3
2024,Las Vegas,81,30,PIA,LAW,2,1
2024,Las Vegas,81,31,PIA,OCO,2,1
2024,Las Vegas,81,43,PIA,COL,3,1
2024,Las Vegas,81,44,PIA,HAM,1,1
2024,Las Vegas,81,77,PIA,BOT,1,1
2024,Lusail,1,4,VER,NOR,3,2
2024,Lusail,1,10,VER,GAS,2,1
2024,Lusail,1,11,VER,PER,1,0
2024,Lusail,1,14,VER,ALO,1,0
2024,Lusail,1,16,VER,LEC,1,0
2024,Lusail,1,18,VER,STR,1,0
2024,Lusail,1,20,VER,MAG,1,0
2024,Lusail,1,22,VER,TSU,1,0
2024,Lusail,1,23,VER,ALB,1,0
2024,Lusail,1,24,VER,ZHO,1,0
2024,Lusail,1,27,VER,HUL,1,0
2024,Lusail,1,30,VER,LAW,1,0
2024,Lusail,1,44,VER,HAM,1,0
2024,Lusail,1,55,VER,SAI,2,0
2024,Lusail,1,63,VER,RUS,2,0
2024,Lusail,1,77,VER,BOT,1,0
2024,Lusail,1,81,VER,PIA,1,0
2024,Lusail,4,1,NOR,VER,3,1
2024,Lusail,4,10,NOR,GAS,2,0
2024,Lusail,4,11,NOR,PER,1,0
2024,Lusail,4,14,NOR,ALO,2,0
2024,Lusail,4,16,NOR,LEC,2,0
2024,Lusail,4,18,NOR,STR,2,0
2024,Lusail,4,20,NOR,MAG,2,0
2024,Lusail,4,22,NOR,TSU,3,0
2024,Lusail,4,23,NOR,ALB,3,0
2024,Lusail,4,24,NOR,ZHO,2,0
2024,Lusail,4,27,NOR,HUL,2,0
2024,Lusail,4,30,NOR,LAW,3,0
2024,Lusail,4,31,NOR,OCO,1,0
2024,Lusail,4,44,NOR,HAM,3,0
2024,Lusail,4,55,NOR,SAI,1,0
2024,Lusail,4,63,NOR,RUS,1,0
2024,Lusail,4,77,NOR,BOT,4,0
2024,Lusail,10,1,GAS,VER,2,1
2024,Lusail,10,4,GAS,NOR,3,0
2024,Lusail,10,11,GAS,PER,1,1
2024,Lusail,10,14,GAS,ALO,1,1
2024,Lusail,10,20,GAS,MAG,1,0
2024,Lusail,10,22,GAS,TSU,1,1
2024,Lusail,10,30,GAS,LAW,2,2
2024,Lusail,10,44,GAS,HAM,1,1
2024,Lusail,10,55,GAS,SAI,3,1
2024,Lusail,10,63,GAS,RUS,3,0
2024,Lusail,10,77,GAS,BOT,1,1
2024,Lusail,10,81,GAS,PIA,2,0
2024,Lusail,11,1,PER,VER,1,0
2024,Lusail,11,4,PER,NOR,1,0
2024,Lusail,11,14,PER,ALO,2,1
2024,Lusail,11,24,PER,ZHO,1,1
2024,Lusail,11,44,PER,HAM,1,0
2024,Lusail,11,55,PER,SAI,1,0
2024,Lusail,11,63,PER,RUS,2,0
2024,Lusail,11,81,PER,PIA,2,0
2024,Lusail,14,1,ALO,VER,1,0
2024,Lusail,14,4,ALO,NOR,3,0
2024,Lusail,14,11,ALO,PER,2,1
2024,Lusail,14,20,ALO,MAG,3,2
2024,Lusail,14,22,ALO,TSU,1,1
2024,Lusail,14,24,ALO,ZHO,1,1
2024,Lusail,14,30,ALO,LAW,1,0
2024,Lusail,14,44,ALO,HAM,2,1
2024,Lusail,14,55,ALO,SAI,3,0
2024,Lusail,14,63,ALO,RUS,3,0
2024,Lusail,14,77,ALO,BOT,1,1
2024,Lusail,14,81,ALO,PIA,2,0
2024,Lusail,16,1,LEC,VER,1,0
2024,Lusail,16,4,LEC,NOR,3,0
2024,Lusail,16,44,LEC,HAM,1,1
2024,Lusail,16,55,LEC,SAI,1,0
2024,Lusail,16,63,LEC,RUS,3,0
2024,Lusail,16,81,LEC,PIA,4,1
2024,Lusail,18,1,STR,VER,1,0
2024,Lusail,18,4,STR,NOR,2,0
2024,Lusail,18,23,STR,ALB,2,2
2024,Lusail,18,24,STR,ZHO,2,0
2024,Lusail,18,30,STR,LAW,2,2
2024,Lusail,18,55,STR,SAI,1,0
2024,Lusail,18,63,STR,RUS,2,0
2024,Lusail,18,77,STR,BOT,1,1
2024,Lusail,18,81,STR,PIA,2,0
2024,Lusail,20,1,MAG,VER,1,0
2024,Lusail,20,4,MAG,NOR,3,0
2024,Lusail,20,11,MAG,PER,1,1
2024,Lusail,20,14,MAG,ALO,4,4
2024,Lusail,20,18,MAG,STR,1,0
2024,Lusail,20,22,MAG,TSU,2,1
2024,Lusail,20,23,MAG,ALB,4,1
2024,Lusail,20,27,MAG,HUL,1,0
2024,Lusail,20,30,MAG,LAW,2,1
2024,Lusail,20,44,MAG,HAM,2,1
2024,Lusail,20,55,MAG,SAI,1,0
2024,Lusail,20,63,MAG,RUS,3,0
2024,Lusail,20,77,MAG,BOT,2,1
2024,Lusail,20,81,MAG,PIA,2,0
2024,Lusail,22,1,TSU,VER,1,0
2024,Lusail,22,4,TSU,NOR,3,0
2024,Lusail,22,10,TSU,GAS,1,0
2024,Lusail,22,11,TSU,PER,1,1
2024,Lusail,22,14,TSU,ALO,1,1
2024,Lusail,22,20,TSU,MAG,2,1
2024,Lusail,22,23,TSU,ALB,2,1
2024,Lusail,22,24,TSU,ZHO,3,1
2024,Lusail,22,27,TSU,HUL,1,0
2024,Lusail,22,44,TSU,HAM,3,0
2024,Lusail,22,55,TSU,SAI,1,0
2024,Lusail,22,63,TSU,RUS,2,0
2024,Lusail,22,77,TSU,BOT,3,0
2024,Lusail,22,81,TSU,PIA,2,0
2024,Lusail,23,1,ALB,VER,1,0
2024,Lusail,23,4,ALB,NOR,3,0
2024,Lusail,23,11,ALB,PER,1,1
2024,Lusail,23,18,ALB,STR,1,0
2024,Lusail,23,20,ALB,MAG,3,1
2024,Lusail,23,22,ALB,TSU,2,2
2024,Lusail,23,24,ALB,ZHO,1,0
2024,Lusail,23,30,ALB,LAW,2,1
2024,Lusail,23,44,ALB,HAM,1,0
2024,Lusail,23,55,ALB,SAI,1,0
2024,Lusail,23,63,ALB,RUS,2,0
2024,Lusail,23,77,ALB,BOT,2,0
2024,Lusail,23,81,ALB,PIA,2,0
2024,Lusail,24,1,ZHO,VER,1,0
2024,Lusail,24,4,ZHO,NOR,3,0
2024,Lusail,24,11,ZHO,PER,2,1
2024,Lusail,24,14,ZHO,ALO,1,0
2024,Lusail,24,18,ZHO,STR,1,0
2024,Lusail,24,20,ZHO,MAG,1,0
2024,Lusail,24,22,ZHO,TSU,3,2
2024,Lusail,24,23,ZHO,ALB,1,1
2024,Lusail,24,30,ZHO,LAW,3,2
2024,Lusail,24,44,ZHO,HAM,1,1
2024,Lusail,24,55,ZHO,SAI,2,0
2024,Lusail,24,63,ZHO,RUS,2,0
2024,Lusail,24,77,ZHO,BOT,1,0
2024,Lusail,24,81,ZHO,PIA,2,0
2024,Lusail,27,1,HUL,VER,2,1
2024,Lusail,27,4,HUL,NOR,2,0
2024,Lusail,27,10,HUL,GAS,1,0
2024,Lusail,27,11,HUL,PER,1,1
2024,Lusail,27,18,HUL,STR,1,1
2024,Lusail,27,20,HUL,MAG,1,0
2024,Lusail,27,22,HUL,TSU,1,1
2024,Lusail,27,30,HUL,LAW,2,1
2024,Lusail,27,44,HUL,HAM,1,0
2024,Lusail,27,55,HUL,SAI,1,0
2024,Lusail,27,63,HUL,RUS,2,0
2024,Lusail,27,77,HUL,BOT,2,1
2024,Lusail,27,81,HUL,PIA,2,0
2024,Lusail,30,1,LAW,VER,1,0
2024,Lusail,30,4,LAW,NOR,3,0
2024,Lusail,30,10,LAW,GAS,2,2
2024,Lusail,30,11,LAW,PER,1,1
2024,Lusail,30,18,LAW,STR,2,1
2024,Lusail,30,20,LAW,MAG,1,0
2024,Lusail,30,23,LAW,ALB,2,0
2024,Lusail,30,24,LAW,ZHO,3,2
2024,Lusail,30,27,LAW,HUL,2,1
2024,Lusail,30,44,LAW,HAM,2,0
2024,Lusail,30,55,LAW,SAI,1,0
2024,Lusail,30,63,LAW,RUS,2,0
2024,Lusail,30,77,LAW,BOT,1,0
2024,Lusail,30,81,LAW,PIA,2,0
2024,Lusail,31,4,OCO,NOR,1,0
2024,Lusail,31,22,OCO,TSU,1,1
2024,Lusail,31,23,OCO,ALB,1,1
2024,Lusail,31,30,OCO,LAW,1,1
2024,Lusail,31,43,OCO,COL,1,0
2024,Lusail,31,55,OCO,SAI,1,0
2024,Lusail,31,63,OCO,RUS,1,0
2024,Lusail,31,81,OCO,PIA,2,0
2024,Lusail,43,11,COL,PER,1,1
2024,Lusail,43,24,COL,ZHO,1,1
2024,Lusail,43,81,COL,PIA,1,0
2024,Lusail,44,1,HAM,VER,2,0
2024,Lusail,44,4,HAM,NOR,3,0
2024,Lusail,44,11,HAM,PER,1,1
2024,Lusail,44,14,HAM,ALO,1,1
2024,Lusail,44,16,HAM,LEC,1,1
2024,Lusail,44,20,HAM,MAG,1,1
2024,Lusail,44,22,HAM,TSU,3,0
2024,Lusail,44,23,HAM,ALB,1,0
2024,Lusail,44,27,HAM,HUL,1,1
2024,Lusail,44,30,HAM,LAW,2,1
2024,Lusail,44,55,HAM,SAI,1,0
2024,Lusail,44,63,HAM,RUS,3,0
2024,Lusail,44,81,HAM,PIA,2,0
2024,Lusail,55,1,SAI,VER,2,0
2024,Lusail,55,4,SAI,NOR,2,0
2024,Lusail,55,10,SAI,GAS,2,1
2024,Lusail,55,11,SAI,PER,1,1
2024,Lusail,55,14,SAI,ALO,2,1
2024,Lusail,55,16,SAI,LEC,1,0
2024,Lusail,55,18,SAI,STR,1,0
2024,Lusail,55,20,SAI,MAG,1,0
2024,Lusail,55,22,SAI,TSU,1,0
2024,Lusail,55,23,SAI,ALB,1,0
2024,Lusail,55,24,SAI,ZHO,2,0
2024,Lusail,55,27,SAI,HUL,1,0
2024,Lusail,55,30,SAI,LAW,1,0
2024,Lusail,55,31,SAI,OCO,1,0
2024,Lusail,55,44,SAI,HAM,2,0
2024,Lusail,55,63,SAI,RUS,2,0
2024,Lusail,55,77,SAI,BOT,1,0
2024,Lusail,55,81,SAI,PIA,2,1
2024,Lusail,63,1,RUS,VER,1,0
2024,Lusail,63,4,RUS,NOR,1,0
2024,Lusail,63,10,RUS,GAS,3,1
2024,Lusail,63,11,RUS,PER,2,1
2024,Lusail,63,14,RUS,ALO,3,1
2024,Lusail,63,16,RUS,LEC,2,0
2024,Lusail,63,18,RUS,STR,2,0
2024,Lusail,63,20,RUS,MAG,3,0
2024,Lusail,63,22,RUS,TSU,2,0
2024,Lusail,63,23,RUS,ALB,2,0
2024,Lusail,63,24,RUS,ZHO,2,0
2024,Lusail,63,27,RUS,HUL,2,0
2024,Lusail,63,30,RUS,LAW,2,0
2024,Lusail,63,31,RUS,OCO,1,0
2024,Lusail,63,44,RUS,HAM,3,1
2024,Lusail,63,55,RUS,SAI,2,0
2024,Lusail,63,77,RUS,BOT,2,0
2024,Lusail,77,1,BOT,VER,1,0
2024,Lusail,77,4,BOT,NOR,4,0
2024,Lusail,77,10,BOT,GAS,1,1
2024,Lusail,77,11,BOT,PER,1,1
2024,Lusail,77,14,BOT,ALO,1,0
2024,Lusail,77,18,BOT,STR,1,0
2024,Lusail,77,20,BOT,MAG,1,0
2024,Lusail,77,22,BOT,TSU,3,1
2024,Lusail,77,23,BOT,ALB,3,0
2024,Lusail,77,24,BOT,ZHO,1,0
2024,Lusail,77,27,BOT,HUL,2,0
2024,Lusail,77,30,BOT,LAW,2,0
2024,Lusail,77,44,BOT,HAM,2,0
2024,Lusail,77,55,BOT,SAI,1,0
2024,Lusail,77,63,BOT,RUS,2,0
2024,Lusail,77,81,BOT,PIA,2,0
2024,Lusail,81,1,PIA,VER,1,0
2024,Lusail,81,4,PIA,NOR,2,1
2024,Lusail,81,10,PIA,GAS,2,0
2024,Lusail,81,11,PIA,PER,2,0
2024,Lusail,81,14,PIA,ALO,2,0
2024,Lusail,81,16,PIA,LEC,3,1
2024,Lusail,81,18,PIA,STR,2,0
2024,Lusail,81,20,PIA,MAG,2,0
2024,Lusail,81,22,PIA,TSU,2,0
2024,Lusail,81,23,PIA,ALB,2,0
2024,Lusail,81,24,PIA,ZHO,2,0
2024,Lusail,81,27,PIA,HUL,2,0
2024,Lusail,81,30,PIA,LAW,2,0
2024,Lusail,81,31,PIA,OCO,2,0
2024,Lusail,81,43,PIA,COL,1,0
2024,Lusail,81,44,PIA,HAM,2,0
2024,Lusail,81,55,PIA,SAI,2,1
2024,Lusail,81,63,PIA,RUS,2,1
2024,Lusail,81,77,PIA,BOT,2,0
2024,Melbourne,1,16,VER,LEC,1,0
2024,Melbourne,3,1,RIC,VER,1,1
2024,Melbourne,3,10,RIC,GAS,2,0
2024,Melbourne,3,23,RIC,ALB,1,0
2024,Melbourne,3,24,RIC,ZHO,2,0
2024,Melbourne,3,31,RIC,OCO,2,1
2024,Melbourne,3,44,RIC,HAM,1,1
2024,Melbourne,3,63,RIC,RUS,1,0
2024,Melbourne,3,77,RIC,BOT,2,0
2024,Melbourne,4,1,NOR,VER,1,1
2024,Melbourne,4,14,NOR,ALO,1,0
2024,Melbourne,4,16,NOR,LEC,1,0
2024,Melbourne,4,81,NOR,PIA,1,1
2024,Melbourne,10,1,GAS,VER,1,1
2024,Melbourne,10,3,GAS,RIC,1,0
2024,Melbourne,10,11,GAS,PER,1,0
2024,Melbourne,10,16,GAS,LEC,1,0
2024,Melbourne,10,18,GAS,STR,2,0
2024,Melbourne,10,20,GAS,MAG,2,0
2024,Melbourne,10,22,GAS,TSU,2,0
2024,Melbourne,10,23,GAS,ALB,2,0
2024,Melbourne,10,24,GAS,ZHO,1,0
2024,Melbourne,10,27,GAS,HUL,2,0
2024,Melbourne,10,31,GAS,OCO,3,0
2024,Melbourne,10,44,GAS,HAM,1,0
2024,Melbourne,10,63,GAS,RUS,2,0
2024,Melbourne,10,77,GAS,BOT,1,0
2024,Melbourne,10,81,GAS,PIA,1,0
2024,Melbourne,11,1,PER,VER,1,1
2024,Melbourne,11,10,PER,GAS,1,0
2024,Melbourne,11,14,PER,ALO,2,1
2024,Melbourne,11,16,PER,LEC,1,0
2024,Melbourne,11,18,PER,STR,2,1
2024,Melbourne,11,22,PER,TSU,1,0
2024,Melbourne,11,27,PER,HUL,1,0
2024,Melbourne,11,63,PER,RUS,3,1
2024,Melbourne,11,81,PER,PIA,1,0
2024,Melbourne,14,1,ALO,VER,1,1
2024,Melbourne,14,4,ALO,NOR,1,0
2024,Melbourne,14,11,ALO,PER,2,0
2024,Melbourne,14,16,ALO,LEC,1,0
2024,Melbourne,14,18,ALO,STR,1,0
2024,Melbourne,14,22,ALO,TSU,1,0
2024,Melbourne,14,44,ALO,HAM,1,0
2024,Melbourne,14,55,ALO,SAI,1,0
2024,Melbourne,14,63,ALO,RUS,2,0
2024,Melbourne,14,77,ALO,BOT,1,1
2024,Melbourne,14,81,ALO,PIA,2,0
2024,Melbourne,16,1,LEC,VER,2,1
2024,Melbourne,16,3,LEC,RIC,1,0
2024,Melbourne,16,4,LEC,NOR,2,0
2024,Melbourne,16,10,LEC,GAS,2,1
2024,Melbourne,16,11,LEC,PER,2,0
2024,Melbourne,16,14,LEC,ALO,2,0
2024,Melbourne,16,18,LEC,STR,1,0
2024,Melbourne,16,20,LEC,MAG,1,0
2024,Melbourne,16,22,LEC,TSU,1,0
2024,Melbourne,16,23,LEC,ALB,1,0
2024,Melbourne,16,24,LEC,ZHO,1,0
2024,Melbourne,16,27,LEC,HUL,2,1
2024,Melbourne,16,31,LEC,OCO,1,0
2024,Melbourne,16,44,LEC,HAM,1,0
2024,Melbourne,16,63,LEC,RUS,1,0
2024,Melbourne,16,77,LEC,BOT,1,0
2024,Melbourne,16,81,LEC,PIA,1,0
2024,Melbourne,18,1,STR,VER,1,1
2024,Melbourne,18,10,STR,GAS,2,1
2024,Melbourne,18,11,STR,PER,2,0
2024,Melbourne,18,22,STR,TSU,2,1
2024,Melbourne,18,27,STR,HUL,1,0
2024,Melbourne,18,31,STR,OCO,1,0
2024,Melbourne,18,63,STR,RUS,1,0
2024,Melbourne,20,1,MAG,VER,1,1
2024,Melbourne,20,10,MAG,GAS,2,0
2024,Melbourne,20,23,MAG,ALB,4,2
2024,Melbourne,20,24,MAG,ZHO,1,0
2024,Melbourne,20,27,MAG,HUL,1,0
2024,Melbourne,20,31,MAG,OCO,1,0
2024,Melbourne,20,44,MAG,HAM,1,1
2024,Melbourne,20,63,MAG,RUS,1,0
2024,Melbourne,20,77,MAG,BOT,1,0
2024,Melbourne,22,1,TSU,VER,1,1
2024,Melbourne,22,10,TSU,GAS,2,1
2024,Melbourne,22,11,TSU,PER,1,0
2024,Melbourne,22,18,TSU,STR,1,0
2024,Melbourne,22,27,TSU,HUL,1,0
2024,Melbourne,22,44,TSU,HAM,1,1
2024,Melbourne,22,63,TSU,RUS,2,0
2024,Melbourne,23,1,ALB,VER,1,1
2024,Melbourne,23,3,ALB,RIC,1,0
2024,Melbourne,23,10,ALB,GAS,2,0
2024,Melbourne,23,20,ALB,MAG,3,0
2024,Melbourne,23,24,ALB,ZHO,1,0
2024,Melbourne,23,27,ALB,HUL,1,0
2024,Melbourne,23,44,ALB,HAM,1,1
2024,Melbourne,23,63,ALB,RUS,1,0
2024,Melbourne,23,77,ALB,BOT,1,0
2024,Melbourne,24,1,ZHO,VER,1,1
2024,Melbourne,24,3,ZHO,RIC,2,0
2024,Melbourne,24,10,ZHO,GAS,1,0
2024,Melbourne,24,20,ZHO,MAG,1,0
2024,Melbourne,24,23,ZHO,ALB,1,0
2024,Melbourne,24,31,ZHO,OCO,2,0
2024,Melbourne,24,44,ZHO,HAM,1,1
2024,Melbourne,24,63,ZHO,RUS,1,0
2024,Melbourne,24,77,ZHO,BOT,1,0
2024,Melbourne,27,1,HUL,VER,1,1
2024,Melbourne,27,10,HUL,GAS,2,1
2024,Melbourne,27,11,HUL,PER,1,0
2024,Melbourne,27,16,HUL,LEC,1,0
2024,Melbourne,27,18,HUL,STR,1,0
2024,Melbourne,27,20,HUL,MAG,2,1
2024,Melbourne,27,22,HUL,TSU,1,0
2024,Melbourne,27,23,HUL,ALB,2,0
2024,Melbourne,27,31,HUL,OCO,2,1
2024,Melbourne,27,44,HUL,HAM,1,0
2024,Melbourne,27,63,HUL,RUS,2,0
2024,Melbourne,27,77,HUL,BOT,1,0
2024,Melbourne,27,81,HUL,PIA,1,0
2024,Melbourne,31,1,OCO,VER,1,1
2024,Melbourne,31,3,OCO,RIC,1,0
2024,Melbourne,31,10,OCO,GAS,2,0
2024,Melbourne,31,18,OCO,STR,1,0
2024,Melbourne,31,20,OCO,MAG,1,0
2024,Melbourne,31,23,OCO,ALB,1,0
2024,Melbourne,31,24,OCO,ZHO,1,0
2024,Melbourne,31,27,OCO,HUL,1,1
2024,Melbourne,31,44,OCO,HAM,2,0
2024,Melbourne,31,63,OCO,RUS,2,0
2024,Melbourne,31,77,OCO,BOT,2,0
2024,Melbourne,44,1,HAM,VER,1,1
2024,Melbourne,44,14,HAM,ALO,1,0
2024,Melbourne,44,22,HAM,TSU,1,0
2024,Melbourne,44,31,HAM,OCO,1,0
2024,Melbourne,44,77,HAM,BOT,1,0
2024,Melbourne,55,1,SAI,VER,1,1
2024,Melbourne,55,14,SAI,ALO,1,0
2024,Melbourne,63,1,RUS,VER,1,1
2024,Melbourne,63,10,RUS,GAS,1,1
2024,Melbourne,63,11,RUS,PER,3,1
2024,Melbourne,63,14,RUS,ALO,1,0
2024,Melbourne,63,22,RUS,TSU,1,0
2024,Melbourne,63,27,RUS,HUL,1,1
2024,Melbourne,63,31,RUS,OCO,1,0
2024,Melbourne,77,1,BOT,VER,1,1
2024,Melbourne,77,3,BOT,RIC,1,0
2024,Melbourne,77,14,BOT,ALO,1,1
2024,Melbourne,77,23,BOT,ALB,1,0
2024,Melbourne,77,24,BOT,ZHO,1,0
2024,Melbourne,77,31,BOT,OCO,2,0
2024,Melbourne,77,44,BOT,HAM,2,1
2024,Melbourne,77,63,BOT,RUS,1,0
2024,Melbourne,81,1,PIA,VER,1,1
2024,Melbourne,81,4,PIA,NOR,1,0
2024,Melbourne,81,10,PIA,GAS,1,1
2024,Melbourne,81,11,PIA,PER,1,0
2024,Melbourne,81,14,PIA,ALO,2,0
2024,Melbourne,81,27,PIA,HUL,1,1
2024,Mexico City,1,4,VER,NOR,1,0
2024,Mexico City,1,10,VER,GAS,1,0
2024,Mexico City,1,20,VER,MAG,2,0
2024,Mexico City,1,24,VER,ZHO,1,1
2024,Mexico City,1,27,VER,HUL,1,0
2024,Mexico City,1,30,VER,LAW,1,1
2024,Mexico City,1,31,VER,OCO,1,1
2024,Mexico City,1,43,VER,COL,1,1
2024,Mexico City,1,44,VER,HAM,1,0
2024,Mexico City,1,55,VER,SAI,2,2
2024,Mexico City,1,63,VER,RUS,1,0
2024,Mexico City,1,77,VER,BOT,1,1
2024,Mexico City,1,81,VER,PIA,1,0
2024,Mexico City,4,1,NOR,VER,2,1
2024,Mexico City,4,16,NOR,LEC,2,1
2024,Mexico City,4,20,NOR,MAG,2,0
2024,Mexico City,4,44,NOR,HAM,2,0
2024,Mexico City,4,63,NOR,RUS,2,0
2024,Mexico City,10,1,GAS,VER,1,0
2024,Mexico City,10,22,GAS,TSU,1,0
2024,Mexico City,10,24,GAS,ZHO,1,1
2024,Mexico City,10,30,GAS,LAW,2,1
2024,Mexico City,10,31,GAS,OCO,1,1
2024,Mexico City,10,43,GAS,COL,1,0
2024,Mexico City,10,77,GAS,BOT,1,1
2024,Mexico City,10,81,GAS,PIA,1,0
2024,Mexico City,11,14,PER,ALO,1,1
2024,Mexico City,11,18,PER,STR,3,2
2024,Mexico City,11,22,PER,TSU,1,0
2024,Mexico City,11,23,PER,ALB,1,0
2024,Mexico City,11,24,PER,ZHO,1,1
2024,Mexico City,11,30,PER,LAW,3,1
2024,Mexico City,11,43,PER,COL,1,0
2024,Mexico City,11,81,PER,PIA,1,0
2024,Mexico City,14,22,ALO,TSU,1,0
2024,Mexico City,14,23,ALO,ALB,1,0
2024,Mexico City,14,30,ALO,LAW,1,0
2024,Mexico City,16,1,LEC,VER,1,1
2024,Mexico City,16,4,LEC,NOR,2,1
2024,Mexico City,18,11,STR,PER,2,1
2024,Mexico City,18,22,STR,TSU,1,0
2024,Mexico City,18,23,STR,ALB,1,0
2024,Mexico City,18,24,STR,ZHO,1,1
2024,Mexico City,18,30,STR,LAW,2,1
2024,Mexico City,18,31,STR,OCO,1,1
2024,Mexico City,18,43,STR,COL,1,0
2024,Mexico City,18,77,STR,BOT,1,0
2024,Mexico City,20,1,MAG,VER,2,1
2024,Mexico City,20,4,MAG,NOR,2,1
2024,Mexico City,20,24,MAG,ZHO,1,0
2024,Mexico City,20,30,MAG,LAW,1,0
2024,Mexico City,20,31,MAG,OCO,1,1
2024,Mexico City,20,43,MAG,COL,1,1
2024,Mexico City,20,44,MAG,HAM,1,0
2024,Mexico City,20,63,MAG,RUS,1,0
2024,Mexico City,20,77,MAG,BOT,1,1
2024,Mexico City,22,10,TSU,GAS,1,0
2024,Mexico City,22,23,TSU,ALB,1,0
2024,Mexico City,22,27,TSU,HUL,1,0
2024,Mexico City,23,22,ALB,TSU,1,1
2024,Mexico City,24,1,ZHO,VER,1,0
2024,Mexico City,24,10,ZHO,GAS,1,0
2024,Mexico City,24,11,ZHO,PER,2,0
2024,Mexico City,24,14,ZHO,ALO,1,1
2024,Mexico City,24,18,ZHO,STR,1,0
2024,Mexico City,24,20,ZHO,MAG,1,0
2024,Mexico City,24,22,ZHO,TSU,1,0
2024,Mexico City,24,23,ZHO,ALB,1,0
2024,Mexico City,24,27,ZHO,HUL,1,0
2024,Mexico City,24,30,ZHO,LAW,2,0
2024,Mexico City,24,31,ZHO,OCO,1,1
2024,Mexico City,24,81,ZHO,PIA,1,0
2024,Mexico City,27,1,HUL,VER,1,0
2024,Mexico City,27,10,HUL,GAS,1,1
2024,Mexico City,27,22,HUL,TSU,1,1
2024,Mexico City,27,23,HUL,ALB,1,0
2024,Mexico City,27,24,HUL,ZHO,1,1
2024,Mexico City,27,30,HUL,LAW,1,0
2024,Mexico City,27,31,HUL,OCO,1,1
2024,Mexico City,27,43,HUL,COL,1,1
2024,Mexico City,27,44,HUL,HAM,1,0
2024,Mexico City,27,77,HUL,BOT,1,1
2024,Mexico City,27,81,HUL,PIA,1,0
2024,Mexico City,30,1,LAW,VER,1,0
2024,Mexico City,30,10,LAW,GAS,2,1
2024,Mexico City,30,11,LAW,PER,3,2
2024,Mexico City,30,14,LAW,ALO,1,0
2024,Mexico City,30,18,LAW,STR,1,1
2024,Mexico City,30,20,LAW,MAG,1,0
2024,Mexico City,30,22,LAW,TSU,1,0
2024,Mexico City,30,23,LAW,ALB,1,0
2024,Mexico City,30,24,LAW,ZHO,1,1
2024,Mexico City,30,27,LAW,HUL,1,0
2024,Mexico City,30,31,LAW,OCO,1,0
2024,Mexico City,30,43,LAW,COL,1,0
2024,Mexico City,30,63,LAW,RUS,1,0
2024,Mexico City,30,77,LAW,BOT,1,0
2024,Mexico City,31,1,OCO,VER,1,0
2024,Mexico City,31,10,OCO,GAS,1,0
2024,Mexico City,31,11,OCO,PER,1,0
2024,Mexico City,31,14,OCO,ALO,1,1
2024,Mexico City,31,18,OCO,STR,1,0
2024,Mexico City,31,20,OCO,MAG,1,0
2024,Mexico City,31,22,OCO,TSU,1,1
2024,Mexico City,31,24,OCO,ZHO,2,2
2024,Mexico City,31,27,OCO,HUL,1,0
2024,Mexico City,31,30,OCO,LAW,2,0
2024,Mexico City,31,43,OCO,COL,1,0
2024,Mexico City,31,77,OCO,BOT,1,1
2024,Mexico City,43,10,COL,GAS,1,0
2024,Mexico City,43,11,COL,PER,1,0
2024,Mexico City,43,14,COL,ALO,1,1
2024,Mexico City,43,18,COL,STR,1,0
2024,Mexico City,43,20,COL,MAG,1,0
2024,Mexico City,43,22,COL,TSU,1,0
2024,Mexico City,43,23,COL,ALB,1,0
2024,Mexico City,43,27,COL,HUL,1,0
2024,Mexico City,43,30,COL,LAW,2,1
2024,Mexico City,43,31,COL,OCO,1,0
2024,Mexico City,43,77,COL,BOT,3,2
2024,Mexico City,43,81,COL,PIA,2,1
2024,Mexico City,44,1,HAM,VER,2,1
2024,Mexico City,44,4,HAM,NOR,2,1
2024,Mexico City,44,20,HAM,MAG,1,0
2024,Mexico City,44,27,HAM,HUL,1,0
2024,Mexico City,44,30,HAM,LAW,1,1
2024,Mexico City,44,43,HAM,COL,1,1
2024,Mexico City,44,63,HAM,RUS,2,1
2024,Mexico City,44,81,HAM,PIA,1,1
2024,Mexico City,55,1,SAI,VER,2,2
2024,Mexico City,63,1,RUS,VER,2,1
2024,Mexico City,63,4,RUS,NOR,2,1
2024,Mexico City,63,20,RUS,MAG,1,1
2024,Mexico City,63,30,RUS,LAW,1,1
2024,Mexico City,63,44,RUS,HAM,1,1
2024,Mexico City,63,81,RUS,PIA,1,1
2024,Mexico City,77,10,BOT,GAS,1,0
2024,Mexico City,77,11,BOT,PER,1,0
2024,Mexico City,77,14,BOT,ALO,1,1
2024,Mexico City,77,18,BOT,STR,1,0
2024,Mexico City,77,20,BOT,MAG,1,0
2024,Mexico City,77,22,BOT,TSU,1,0
2024,Mexico City,77,23,BOT,ALB,1,0
2024,Mexico City,77,27,BOT,HUL,1,0
2024,Mexico City,77,30,BOT,LAW,2,0
2024,Mexico City,77,43,BOT,COL,2,1
2024,Mexico City,77,81,BOT,PIA,2,1
2024,Mexico City,81,1,PIA,VER,1,0
2024,Mexico City,81,10,PIA,GAS,2,1
2024,Mexico City,81,11,PIA,PER,1,0
2024,Mexico City,81,14,PIA,ALO,1,1
2024,Mexico City,81,18,PIA,STR,1,1
2024,Mexico City,81,20,PIA,MAG,1,0
2024,Mexico City,81,22,PIA,TSU,1,0
2024,Mexico City,81,23,PIA,ALB,1,0
2024,Mexico City,81,24,PIA,ZHO,1,1
2024,Mexico City,81,27,PIA,HUL,2,1
2024,Mexico City,81,30,PIA,LAW,1,1
2024,Mexico City,81,31,PIA,OCO,1,1
2024,Mexico City,81,43,PIA,COL,4,2
2024,Mexico City,81,63,PIA,RUS,1,0
2024,Mexico City,81,77,PIA,BOT,3,3
2024,Miami,1,55,VER,SAI,1,0
2024,Miami,1,81,VER,PIA,1,0
2024,Miami,2,4,SAR,NOR,1,0
2024,Miami,2,10,SAR,GAS,2,2
2024,Miami,2,14,SAR,ALO,1,0
2024,Miami,2,18,SAR,STR,1,0
2024,Miami,2,20,SAR,MAG,2,1
2024,Miami,2,23,SAR,ALB,1,0
2024,Miami,2,24,SAR,ZHO,1,0
2024,Miami,2,31,SAR,OCO,1,0
2024,Miami,2,63,SAR,RUS,1,0
2024,Miami,2,77,SAR,BOT,2,1
2024,Miami,3,2,RIC,SAR,1,0
2024,Miami,3,10,RIC,GAS,1,0
2024,Miami,3,11,RIC,PER,1,1
2024,Miami,3,14,RIC,ALO,1,0
2024,Miami,3,18,RIC,STR,1,0
2024,Miami,3,20,RIC,MAG,1,0
2024,Miami,3,23,RIC,ALB,2,0
2024,Miami,3,24,RIC,ZHO,1,1
2024,Miami,3,27,RIC,HUL,1,0
2024,Miami,3,31,RIC,OCO,1,0
2024,Miami,3,55,RIC,SAI,1,1
2024,Miami,3,63,RIC,RUS,1,0
2024,Miami,3,77,RIC,BOT,1,0
2024,Miami,3,81,RIC,PIA,2,1
2024,Miami,4,1,NOR,VER,1,0
2024,Miami,4,11,NOR,PER,1,0
2024,Miami,4,16,NOR,LEC,1,0
2024,Miami,4,55,NOR,SAI,1,0
2024,Miami,4,81,NOR,PIA,1,0
2024,Miami,10,2,GAS,SAR,2,1
2024,Miami,10,3,GAS,RIC,1,0
2024,Miami,10,4,GAS,NOR,1,0
2024,Miami,10,14,GAS,ALO,3,1
2024,Miami,10,18,GAS,STR,2,0
2024,Miami,10,20,GAS,MAG,1,0
2024,Miami,10,23,GAS,ALB,1,1
2024,Miami,10,24,GAS,ZHO,2,0
2024,Miami,10,27,GAS,HUL,1,1
2024,Miami,10,31,GAS,OCO,5,3
2024,Miami,10,63,GAS,RUS,1,0
2024,Miami,10,77,GAS,BOT,1,0
2024,Miami,10,81,GAS,PIA,1,0
2024,Miami,11,3,PER,RIC,1,1
2024,Miami,11,16,PER,LEC,1,1
2024,Miami,11,22,PER,TSU,1,1
2024,Miami,11,31,PER,OCO,1,1
2024,Miami,11,44,PER,HAM,1,0
2024,Miami,11,63,PER,RUS,1,0
2024,Miami,11,81,PER,PIA,1,0
2024,Miami,14,3,ALO,RIC,1,0
2024,Miami,14,10,ALO,GAS,3,1
2024,Miami,14,18,ALO,STR,3,1
2024,Miami,14,23,ALO,ALB,1,1
2024,Miami,14,24,ALO,ZHO,1,0
2024,Miami,14,27,ALO,HUL,2,1
2024,Miami,14,31,ALO,OCO,5,5
2024,Miami,14,81,ALO,PIA,1,0
2024,Miami,16,11,LEC,PER,1,0
2024,Miami,16,44,LEC,HAM,1,1
2024,Miami,16,55,LEC,SAI,2,0
2024,Miami,16,81,LEC,PIA,1,0
2024,Miami,18,3,STR,RIC,1,1
2024,Miami,18,14,STR,ALO,1,0
2024,Miami,18,20,STR,MAG,1,0
2024,Miami,18,22,STR,TSU,1,1
2024,Miami,18,23,STR,ALB,3,2
2024,Miami,18,24,STR,ZHO,1,1
2024,Miami,18,63,STR,RUS,1,0
2024,Miami,18,77,STR,BOT,1,0
2024,Miami,18,81,STR,PIA,1,0
2024,Miami,20,2,MAG,SAR,3,2
2024,Miami,20,4,MAG,NOR,1,0
2024,Miami,20,10,MAG,GAS,1,0
2024,Miami,20,14,MAG,ALO,1,0
2024,Miami,20,18,MAG,STR,2,0
2024,Miami,20,23,MAG,ALB,2,0
2024,Miami,20,24,MAG,ZHO,2,2
2024,Miami,20,27,MAG,HUL,1,0
2024,Miami,20,31,MAG,OCO,1,0
2024,Miami,20,44,MAG,HAM,4,4
2024,Miami,20,63,MAG,RUS,1,0
2024,Miami,20,77,MAG,BOT,2,1
2024,Miami,20,81,MAG,PIA,1,0
2024,Miami,22,4,TSU,NOR,1,0
2024,Miami,22,11,TSU,PER,1,0
2024,Miami,22,14,TSU,ALO,1,0
2024,Miami,22,18,TSU,STR,2,1
2024,Miami,22,20,TSU,MAG,1,1
2024,Miami,22,27,TSU,HUL,1,0
2024,Miami,22,31,TSU,OCO,1,0
2024,Miami,22,44,TSU,HAM,3,1
2024,Miami,22,63,TSU,RUS,3,0
2024,Miami,22,81,TSU,PIA,1,0
2024,Miami,23,2,ALB,SAR,1,0
2024,Miami,23,3,ALB,RIC,1,0
2024,Miami,23,4,ALB,NOR,1,1
2024,Miami,23,10,ALB,GAS,1,1
2024,Miami,23,14,ALB,ALO,1,1
2024,Miami,23,18,ALB,STR,4,2
2024,Miami,23,20,ALB,MAG,1,0
2024,Miami,23,24,ALB,ZHO,2,1
2024,Miami,23,27,ALB,HUL,1,0
2024,Miami,23,31,ALB,OCO,3,2
2024,Miami,23,77,ALB,BOT,2,1
2024,Miami,23,81,ALB,PIA,1,0
2024,Miami,24,2,ZHO,SAR,1,0
2024,Miami,24,3,ZHO,RIC,1,1
2024,Miami,24,4,ZHO,NOR,1,0
2024,Miami,24,10,ZHO,GAS,2,0
2024,Miami,24,14,ZHO,ALO,2,0
2024,Miami,24,18,ZHO,STR,2,1
2024,Miami,24,20,ZHO,MAG,3,3
2024,Miami,24,23,ZHO,ALB,3,2
2024,Miami,24,27,ZHO,HUL,1,0
2024,Miami,24,31,ZHO,OCO,2,0
2024,Miami,24,44,ZHO,HAM,1,0
2024,Miami,24,63,ZHO,RUS,2,1
2024,Miami,24,77,ZHO,BOT,2,1
2024,Miami,24,81,ZHO,PIA,1,0
2024,Miami,27,3,HUL,RIC,1,1
2024,Miami,27,4,HUL,NOR,1,0
2024,Miami,27,10,HUL,GAS,1,1
2024,Miami,27,14,HUL,ALO,2,0
2024,Miami,27,18,HUL,STR,1,0
2024,Miami,27,20,HUL,MAG,1,0
2024,Miami,27,23,HUL,ALB,1,1
2024,Miami,27,24,HUL,ZHO,1,1
2024,Miami,27,31,HUL,OCO,1,0
2024,Miami,27,44,HUL,HAM,3,2
2024,Miami,27,63,HUL,RUS,1,0
2024,Miami,27,77,HUL,BOT,1,0
2024,Miami,27,81,HUL,PIA,1,0
2024,Miami,31,3,OCO,RIC,1,0
2024,Miami,31,4,OCO,NOR,1,0
2024,Miami,31,10,OCO,GAS,5,3
2024,Miami,31,11,OCO,PER,1,0
2024,Miami,31,14,OCO,ALO,5,3
2024,Miami,31,18,OCO,STR,2,0
2024,Miami,31,23,OCO,ALB,2,1
2024,Miami,31,24,OCO,ZHO,1,0
2024,Miami,31,27,OCO,HUL,2,1
2024,Miami,31,63,OCO,RUS,2,0
2024,Miami,31,81,OCO,PIA,1,0
2024,Miami,44,4,HAM,NOR,1,0
2024,Miami,44,11,HAM,PER,1,0
2024,Miami,44,14,HAM,ALO,1,0
2024,Miami,44,16,HAM,LEC,1,0
2024,Miami,44,18,HAM,STR,1,0
2024,Miami,44,20,HAM,MAG,4,4
2024,Miami,44,22,HAM,TSU,3,2
2024,Miami,44,24,HAM,ZHO,1,0
2024,Miami,44,27,HAM,HUL,3,3
2024,Miami,44,63,HAM,RUS,2,2
2024,Miami,44,81,HAM,PIA,1,0
2024,Miami,55,1,SAI,VER,1,0
2024,Miami,55,3,SAI,RIC,1,1
2024,Miami,55,16,SAI,LEC,2,1
2024,Miami,55,81,SAI,PIA,3,3
2024,Miami,63,3,RUS,RIC,1,1
2024,Miami,63,4,RUS,NOR,1,0
2024,Miami,63,11,RUS,PER,1,0
2024,Miami,63,14,RUS,ALO,1,0
2024,Miami,63,18,RUS,STR,2,0
2024,Miami,63,22,RUS,TSU,1,1
2024,Miami,63,24,RUS,ZHO,1,0
2024,Miami,63,27,RUS,HUL,1,0
2024,Miami,63,31,RUS,OCO,2,1
2024,Miami,63,81,RUS,PIA,1,0
2024,Miami,77,2,BOT,SAR,2,1
2024,Miami,77,4,BOT,NOR,1,0
2024,Miami,77,10,BOT,GAS,1,0
2024,Miami,77,14,BOT,ALO,1,1
2024,Miami,77,18,BOT,STR,1,0
2024,Miami,77,20,BOT,MAG,2,2
2024,Miami,77,23,BOT,ALB,2,0
2024,Miami,77,24,BOT,ZHO,1,0
2024,Miami,77,27,BOT,HUL,1,0
2024,Miami,77,31,BOT,OCO,1,0
2024,Miami,77,81,BOT,PIA,1,0
2024,Miami,81,1,PIA,VER,1,0
2024,Miami,81,3,PIA,RIC,2,2
2024,Miami,81,4,PIA,NOR,1,0
2024,Miami,81,11,PIA,PER,1,0
2024,Miami,81,16,PIA,LEC,1,1
2024,Miami,81,20,PIA,MAG,1,1
2024,Miami,81,23,PIA,ALB,1,0
2024,Miami,81,24,PIA,ZHO,1,0
2024,Miami,81,55,PIA,SAI,3,3
2024,Miami,81,77,PIA,BOT,1,1
2024,Monte Carlo,1,55,VER,SAI,1,0
2024,Monte Carlo,2,18,SAR,STR,1,0
2024,Monte Carlo,2,24,SAR,ZHO,1,1
2024,Monte Carlo,2,31,SAR,OCO,1,0
2024,Monte Carlo,2,55,SAR,SAI,1,1
2024,Monte Carlo,2,77,SAR,BOT,1,0
2024,Monte Carlo,3,18,RIC,STR,1,0
2024,Monte Carlo,3,31,RIC,OCO,1,0
2024,Monte Carlo,3,55,RIC,SAI,1,1
2024,Monte Carlo,4,55,NOR,SAI,1,1
2024,Monte Carlo,10,23,GAS,ALB,1,0
2024,Monte Carlo,10,31,GAS,OCO,1,0
2024,Monte Carlo,10,55,GAS,SAI,1,0
2024,Monte Carlo,14,3,ALO,RIC,1,0
2024,Monte Carlo,14,18,ALO,STR,1,0
2024,Monte Carlo,14,31,ALO,OCO,1,0
2024,Monte Carlo,14,55,ALO,SAI,1,1
2024,Monte Carlo,18,2,STR,SAR,1,0
2024,Monte Carlo,18,3,STR,RIC,1,1
2024,Monte Carlo,18,24,STR,ZHO,1,0
2024,Monte Carlo,18,31,STR,OCO,1,0
2024,Monte Carlo,18,55,STR,SAI,1,0
2024,Monte Carlo,20,24,MAG,ZHO,1,0
2024,Monte Carlo,20,27,MAG,HUL,1,0
2024,Monte Carlo,22,55,TSU,SAI,1,0
2024,Monte Carlo,23,10,ALB,GAS,1,1
2024,Monte Carlo,23,55,ALB,SAI,1,0
2024,Monte Carlo,24,2,ZHO,SAR,1,0
2024,Monte Carlo,24,11,ZHO,PER,1,0
2024,Monte Carlo,24,18,ZHO,STR,1,0
2024,Monte Carlo,24,20,ZHO,MAG,1,0
2024,Monte Carlo,24,27,ZHO,HUL,1,0
2024,Monte Carlo,24,31,ZHO,OCO,1,0
2024,Monte Carlo,24,77,ZHO,BOT,1,0
2024,Monte Carlo,27,11,HUL,PER,1,1
2024,Monte Carlo,27,20,HUL,MAG,1,1
2024,Monte Carlo,27,24,HUL,ZHO,1,0
2024,Monte Carlo,31,10,OCO,GAS,1,1
2024,Monte Carlo,31,55,OCO,SAI,1,0
2024,Monte Carlo,44,55,HAM,SAI,1,0
2024,Monte Carlo,63,55,RUS,SAI,1,1
2024,Monte Carlo,77,2,BOT,SAR,2,0
2024,Monte Carlo,77,11,BOT,PER,1,1
2024,Monte Carlo,77,18,BOT,STR,1,0
2024,Monte Carlo,77,31,BOT,OCO,1,0
2024,Monte Carlo,77,55,BOT,SAI,1,1
2024,Montreal,1,4,VER,NOR,2,0
2024,Montreal,1,63,VER,RUS,1,1
2024,Montreal,2,10,SAR,GAS,1,0
2024,Montreal,2,11,SAR,PER,1,0
2024,Montreal,2,31,SAR,OCO,1,0
2024,Montreal,2,55,SAR,SAI,1,1
2024,Montreal,2,77,SAR,BOT,1,0
2024,Montreal,3,10,RIC,GAS,1,0
2024,Montreal,3,11,RIC,PER,1,0
2024,Montreal,3,20,RIC,MAG,1,0
2024,Montreal,3,22,RIC,TSU,1,1
2024,Montreal,3,23,RIC,ALB,1,0
2024,Montreal,3,24,RIC,ZHO,1,0
2024,Montreal,3,27,RIC,HUL,3,1
2024,Montreal,3,31,RIC,OCO,1,1
2024,Montreal,3,55,RIC,SAI,1,0
2024,Montreal,4,1,NOR,VER,2,1
2024,Montreal,4,44,NOR,HAM,1,1
2024,Montreal,4,63,NOR,RUS,3,2
2024,Montreal,4,81,NOR,PIA,1,1
2024,Montreal,10,2,GAS,SAR,2,2
2024,Montreal,10,3,GAS,RIC,1,1
2024,Montreal,10,11,GAS,PER,2,2
2024,Montreal,10,16,GAS,LEC,1,0
2024,Montreal,10,20,GAS,MAG,2,2
2024,Montreal,10,22,GAS,TSU,1,1
2024,Montreal,10,23,GAS,ALB,1,0
2024,Montreal,10,24,GAS,ZHO,1,0
2024,Montreal,10,27,GAS,HUL,2,1
2024,Montreal,10,31,GAS,OCO,1,1
2024,Montreal,10,55,GAS,SAI,1,0
2024,Montreal,10,77,GAS,BOT,4,4
2024,Montreal,11,2,PER,SAR,2,2
2024,Montreal,11,3,PER,RIC,1,1
2024,Montreal,11,10,PER,GAS,2,1
2024,Montreal,11,16,PER,LEC,1,0
2024,Montreal,11,20,PER,MAG,1,1
2024,Montreal,11,24,PER,ZHO,1,0
2024,Montreal,11,27,PER,HUL,2,0
2024,Montreal,11,77,PER,BOT,2,1
2024,Montreal,14,3,ALO,RIC,1,1
2024,Montreal,14,20,ALO,MAG,1,0
2024,Montreal,14,44,ALO,HAM,1,0
2024,Montreal,16,18,LEC,STR,1,1
2024,Montreal,16,20,LEC,MAG,1,0
2024,Montreal,16,22,LEC,TSU,1,1
2024,Montreal,16,23,LEC,ALB,1,1
2024,Montreal,16,27,LEC,HUL,1,0
2024,Montreal,18,3,STR,RIC,1,0
2024,Montreal,18,16,STR,LEC,1,1
2024,Montreal,18,20,STR,MAG,1,0
2024,Montreal,18,22,STR,TSU,1,1
2024,Montreal,18,27,STR,HUL,1,1
2024,Montreal,18,44,STR,HAM,1,0
2024,Montreal,20,2,MAG,SAR,1,1
2024,Montreal,20,3,MAG,RIC,1,1
2024,Montreal,20,10,MAG,GAS,1,0
2024,Montreal,20,11,MAG,PER,1,1
2024,Montreal,20,16,MAG,LEC,2,1
2024,Montreal,20,18,MAG,STR,1,1
2024,Montreal,20,22,MAG,TSU,2,2
2024,Montreal,20,23,MAG,ALB,2,2
2024,Montreal,20,24,MAG,ZHO,1,0
2024,Montreal,20,27,MAG,HUL,1,0
2024,Montreal,20,44,MAG,HAM,1,1
2024,Montreal,20,55,MAG,SAI,2,2
2024,Montreal,20,77,MAG,BOT,2,2
2024,Montreal,20,81,MAG,PIA,1,1
2024,Montreal,22,3,TSU,RIC,1,0
2024,Montreal,22,16,TSU,LEC,1,1
2024,Montreal,22,18,TSU,STR,1,0
2024,Montreal,22,20,TSU,MAG,1,0
2024,Montreal,22,23,TSU,ALB,2,1
2024,Montreal,22,27,TSU,HUL,1,0
2024,Montreal,22,44,TSU,HAM,1,0
2024,Montreal,23,16,ALB,LEC,1,1
2024,Montreal,23,20,ALB,MAG,1,0
2024,Montreal,23,22,ALB,TSU,2,2
2024,Montreal,23,27,ALB,HUL,2,0
2024,Montreal,23,31,ALB,OCO,1,1
2024,Montreal,23,44,ALB,HAM,1,0
2024,Montreal,24,2,ZHO,SAR,1,1
2024,Montreal,24,3,ZHO,RIC,1,0
2024,Montreal,24,10,ZHO,GAS,1,0
2024,Montreal,24,11,ZHO,PER,2,0
2024,Montreal,24,16,ZHO,LEC,1,0
2024,Montreal,24,20,ZHO,MAG,1,0
2024,Montreal,24,23,ZHO,ALB,1,0
2024,Montreal,24,27,ZHO,HUL,2,1
2024,Montreal,24,55,ZHO,SAI,2,1
2024,Montreal,24,77,ZHO,BOT,1,0
2024,Montreal,27,2,HUL,SAR,1,1
2024,Montreal,27,3,HUL,RIC,3,2
2024,Montreal,27,10,HUL,GAS,2,1
2024,Montreal,27,11,HUL,PER,3,2
2024,Montreal,27,16,HUL,LEC,2,1
2024,Montreal,27,18,HUL,STR,1,1
2024,Montreal,27,20,HUL,MAG,2,0
2024,Montreal,27,22,HUL,TSU,2,2
2024,Montreal,27,23,HUL,ALB,3,2
2024,Montreal,27,24,HUL,ZHO,2,2
2024,Montreal,27,44,HUL,HAM,1,1
2024,Montreal,27,55,HUL,SAI,3,2
2024,Montreal,27,77,HUL,BOT,1,0
2024,Montreal,31,2,OCO,SAR,2,2
2024,Montreal,31,3,OCO,RIC,1,0
2024,Montreal,31,10,OCO,GAS,1,1
2024,Montreal,31,11,OCO,PER,1,1
2024,Montreal,31,16,OCO,LEC,1,0
2024,Montreal,31,20,OCO,MAG,1,0
2024,Montreal,31,22,OCO,TSU,1,1
2024,Montreal,31,23,OCO,ALB,2,1
2024,Montreal,31,27,OCO,HUL,1,0
2024,Montreal,31,44,OCO,HAM,1,0
2024,Montreal,31,55,OCO,SAI,1,0
2024,Montreal,44,3,HAM,RIC,1,1
2024,Montreal,44,4,HAM,NOR,1,1
2024,Montreal,44,14,HAM,ALO,2,0
2024,Montreal,44,18,HAM,STR,1,0
2024,Montreal,44,20,HAM,MAG,1,0
2024,Montreal,44,22,HAM,TSU,1,0
2024,Montreal,44,23,HAM,ALB,1,0
2024,Montreal,44,27,HAM,HUL,1,1
2024,Montreal,44,31,HAM,OCO,1,0
2024,Montreal,44,63,HAM,RUS,1,1
2024,Montreal,44,81,HAM,PIA,1,1
2024,Montreal,55,2,SAI,SAR,1,1
2024,Montreal,55,3,SAI,RIC,1,1
2024,Montreal,55,16,SAI,LEC,1,0
2024,Montreal,55,20,SAI,MAG,1,0
2024,Montreal,55,23,SAI,ALB,1,1
2024,Montreal,55,24,SAI,ZHO,1,0
2024,Montreal,55,27,SAI,HUL,2,0
2024,Montreal,55,77,SAI,BOT,1,0
2024,Montreal,63,4,RUS,NOR,2,1
2024,Montreal,63,44,RUS,HAM,1,1
2024,Montreal,63,81,RUS,PIA,2,2
2024,Montreal,77,2,BOT,SAR,2,2
2024,Montreal,77,10,BOT,GAS,4,2
2024,Montreal,77,11,BOT,PER,3,2
2024,Montreal,77,16,BOT,LEC,1,0
2024,Montreal,77,20,BOT,MAG,2,1
2024,Montreal,77,22,BOT,TSU,1,1
2024,Montreal,77,23,BOT,ALB,1,1
2024,Montreal,77,24,BOT,ZHO,1,0
2024,Montreal,77,27,BOT,HUL,1,0
2024,Montreal,77,55,BOT,SAI,2,1
2024,Montreal,81,4,PIA,NOR,1,1
2024,Montreal,81,20,PIA,MAG,1,0
2024,Montreal,81,63,PIA,RUS,2,1
2024,Monza,1,4,VER,NOR,2,0
2024,Monza,1,11,VER,PER,1,0
2024,Monza,1,31,VER,OCO,1,1
2024,Monza,1,44,VER,HAM,2,0
2024,Monza,1,55,VER,SAI,1,0
2024,Monza,1,63,VER,RUS,1,1
2024,Monza,1,81,VER,PIA,1,0
2024,Monza,3,10,RIC,GAS,1,1
2024,Monza,3,14,RIC,ALO,2,0
2024,Monza,3,18,RIC,STR,1,0
2024,Monza,3,24,RIC,ZHO,1,0
2024,Monza,3,27,RIC,HUL,1,0
2024,Monza,3,31,RIC,OCO,1,0
2024,Monza,3,43,RIC,COL,1,0
2024,Monza,3,63,RIC,RUS,1,0
2024,Monza,3,77,RIC,BOT,1,1
2024,Monza,4,1,NOR,VER,2,1
2024,Monza,4,11,NOR,PER,1,0
2024,Monza,4,16,NOR,LEC,1,1
2024,Monza,4,23,NOR,ALB,1,0
2024,Monza,4,31,NOR,OCO,1,0
2024,Monza,4,44,NOR,HAM,2,0
2024,Monza,4,55,NOR,SAI,2,1
2024,Monza,10,3,GAS,RIC,1,0
2024,Monza,10,18,GAS,STR,3,0
2024,Monza,10,20,GAS,MAG,1,0
2024,Monza,10,24,GAS,ZHO,2,1
2024,Monza,10,27,GAS,HUL,2,1
2024,Monza,10,43,GAS,COL,1,0
2024,Monza,10,77,GAS,BOT,1,0
2024,Monza,11,1,PER,VER,1,0
2024,Monza,11,4,PER,NOR,1,0
2024,Monza,11,20,PER,MAG,1,1
2024,Monza,11,23,PER,ALB,1,1
2024,Monza,11,31,PER,OCO,1,1
2024,Monza,11,44,PER,HAM,1,0
2024,Monza,11,55,PER,SAI,1,0
2024,Monza,11,63,PER,RUS,5,5
2024,Monza,11,81,PER,PIA,1,0
2024,Monza,14,3,ALO,RIC,2,1
2024,Monza,14,18,ALO,STR,2,0
2024,Monza,14,20,ALO,MAG,1,0
2024,Monza,14,23,ALO,ALB,2,1
2024,Monza,14,24,ALO,ZHO,1,0
2024,Monza,14,27,ALO,HUL,1,1
2024,Monza,14,31,ALO,OCO,1,1
2024,Monza,14,43,ALO,COL,2,1
2024,Monza,14,63,ALO,RUS,2,0
2024,Monza,14,77,ALO,BOT,1,1
2024,Monza,16,1,LEC,VER,1,0
2024,Monza,16,4,LEC,NOR,3,2
2024,Monza,16,11,LEC,PER,1,0
2024,Monza,16,23,LEC,ALB,1,0
2024,Monza,16,55,LEC,SAI,1,0
2024,Monza,16,63,LEC,RUS,1,1
2024,Monza,16,81,LEC,PIA,1,0
2024,Monza,18,3,STR,RIC,1,0
2024,Monza,18,10,STR,GAS,3,1
2024,Monza,18,14,STR,ALO,2,0
2024,Monza,18,20,STR,MAG,1,0
2024,Monza,18,22,STR,TSU,1,1
2024,Monza,18,23,STR,ALB,1,0
2024,Monza,18,24,STR,ZHO,2,2
2024,Monza,18,27,STR,HUL,1,0
2024,Monza,18,31,STR,OCO,1,0
2024,Monza,18,43,STR,COL,1,1
2024,Monza,18,44,STR,HAM,1,0
2024,Monza,18,77,STR,BOT,1,1
2024,Monza,20,3,MAG,RIC,1,1
2024,Monza,20,10,MAG,GAS,1,1
2024,Monza,20,11,MAG,PER,1,0
2024,Monza,20,14,MAG,ALO,2,0
2024,Monza,20,18,MAG,STR,1,0
2024,Monza,20,23,MAG,ALB,1,1
2024,Monza,20,24,MAG,ZHO,1,0
2024,Monza,20,27,MAG,HUL,1,1
2024,Monza,20,31,MAG,OCO,1,0
2024,Monza,20,43,MAG,COL,1,0
2024,Monza,20,63,MAG,RUS,2,0
2024,Monza,20,77,MAG,BOT,1,1
2024,Monza,22,27,TSU,HUL,3,1
2024,Monza,22,31,TSU,OCO,1,0
2024,Monza,23,4,ALB,NOR,1,0
2024,Monza,23,14,ALB,ALO,2,0
2024,Monza,23,16,ALB,LEC,1,0
2024,Monza,23,18,ALB,STR,1,0
2024,Monza,23,31,ALB,OCO,1,0
2024,Monza,23,44,ALB,HAM,1,0
2024,Monza,23,63,ALB,RUS,2,0
2024,Monza,23,77,ALB,BOT,1,1
2024,Monza,24,3,ZHO,RIC,1,0
2024,Monza,24,10,ZHO,GAS,2,0
2024,Monza,24,14,ZHO,ALO,1,0
2024,Monza,24,18,ZHO,STR,3,1
2024,Monza,24,20,ZHO,MAG,1,0
2024,Monza,24,22,ZHO,TSU,1,0
2024,Monza,24,27,ZHO,HUL,2,0
2024,Monza,24,63,ZHO,RUS,1,0
2024,Monza,24,77,ZHO,BOT,1,0
2024,Monza,27,10,HUL,GAS,1,0
2024,Monza,27,18,HUL,STR,1,0
2024,Monza,27,22,HUL,TSU,3,3
2024,Monza,27,24,HUL,ZHO,2,1
2024,Monza,27,31,HUL,OCO,2,0
2024,Monza,31,1,OCO,VER,1,0
2024,Monza,31,3,OCO,RIC,1,0
2024,Monza,31,4,OCO,NOR,1,0
2024,Monza,31,10,OCO,GAS,1,1
2024,Monza,31,11,OCO,PER,1,0
2024,Monza,31,14,OCO,ALO,1,0
2024,Monza,31,18,OCO,STR,1,0
2024,Monza,31,20,OCO,MAG,1,0
2024,Monza,31,22,OCO,TSU,1,1
2024,Monza,31,23,OCO,ALB,1,0
2024,Monza,31,27,OCO,HUL,3,0
2024,Monza,31,44,OCO,HAM,1,0
2024,Monza,31,77,OCO,BOT,1,0
2024,Monza,43,3,COL,RIC,1,0
2024,Monza,43,10,COL,GAS,2,1
2024,Monza,43,14,COL,ALO,2,0
2024,Monza,43,18,COL,STR,2,1
2024,Monza,43,20,COL,MAG,1,0
2024,Monza,43,22,COL,TSU,1,1
2024,Monza,43,27,COL,HUL,1,0
2024,Monza,43,31,COL,OCO,1,0
2024,Monza,43,63,COL,RUS,1,0
2024,Monza,43,77,COL,BOT,2,2
2024,Monza,44,1,HAM,VER,2,0
2024,Monza,44,4,HAM,NOR,2,0
2024,Monza,44,11,HAM,PER,1,0
2024,Monza,44,18,HAM,STR,1,1
2024,Monza,44,23,HAM,ALB,1,0
2024,Monza,44,31,HAM,OCO,1,1
2024,Monza,44,63,HAM,RUS,1,1
2024,Monza,55,1,SAI,VER,1,0
2024,Monza,55,4,SAI,NOR,2,0
2024,Monza,55,11,SAI,PER,1,0
2024,Monza,55,16,SAI,LEC,1,0
2024,Monza,55,63,SAI,RUS,1,1
2024,Monza,55,81,SAI,PIA,2,0
2024,Monza,63,3,RUS,RIC,1,0
2024,Monza,63,11,RUS,PER,5,4
2024,Monza,63,14,RUS,ALO,2,1
2024,Monza,63,18,RUS,STR,1,0
2024,Monza,63,20,RUS,MAG,2,1
2024,Monza,63,23,RUS,ALB,2,1
2024,Monza,63,24,RUS,ZHO,1,0
2024,Monza,63,31,RUS,OCO,1,1
2024,Monza,63,43,RUS,COL,1,0
2024,Monza,63,77,RUS,BOT,1,1
2024,Monza,77,3,BOT,RIC,1,0
2024,Monza,77,10,BOT,GAS,1,0
2024,Monza,77,14,BOT,ALO,1,0
2024,Monza,77,18,BOT,STR,2,0
2024,Monza,77,20,BOT,MAG,1,0
2024,Monza,77,22,BOT,TSU,1,1
2024,Monza,77,23,BOT,ALB,1,0
2024,Monza,77,24,BOT,ZHO,1,1
2024,Monza,77,27,BOT,HUL,1,0
2024,Monza,77,31,BOT,OCO,1,0
2024,Monza,77,43,BOT,COL,2,1
2024,Monza,77,63,BOT,RUS,1,0
2024,Monza,81,1,PIA,VER,1,0
2024,Monza,81,4,PIA,NOR,1,1
2024,Monza,81,11,PIA,PER,1,0
2024,Monza,81,55,PIA,SAI,2,1
2024,Sakhir,1,4,VER,NOR,1,0
2024,Sakhir,1,18,VER,STR,1,0
2024,Sakhir,1,20,VER,MAG,1,0
2024,Sakhir,1,22,VER,TSU,1,0
2024,Sakhir,1,23,VER,ALB,1,0
2024,Sakhir,1,27,VER,HUL,1,0
2024,Sakhir,1,44,VER,HAM,1,0
2024,Sakhir,1,77,VER,BOT,1,0
2024,Sakhir,1,81,VER,PIA,1,0
2024,Sakhir,2,3,SAR,RIC,2,2
2024,Sakhir,2,10,SAR,GAS,1,0
2024,Sakhir,2,14,SAR,ALO,1,0
2024,Sakhir,2,18,SAR,STR,1,0
2024,Sakhir,2,24,SAR,ZHO,1,0
2024,Sakhir,2,27,SAR,HUL,1,0
2024,Sakhir,2,31,SAR,OCO,2,2
2024,Sakhir,2,55,SAR,SAI,1,0
2024,Sakhir,2,77,SAR,BOT,1,0
2024,Sakhir,3,2,RIC,SAR,1,1
2024,Sakhir,3,11,RIC,PER,2,0
2024,Sakhir,3,14,RIC,ALO,1,0
2024,Sakhir,3,16,RIC,LEC,2,0
2024,Sakhir,3,18,RIC,STR,2,0
2024,Sakhir,3,20,RIC,MAG,1,0
2024,Sakhir,3,22,RIC,TSU,1,1
2024,Sakhir,3,23,RIC,ALB,1,0
2024,Sakhir,3,24,RIC,ZHO,2,0
2024,Sakhir,3,27,RIC,HUL,2,0
2024,Sakhir,3,31,RIC,OCO,1,1
2024,Sakhir,3,44,RIC,HAM,1,0
2024,Sakhir,3,55,RIC,SAI,1,0
2024,Sakhir,3,63,RIC,RUS,2,0
2024,Sakhir,3,77,RIC,BOT,1,0
2024,Sakhir,3,81,RIC,PIA,1,0
2024,Sakhir,4,1,NOR,VER,1,0
2024,Sakhir,4,11,NOR,PER,2,0
2024,Sakhir,4,14,NOR,ALO,4,2
2024,Sakhir,4,16,NOR,LEC,2,0
2024,Sakhir,4,22,NOR,TSU,1,0
2024,Sakhir,4,23,NOR,ALB,1,0
2024,Sakhir,4,55,NOR,SAI,1,0
2024,Sakhir,4,63,NOR,RUS,3,0
2024,Sakhir,4,81,NOR,PIA,3,2
2024,Sakhir,10,2,GAS,SAR,1,1
2024,Sakhir,10,16,GAS,LEC,1,0
2024,Sakhir,10,18,GAS,STR,2,0
2024,Sakhir,10,20,GAS,MAG,1,0
2024,Sakhir,10,24,GAS,ZHO,2,0
2024,Sakhir,10,27,GAS,HUL,2,1
2024,Sakhir,10,31,GAS,OCO,2,0
2024,Sakhir,10,63,GAS,RUS,1,0
2024,Sakhir,10,77,GAS,BOT,1,1
2024,Sakhir,11,3,PER,RIC,2,0
2024,Sakhir,11,4,PER,NOR,2,0
2024,Sakhir,11,10,PER,GAS,1,0
2024,Sakhir,11,16,PER,LEC,2,2
2024,Sakhir,11,18,PER,STR,1,0
2024,Sakhir,11,20,PER,MAG,1,0
2024,Sakhir,11,22,PER,TSU,2,0
2024,Sakhir,11,23,PER,ALB,1,0
2024,Sakhir,11,24,PER,ZHO,1,0
2024,Sakhir,11,27,PER,HUL,1,0
2024,Sakhir,11,31,PER,OCO,1,0
2024,Sakhir,11,44,PER,HAM,1,0
2024,Sakhir,11,55,PER,SAI,2,0
2024,Sakhir,11,63,PER,RUS,2,1
2024,Sakhir,11,77,PER,BOT,1,0
2024,Sakhir,11,81,PER,PIA,1,0
2024,Sakhir,14,2,ALO,SAR,1,0
2024,Sakhir,14,3,ALO,RIC,1,0
2024,Sakhir,14,4,ALO,NOR,3,0
2024,Sakhir,14,10,ALO,GAS,1,0
2024,Sakhir,14,11,ALO,PER,1,0
2024,Sakhir,14,16,ALO,LEC,2,0
2024,Sakhir,14,18,ALO,STR,2,1
2024,Sakhir,14,20,ALO,MAG,1,0
2024,Sakhir,14,22,ALO,TSU,1,0
2024,Sakhir,14,23,ALO,ALB,1,0
2024,Sakhir,14,24,ALO,ZHO,3,2
2024,Sakhir,14,27,ALO,HUL,1,0
2024,Sakhir,14,31,ALO,OCO,1,0
2024,Sakhir,14,44,ALO,HAM,3,0
2024,Sakhir,14,55,ALO,SAI,1,0
2024,Sakhir,14,63,ALO,RUS,2,0
2024,Sakhir,14,77,ALO,BOT,1,0
2024,Sakhir,14,81,ALO,PIA,3,0
2024,Sakhir,16,3,LEC,RIC,2,0
2024,Sakhir,16,4,LEC,NOR,2,0
2024,Sakhir,16,10,LEC,GAS,1,0
2024,Sakhir,16,11,LEC,PER,1,1
2024,Sakhir,16,14,LEC,ALO,2,1
2024,Sakhir,16,18,LEC,STR,1,0
2024,Sakhir,16,20,LEC,MAG,1,0
2024,Sakhir,16,22,LEC,TSU,2,0
2024,Sakhir,16,23,LEC,ALB,2,0
2024,Sakhir,16,27,LEC,HUL,1,0
2024,Sakhir,16,44,LEC,HAM,2,0
2024,Sakhir,16,55,LEC,SAI,2,1
2024,Sakhir,16,63,LEC,RUS,3,2
2024,Sakhir,16,77,LEC,BOT,2,0
2024,Sakhir,16,81,LEC,PIA,2,0
2024,Sakhir,18,1,STR,VER,1,0
2024,Sakhir,18,2,STR,SAR,1,0
2024,Sakhir,18,3,STR,RIC,2,0
2024,Sakhir,18,10,STR,GAS,1,0
2024,Sakhir,18,11,STR,PER,1,0
2024,Sakhir,18,14,STR,ALO,2,0
2024,Sakhir,18,16,STR,LEC,1,0
2024,Sakhir,18,20,STR,MAG,2,0
2024,Sakhir,18,22,STR,TSU,2,0
2024,Sakhir,18,23,STR,ALB,2,0
2024,Sakhir,18,24,STR,ZHO,1,1
2024,Sakhir,18,27,STR,HUL,2,0
2024,Sakhir,18,31,STR,OCO,1,0
2024,Sakhir,18,55,STR,SAI,1,0
2024,Sakhir,18,63,STR,RUS,1,0
2024,Sakhir,18,77,STR,BOT,4,2
2024,Sakhir,20,1,MAG,VER,1,0
2024,Sakhir,20,3,MAG,RIC,2,0
2024,Sakhir,20,10,MAG,GAS,1,0
2024,Sakhir,20,11,MAG,PER,1,0
2024,Sakhir,20,14,MAG,ALO,1,0
2024,Sakhir,20,16,MAG,LEC,1,0
2024,Sakhir,20,18,MAG,STR,2,0
2024,Sakhir,20,22,MAG,TSU,1,1
2024,Sakhir,20,23,MAG,ALB,3,0
2024,Sakhir,20,24,MAG,ZHO,2,1
2024,Sakhir,20,27,MAG,HUL,3,1
2024,Sakhir,20,55,MAG,SAI,1,0
2024,Sakhir,20,63,MAG,RUS,1,0
2024,Sakhir,20,77,MAG,BOT,1,0
2024,Sakhir,22,1,TSU,VER,1,0
2024,Sakhir,22,3,TSU,RIC,2,0
2024,Sakhir,22,4,TSU,NOR,1,0
2024,Sakhir,22,10,TSU,GAS,1,0
2024,Sakhir,22,11,TSU,PER,3,0
2024,Sakhir,22,14,TSU,ALO,2,0
2024,Sakhir,22,16,TSU,LEC,2,0
2024,Sakhir,22,18,TSU,STR,2,1
2024,Sakhir,22,20,TSU,MAG,1,0
2024,Sakhir,22,23,TSU,ALB,3,0
2024,Sakhir,22,24,TSU,ZHO,2,0
2024,Sakhir,22,27,TSU,HUL,3,1
2024,Sakhir,22,44,TSU,HAM,2,0
2024,Sakhir,22,55,TSU,SAI,2,0
2024,Sakhir,22,63,TSU,RUS,2,0
2024,Sakhir,22,77,TSU,BOT,1,0
2024,Sakhir,22,81,TSU,PIA,1,0
2024,Sakhir,23,1,ALB,VER,1,0
2024,Sakhir,23,4,ALB,NOR,1,0
2024,Sakhir,23,11,ALB,PER,2,0
2024,Sakhir,23,14,ALB,ALO,1,0
2024,Sakhir,23,16,ALB,LEC,2,0
2024,Sakhir,23,18,ALB,STR,2,0
2024,Sakhir,23,20,ALB,MAG,1,0
2024,Sakhir,23,22,ALB,TSU,2,0
2024,Sakhir,23,24,ALB,ZHO,1,0
2024,Sakhir,23,27,ALB,HUL,3,0
2024,Sakhir,23,31,ALB,OCO,1,1
2024,Sakhir,23,44,ALB,HAM,1,0
2024,Sakhir,23,55,ALB,SAI,2,0
2024,Sakhir,23,63,ALB,RUS,2,0
2024,Sakhir,23,81,ALB,PIA,1,0
2024,Sakhir,24,2,ZHO,SAR,1,0
2024,Sakhir,24,3,ZHO,RIC,3,0
2024,Sakhir,24,10,ZHO,GAS,2,0
2024,Sakhir,24,11,ZHO,PER,1,0
2024,Sakhir,24,14,ZHO,ALO,3,0
2024,Sakhir,24,18,ZHO,STR,1,0
2024,Sakhir,24,20,ZHO,MAG,3,1
2024,Sakhir,24,22,ZHO,TSU,2,0
2024,Sakhir,24,23,ZHO,ALB,2,0
2024,Sakhir,24,27,ZHO,HUL,1,0
2024,Sakhir,24,31,ZHO,OCO,2,0
2024,Sakhir,24,55,ZHO,SAI,1,0
2024,Sakhir,24,63,ZHO,RUS,1,0
2024,Sakhir,24,77,ZHO,BOT,3,0
2024,Sakhir,27,1,HUL,VER,1,0
2024,Sakhir,27,2,HUL,SAR,1,1
2024,Sakhir,27,3,HUL,RIC,1,0
2024,Sakhir,27,10,HUL,GAS,2,0
2024,Sakhir,27,11,HUL,PER,1,0
2024,Sakhir,27,14,HUL,ALO,1,0
2024,Sakhir,27,16,HUL,LEC,1,0
2024,Sakhir,27,18,HUL,STR,1,0
2024,Sakhir,27,20,HUL,MAG,2,0
2024,Sakhir,27,22,HUL,TSU,1,0
2024,Sakhir,27,23,HUL,ALB,2,0
2024,Sakhir,27,31,HUL,OCO,2,1
2024,Sakhir,27,55,HUL,SAI,1,0
2024,Sakhir,27,63,HUL,RUS,1,0
2024,Sakhir,27,77,HUL,BOT,3,0
2024,Sakhir,31,2,OCO,SAR,3,2
2024,Sakhir,31,3,OCO,RIC,1,0
2024,Sakhir,31,10,OCO,GAS,3,0
2024,Sakhir,31,11,OCO,PER,1,0
2024,Sakhir,31,14,OCO,ALO,1,0
2024,Sakhir,31,18,OCO,STR,2,0
2024,Sakhir,31,23,OCO,ALB,1,0
2024,Sakhir,31,24,OCO,ZHO,2,0
2024,Sakhir,31,27,OCO,HUL,2,0
2024,Sakhir,31,55,OCO,SAI,1,0
2024,Sakhir,31,77,OCO,BOT,2,0
2024,Sakhir,44,1,HAM,VER,1,0
2024,Sakhir,44,3,HAM,RIC,1,0
2024,Sakhir,44,11,HAM,PER,1,0
2024,Sakhir,44,14,HAM,ALO,4,2
2024,Sakhir,44,16,HAM,LEC,2,0
2024,Sakhir,44,22,HAM,TSU,2,0
2024,Sakhir,44,23,HAM,ALB,1,0
2024,Sakhir,44,55,HAM,SAI,1,0
2024,Sakhir,44,63,HAM,RUS,3,0
2024,Sakhir,44,81,HAM,PIA,1,0
2024,Sakhir,55,2,SAI,SAR,1,0
2024,Sakhir,55,3,SAI,RIC,1,0
2024,Sakhir,55,4,SAI,NOR,1,0
2024,Sakhir,55,10,SAI,GAS,1,0
2024,Sakhir,55,11,SAI,PER,1,0
2024,Sakhir,55,14,SAI,ALO,1,0
2024,Sakhir,55,16,SAI,LEC,3,3
2024,Sakhir,55,18,SAI,STR,1,0
2024,Sakhir,55,20,SAI,MAG,1,0
2024,Sakhir,55,22,SAI,TSU,1,0
2024,Sakhir,55,23,SAI,ALB,2,0
2024,Sakhir,55,24,SAI,ZHO,1,0
2024,Sakhir,55,27,SAI,HUL,1,0
2024,Sakhir,55,31,SAI,OCO,1,0
2024,Sakhir,55,44,SAI,HAM,1,0
2024,Sakhir,55,63,SAI,RUS,1,1
2024,Sakhir,55,77,SAI,BOT,1,0
2024,Sakhir,55,81,SAI,PIA,1,0
2024,Sakhir,63,2,RUS,SAR,1,0
2024,Sakhir,63,3,RUS,RIC,1,0
2024,Sakhir,63,4,RUS,NOR,3,0
2024,Sakhir,63,10,RUS,GAS,1,0
2024,Sakhir,63,11,RUS,PER,2,1
2024,Sakhir,63,14,RUS,ALO,2,0
2024,Sakhir,63,16,RUS,LEC,3,2
2024,Sakhir,63,22,RUS,TSU,2,0
2024,Sakhir,63,31,RUS,OCO,1,0
2024,Sakhir,63,44,RUS,HAM,3,0
2024,Sakhir,63,55,RUS,SAI,1,0
2024,Sakhir,63,81,RUS,PIA,3,0
2024,Sakhir,77,1,BOT,VER,1,0
2024,Sakhir,77,3,BOT,RIC,1,0
2024,Sakhir,77,10,BOT,GAS,1,1
2024,Sakhir,77,11,BOT,PER,1,0
2024,Sakhir,77,14,BOT,ALO,1,0
2024,Sakhir,77,16,BOT,LEC,2,0
2024,Sakhir,77,18,BOT,STR,4,1
2024,Sakhir,77,20,BOT,MAG,1,0
2024,Sakhir,77,24,BOT,ZHO,1,0
2024,Sakhir,77,27,BOT,HUL,2,1
2024,Sakhir,77,31,BOT,OCO,1,0
2024,Sakhir,77,55,BOT,SAI,1,0
2024,Sakhir,77,63,BOT,RUS,1,0
2024,Sakhir,81,1,PIA,VER,1,0
2024,Sakhir,81,3,PIA,RIC,1,0
2024,Sakhir,81,4,PIA,NOR,3,2
2024,Sakhir,81,11,PIA,PER,1,0
2024,Sakhir,81,14,PIA,ALO,4,2
2024,Sakhir,81,16,PIA,LEC,2,0
2024,Sakhir,81,22,PIA,TSU,1,0
2024,Sakhir,81,23,PIA,ALB,1,0
2024,Sakhir,81,55,PIA,SAI,1,0
2024,Sakhir,81,63,PIA,RUS,3,0
2024,Shanghai,1,4,VER,NOR,2,2
2024,Shanghai,1,14,VER,ALO,1,1
2024,Shanghai,1,16,VER,LEC,1,1
2024,Shanghai,1,44,VER,HAM,1,1
2024,Shanghai,1,55,VER,SAI,1,1
2024,Shanghai,1,81,VER,PIA,1,0
2024,Shanghai,2,3,SAR,RIC,1,0
2024,Shanghai,2,10,SAR,GAS,3,0
2024,Shanghai,2,14,SAR,ALO,3,1
2024,Shanghai,2,18,SAR,STR,2,0
2024,Shanghai,2,20,SAR,MAG,2,0
2024,Shanghai,2,22,SAR,TSU,3,0
2024,Shanghai,2,23,SAR,ALB,2,0
2024,Shanghai,2,24,SAR,ZHO,3,0
2024,Shanghai,2,27,SAR,HUL,3,1
2024,Shanghai,2,31,SAR,OCO,2,0
2024,Shanghai,2,44,SAR,HAM,2,0
2024,Shanghai,2,63,SAR,RUS,1,0
2024,Shanghai,2,77,SAR,BOT,2,1
2024,Shanghai,3,10,RIC,GAS,1,0
2024,Shanghai,3,14,RIC,ALO,2,0
2024,Shanghai,3,18,RIC,STR,3,0
2024,Shanghai,3,20,RIC,MAG,1,0
2024,Shanghai,3,22,RIC,TSU,1,1
2024,Shanghai,3,23,RIC,ALB,2,1
2024,Shanghai,3,24,RIC,ZHO,1,1
2024,Shanghai,3,27,RIC,HUL,5,1
2024,Shanghai,3,31,RIC,OCO,2,0
2024,Shanghai,3,44,RIC,HAM,1,0
2024,Shanghai,3,63,RIC,RUS,2,1
2024,Shanghai,3,77,RIC,BOT,5,4
2024,Shanghai,4,1,NOR,VER,2,0
2024,Shanghai,4,11,NOR,PER,2,0
2024,Shanghai,4,14,NOR,ALO,1,1
2024,Shanghai,10,2,GAS,SAR,3,0
2024,Shanghai,10,3,GAS,RIC,2,1
2024,Shanghai,10,14,GAS,ALO,1,0
2024,Shanghai,10,18,GAS,STR,2,0
2024,Shanghai,10,20,GAS,MAG,3,0
2024,Shanghai,10,22,GAS,TSU,1,0
2024,Shanghai,10,23,GAS,ALB,2,1
2024,Shanghai,10,24,GAS,ZHO,2,0
2024,Shanghai,10,27,GAS,HUL,2,1
2024,Shanghai,10,31,GAS,OCO,2,0
2024,Shanghai,10,44,GAS,HAM,2,0
2024,Shanghai,10,77,GAS,BOT,2,1
2024,Shanghai,11,1,PER,VER,1,0
2024,Shanghai,11,4,PER,NOR,2,0
2024,Shanghai,11,14,PER,ALO,2,1
2024,Shanghai,11,16,PER,LEC,2,0
2024,Shanghai,11,55,PER,SAI,6,2
2024,Shanghai,11,81,PER,PIA,1,0
2024,Shanghai,14,2,ALO,SAR,2,0
2024,Shanghai,14,3,ALO,RIC,1,0
2024,Shanghai,14,4,ALO,NOR,1,1
2024,Shanghai,14,11,ALO,PER,1,1
2024,Shanghai,14,16,ALO,LEC,1,0
2024,Shanghai,14,20,ALO,MAG,1,1
2024,Shanghai,14,23,ALO,ALB,1,0
2024,Shanghai,14,27,ALO,HUL,1,0
2024,Shanghai,14,31,ALO,OCO,1,0
2024,Shanghai,14,44,ALO,HAM,1,0
2024,Shanghai,14,55,ALO,SAI,4,0
2024,Shanghai,14,63,ALO,RUS,1,0
2024,Shanghai,14,81,ALO,PIA,3,0
2024,Shanghai,16,1,LEC,VER,1,0
2024,Shanghai,16,4,LEC,NOR,1,0
2024,Shanghai,16,11,LEC,PER,2,0
2024,Shanghai,16,14,LEC,ALO,3,0
2024,Shanghai,16,27,LEC,HUL,1,1
2024,Shanghai,16,55,LEC,SAI,1,1
2024,Shanghai,16,63,LEC,RUS,2,2
2024,Shanghai,16,81,LEC,PIA,1,1
2024,Shanghai,18,2,STR,SAR,2,0
2024,Shanghai,18,3,STR,RIC,3,0
2024,Shanghai,18,10,STR,GAS,2,0
2024,Shanghai,18,14,STR,ALO,1,0
2024,Shanghai,18,20,STR,MAG,5,1
2024,Shanghai,18,22,STR,TSU,2,0
2024,Shanghai,18,27,STR,HUL,4,3
2024,Shanghai,18,31,STR,OCO,2,1
2024,Shanghai,18,55,STR,SAI,1,0
2024,Shanghai,18,77,STR,BOT,2,2
2024,Shanghai,18,81,STR,PIA,1,0
2024,Shanghai,20,2,MAG,SAR,2,0
2024,Shanghai,20,3,MAG,RIC,2,0
2024,Shanghai,20,10,MAG,GAS,3,0
2024,Shanghai,20,14,MAG,ALO,2,0
2024,Shanghai,20,18,MAG,STR,6,0
2024,Shanghai,20,22,MAG,TSU,3,0
2024,Shanghai,20,23,MAG,ALB,3,0
2024,Shanghai,20,24,MAG,ZHO,9,6
2024,Shanghai,20,27,MAG,HUL,1,0
2024,Shanghai,20,31,MAG,OCO,1,0
2024,Shanghai,20,44,MAG,HAM,2,1
2024,Shanghai,20,63,MAG,RUS,3,1
2024,Shanghai,20,77,MAG,BOT,3,1
2024,Shanghai,20,81,MAG,PIA,1,0
2024,Shanghai,22,2,TSU,SAR,2,0
2024,Shanghai,22,3,TSU,RIC,1,0
2024,Shanghai,22,10,TSU,GAS,1,0
2024,Shanghai,22,18,TSU,STR,2,0
2024,Shanghai,22,20,TSU,MAG,3,0
2024,Shanghai,22,23,TSU,ALB,5,3
2024,Shanghai,22,24,TSU,ZHO,1,0
2024,Shanghai,22,31,TSU,OCO,1,0
2024,Shanghai,22,44,TSU,HAM,4,2
2024,Shanghai,22,77,TSU,BOT,1,1
2024,Shanghai,23,2,ALB,SAR,2,0
2024,Shanghai,23,3,ALB,RIC,2,1
2024,Shanghai,23,10,ALB,GAS,2,1
2024,Shanghai,23,14,ALB,ALO,2,0
2024,Shanghai,23,18,ALB,STR,1,0
2024,Shanghai,23,20,ALB,MAG,3,0
2024,Shanghai,23,22,ALB,TSU,4,2
2024,Shanghai,23,27,ALB,HUL,3,2
2024,Shanghai,23,44,ALB,HAM,1,0
2024,Shanghai,23,77,ALB,BOT,1,1
2024,Shanghai,24,2,ZHO,SAR,3,0
2024,Shanghai,24,3,ZHO,RIC,2,0
2024,Shanghai,24,10,ZHO,GAS,3,0
2024,Shanghai,24,14,ZHO,ALO,1,0
2024,Shanghai,24,18,ZHO,STR,1,0
2024,Shanghai,24,20,ZHO,MAG,10,4
2024,Shanghai,24,22,ZHO,TSU,1,0
2024,Shanghai,24,44,ZHO,HAM,1,0
2024,Shanghai,24,77,ZHO,BOT,2,1
2024,Shanghai,27,2,HUL,SAR,2,0
2024,Shanghai,27,3,HUL,RIC,4,0
2024,Shanghai,27,10,HUL,GAS,2,0
2024,Shanghai,27,14,HUL,ALO,2,1
2024,Shanghai,27,16,HUL,LEC,1,1
2024,Shanghai,27,18,HUL,STR,3,1
2024,Shanghai,27,20,HUL,MAG,1,1
2024,Shanghai,27,23,HUL,ALB,2,1
2024,Shanghai,27,31,HUL,OCO,2,0
2024,Shanghai,27,44,HUL,HAM,2,0
2024,Shanghai,27,55,HUL,SAI,3,1
2024,Shanghai,27,63,HUL,RUS,1,1
2024,Shanghai,27,77,HUL,BOT,1,0
2024,Shanghai,31,2,OCO,SAR,2,0
2024,Shanghai,31,3,OCO,RIC,3,1
2024,Shanghai,31,10,OCO,GAS,3,1
2024,Shanghai,31,14,OCO,ALO,2,0
2024,Shanghai,31,18,OCO,STR,4,1
2024,Shanghai,31,20,OCO,MAG,1,0
2024,Shanghai,31,22,OCO,TSU,1,0
2024,Shanghai,31,27,OCO,HUL,3,1
2024,Shanghai,31,77,OCO,BOT,1,1
2024,Shanghai,44,2,HAM,SAR,2,0
2024,Shanghai,44,3,HAM,RIC,2,0
2024,Shanghai,44,4,HAM,NOR,1,1
2024,Shanghai,44,10,HAM,GAS,3,0
2024,Shanghai,44,14,HAM,ALO,1,0
2024,Shanghai,44,18,HAM,STR,1,0
2024,Shanghai,44,20,HAM,MAG,3,2
2024,Shanghai,44,22,HAM,TSU,4,2
2024,Shanghai,44,23,HAM,ALB,2,1
2024,Shanghai,44,24,HAM,ZHO,2,1
2024,Shanghai,44,27,HAM,HUL,3,0
2024,Shanghai,44,31,HAM,OCO,1,0
2024,Shanghai,44,77,HAM,BOT,1,1
2024,Shanghai,55,1,SAI,VER,1,1
2024,Shanghai,55,4,SAI,NOR,1,0
2024,Shanghai,55,11,SAI,PER,5,2
2024,Shanghai,55,14,SAI,ALO,6,1
2024,Shanghai,55,18,SAI,STR,1,0
2024,Shanghai,55,27,SAI,HUL,3,2
2024,Shanghai,55,63,SAI,RUS,2,0
2024,Shanghai,55,81,SAI,PIA,2,0
2024,Shanghai,63,2,RUS,SAR,1,0
2024,Shanghai,63,3,RUS,RIC,2,1
2024,Shanghai,63,14,RUS,ALO,3,0
2024,Shanghai,63,16,RUS,LEC,2,1
2024,Shanghai,63,20,RUS,MAG,3,2
2024,Shanghai,63,24,RUS,ZHO,1,1
2024,Shanghai,63,27,RUS,HUL,1,0
2024,Shanghai,63,55,RUS,SAI,2,0
2024,Shanghai,63,77,RUS,BOT,3,3
2024,Shanghai,63,81,RUS,PIA,2,0
2024,Shanghai,77,2,BOT,SAR,1,0
2024,Shanghai,77,3,BOT,RIC,3,2
2024,Shanghai,77,10,BOT,GAS,1,0
2024,Shanghai,77,18,BOT,STR,1,1
2024,Shanghai,77,20,BOT,MAG,1,0
2024,Shanghai,77,27,BOT,HUL,1,1
2024,Shanghai,77,63,BOT,RUS,2,2
2024,Shanghai,77,81,BOT,PIA,1,0
2024,Shanghai,81,1,PIA,VER,1,0
2024,Shanghai,81,11,PIA,PER,1,0
2024,Shanghai,81,14,PIA,ALO,4,0
2024,Shanghai,81,18,PIA,STR,1,1
2024,Shanghai,81,20,PIA,MAG,1,0
2024,Shanghai,81,55,PIA,SAI,1,0
2024,Shanghai,81,63,PIA,RUS,1,0
2024,Shanghai,81,77,PIA,BOT,1,1
2024,Silverstone,1,4,VER,NOR,3,3
2024,Silverstone,1,55,VER,SAI,1,0
2024,Silverstone,1,63,VER,RUS,1,0
2024,Silverstone,1,81,VER,PIA,2,1
2024,Silverstone,2,3,SAR,RIC,1,0
2024,Silverstone,2,16,SAR,LEC,1,0
2024,Silverstone,2,18,SAR,STR,1,0
2024,Silverstone,2,20,SAR,MAG,2,1
2024,Silverstone,2,22,SAR,TSU,1,1
2024,Silverstone,2,23,SAR,ALB,1,1
2024,Silverstone,2,27,SAR,HUL,1,0
2024,Silverstone,2,63,SAR,RUS,1,1
2024,Silverstone,3,11,RIC,PER,1,0
2024,Silverstone,3,16,RIC,LEC,1,0
2024,Silverstone,3,24,RIC,ZHO,3,3
2024,Silverstone,3,63,RIC,RUS,1,1
2024,Silverstone,4,1,NOR,VER,2,2
2024,Silverstone,4,44,NOR,HAM,1,1
2024,Silverstone,4,63,NOR,RUS,1,1
2024,Silverstone,4,81,NOR,PIA,1,0
2024,Silverstone,11,3,PER,RIC,1,1
2024,Silverstone,11,10,PER,GAS,1,0
2024,Silverstone,11,16,PER,LEC,1,0
2024,Silverstone,11,24,PER,ZHO,1,1
2024,Silverstone,11,31,PER,OCO,2,1
2024,Silverstone,11,63,PER,RUS,1,1
2024,Silverstone,11,77,PER,BOT,1,1
2024,Silverstone,14,16,ALO,LEC,1,0
2024,Silverstone,14,18,ALO,STR,2,1
2024,Silverstone,14,23,ALO,ALB,1,1
2024,Silverstone,14,27,ALO,HUL,1,0
2024,Silverstone,14,63,ALO,RUS,1,1
2024,Silverstone,16,11,LEC,PER,1,0
2024,Silverstone,16,14,LEC,ALO,1,0
2024,Silverstone,16,18,LEC,STR,1,1
2024,Silverstone,16,23,LEC,ALB,1,1
2024,Silverstone,16,27,LEC,HUL,1,0
2024,Silverstone,16,63,LEC,RUS,1,1
2024,Silverstone,16,77,LEC,BOT,1,1
2024,Silverstone,18,2,STR,SAR,1,0
2024,Silverstone,18,14,STR,ALO,2,0
2024,Silverstone,18,20,STR,MAG,1,0
2024,Silverstone,18,22,STR,TSU,1,0
2024,Silverstone,18,23,STR,ALB,1,0
2024,Silverstone,18,27,STR,HUL,1,0
2024,Silverstone,18,63,STR,RUS,1,1
2024,Silverstone,20,2,MAG,SAR,2,1
2024,Silverstone,20,3,MAG,RIC,1,1
2024,Silverstone,20,16,MAG,LEC,1,0
2024,Silverstone,20,18,MAG,STR,1,0
2024,Silverstone,20,24,MAG,ZHO,1,1
2024,Silverstone,20,27,MAG,HUL,1,0
2024,Silverstone,20,31,MAG,OCO,1,1
2024,Silverstone,20,63,MAG,RUS,1,1
2024,Silverstone,20,77,MAG,BOT,1,1
2024,Silverstone,22,2,TSU,SAR,2,2
2024,Silverstone,22,16,TSU,LEC,1,0
2024,Silverstone,22,18,TSU,STR,1,0
2024,Silverstone,22,23,TSU,ALB,1,1
2024,Silverstone,22,27,TSU,HUL,1,0
2024,Silverstone,22,63,TSU,RUS,1,1
2024,Silverstone,23,2,ALB,SAR,1,1
2024,Silverstone,23,16,ALB,LEC,1,0
2024,Silverstone,23,18,ALB,STR,1,0
2024,Silverstone,23,22,ALB,TSU,1,1
2024,Silverstone,23,27,ALB,HUL,1,0
2024,Silverstone,23,63,ALB,RUS,1,1
2024,Silverstone,24,3,ZHO,RIC,2,2
2024,Silverstone,24,63,ZHO,RUS,1,1
2024,Silverstone,27,2,HUL,SAR,1,0
2024,Silverstone,27,14,HUL,ALO,1,0
2024,Silverstone,27,16,HUL,LEC,1,0
2024,Silverstone,27,18,HUL,STR,1,1
2024,Silverstone,27,20,HUL,MAG,1,0
2024,Silverstone,27,22,HUL,TSU,1,0
2024,Silverstone,27,23,HUL,ALB,1,0
2024,Silverstone,27,63,HUL,RUS,1,1
2024,Silverstone,31,11,OCO,PER,2,0
2024,Silverstone,31,20,OCO,MAG,1,1
2024,Silverstone,31,24,OCO,ZHO,1,1
2024,Silverstone,31,63,OCO,RUS,1,1
2024,Silverstone,31,77,OCO,BOT,1,1
2024,Silverstone,44,4,HAM,NOR,1,0
2024,Silverstone,44,55,HAM,SAI,1,0
2024,Silverstone,44,63,HAM,RUS,1,1
2024,Silverstone,44,81,HAM,PIA,1,0
2024,Silverstone,55,1,SAI,VER,1,0
2024,Silverstone,55,27,SAI,HUL,1,1
2024,Silverstone,55,44,SAI,HAM,1,0
2024,Silverstone,55,63,SAI,RUS,2,1
2024,Silverstone,55,81,SAI,PIA,2,0
2024,Silverstone,63,81,RUS,PIA,1,0
2024,Silverstone,77,11,BOT,PER,1,0
2024,Silverstone,77,16,BOT,LEC,1,1
2024,Silverstone,77,24,BOT,ZHO,1,1
2024,Silverstone,77,31,BOT,OCO,1,1
2024,Silverstone,77,63,BOT,RUS,1,1
2024,Silverstone,81,1,PIA,VER,2,2
2024,Silverstone,81,4,PIA,NOR,1,0
2024,Silverstone,81,44,PIA,HAM,1,0
2024,Silverstone,81,55,PIA,SAI,2,0
2024,Silverstone,81,63,PIA,RUS,1,1
2024,Singapore,1,16,VER,LEC,1,0
2024,Singapore,1,81,VER,PIA,1,0
2024,Singapore,3,10,RIC,GAS,2,2
2024,Singapore,3,14,RIC,ALO,1,0
2024,Singapore,3,16,RIC,LEC,1,0
2024,Singapore,3,18,RIC,STR,1,0
2024,Singapore,3,20,RIC,MAG,2,1
2024,Singapore,3,22,RIC,TSU,1,0
2024,Singapore,3,23,RIC,ALB,2,2
2024,Singapore,3,24,RIC,ZHO,1,1
2024,Singapore,3,31,RIC,OCO,1,0
2024,Singapore,3,77,RIC,BOT,1,1
2024,Singapore,10,3,GAS,RIC,3,0
2024,Singapore,10,11,GAS,PER,1,0
2024,Singapore,10,14,GAS,ALO,2,0
2024,Singapore,10,16,GAS,LEC,1,0
2024,Singapore,10,18,GAS,STR,2,1
2024,Singapore,10,20,GAS,MAG,2,1
2024,Singapore,10,22,GAS,TSU,1,0
2024,Singapore,10,23,GAS,ALB,1,0
2024,Singapore,10,24,GAS,ZHO,1,1
2024,Singapore,10,27,GAS,HUL,1,0
2024,Singapore,10,31,GAS,OCO,1,0
2024,Singapore,10,43,GAS,COL,2,1
2024,Singapore,10,55,GAS,SAI,1,0
2024,Singapore,11,10,PER,GAS,1,1
2024,Singapore,11,14,PER,ALO,2,0
2024,Singapore,11,16,PER,LEC,1,0
2024,Singapore,11,22,PER,TSU,2,1
2024,Singapore,11,23,PER,ALB,1,0
2024,Singapore,11,31,PER,OCO,1,0
2024,Singapore,11,43,PER,COL,1,0
2024,Singapore,11,44,PER,HAM,1,0
2024,Singapore,11,55,PER,SAI,1,1
2024,Singapore,11,63,PER,RUS,1,0
2024,Singapore,14,3,ALO,RIC,1,0
2024,Singapore,14,10,ALO,GAS,2,1
2024,Singapore,14,11,ALO,PER,2,0
2024,Singapore,14,16,ALO,LEC,1,0
2024,Singapore,14,18,ALO,STR,1,0
2024,Singapore,14,20,ALO,MAG,2,1
2024,Singapore,14,22,ALO,TSU,2,0
2024,Singapore,14,23,ALO,ALB,1,0
2024,Singapore,14,24,ALO,ZHO,1,0
2024,Singapore,14,27,ALO,HUL,1,0
2024,Singapore,14,31,ALO,OCO,2,0
2024,Singapore,14,43,ALO,COL,2,0
2024,Singapore,14,44,ALO,HAM,1,0
2024,Singapore,14,55,ALO,SAI,1,0
2024,Singapore,14,77,ALO,BOT,1,0
2024,Singapore,16,1,LEC,VER,1,0
2024,Singapore,16,3,LEC,RIC,1,0
2024,Singapore,16,10,LEC,GAS,1,0
2024,Singapore,16,11,LEC,PER,1,0
2024,Singapore,16,14,LEC,ALO,2,1
2024,Singapore,16,18,LEC,STR,1,0
2024,Singapore,16,20,LEC,MAG,1,0
2024,Singapore,16,22,LEC,TSU,2,0
2024,Singapore,16,23,LEC,ALB,1,0
2024,Singapore,16,24,LEC,ZHO,1,0
2024,Singapore,16,27,LEC,HUL,1,1
2024,Singapore,16,31,LEC,OCO,1,0
2024,Singapore,16,43,LEC,COL,1,0
2024,Singapore,16,44,LEC,HAM,2,1
2024,Singapore,16,55,LEC,SAI,2,1
2024,Singapore,16,63,LEC,RUS,1,0
2024,Singapore,16,77,LEC,BOT,1,0
2024,Singapore,18,3,STR,RIC,2,1
2024,Singapore,18,10,STR,GAS,2,1
2024,Singapore,18,14,STR,ALO,1,0
2024,Singapore,18,16,STR,LEC,1,0
2024,Singapore,18,20,STR,MAG,1,1
2024,Singapore,18,23,STR,ALB,1,0
2024,Singapore,18,24,STR,ZHO,1,0
2024,Singapore,18,55,STR,SAI,1,0
2024,Singapore,18,77,STR,BOT,1,0
2024,Singapore,20,3,MAG,RIC,1,1
2024,Singapore,20,10,MAG,GAS,1,0
2024,Singapore,20,14,MAG,ALO,2,0
2024,Singapore,20,16,MAG,LEC,1,0
2024,Singapore,20,23,MAG,ALB,2,1
2024,Singapore,20,24,MAG,ZHO,1,0
2024,Singapore,20,44,MAG,HAM,1,0
2024,Singapore,20,55,MAG,SAI,1,0
2024,Singapore,20,77,MAG,BOT,1,0
2024,Singapore,22,3,TSU,RIC,1,1
2024,Singapore,22,10,TSU,GAS,1,1
2024,Singapore,22,11,TSU,PER,1,0
2024,Singapore,22,14,TSU,ALO,2,0
2024,Singapore,22,16,TSU,LEC,1,0
2024,Singapore,22,23,TSU,ALB,1,0
2024,Singapore,22,24,TSU,ZHO,1,0
2024,Singapore,22,27,TSU,HUL,1,0
2024,Singapore,22,43,TSU,COL,1,0
2024,Singapore,22,44,TSU,HAM,2,1
2024,Singapore,22,55,TSU,SAI,1,0
2024,Singapore,23,3,ALB,RIC,1,1
2024,Singapore,23,14,ALB,ALO,1,0
2024,Singapore,23,16,ALB,LEC,1,0
2024,Singapore,23,20,ALB,MAG,1,1
2024,Singapore,23,22,ALB,TSU,1,0
2024,Singapore,23,55,ALB,SAI,2,0
2024,Singapore,24,3,ZHO,RIC,2,0
2024,Singapore,24,10,ZHO,GAS,2,1
2024,Singapore,24,14,ZHO,ALO,1,0
2024,Singapore,24,16,ZHO,LEC,1,0
2024,Singapore,24,18,ZHO,STR,1,0
2024,Singapore,24,20,ZHO,MAG,2,1
2024,Singapore,24,22,ZHO,TSU,1,0
2024,Singapore,24,23,ZHO,ALB,1,0
2024,Singapore,24,31,ZHO,OCO,1,0
2024,Singapore,24,55,ZHO,SAI,1,0
2024,Singapore,24,77,ZHO,BOT,1,1
2024,Singapore,27,10,HUL,GAS,1,0
2024,Singapore,27,22,HUL,TSU,1,0
2024,Singapore,27,44,HUL,HAM,1,0
2024,Singapore,27,63,HUL,RUS,1,0
2024,Singapore,27,81,HUL,PIA,1,1
2024,Singapore,31,3,OCO,RIC,1,1
2024,Singapore,31,10,OCO,GAS,1,0
2024,Singapore,31,11,OCO,PER,1,0
2024,Singapore,31,14,OCO,ALO,2,0
2024,Singapore,31,16,OCO,LEC,1,0
2024,Singapore,31,20,OCO,MAG,1,0
2024,Singapore,31,23,OCO,ALB,1,0
2024,Singapore,31,24,OCO,ZHO,1,0
2024,Singapore,31,44,OCO,HAM,1,0
2024,Singapore,31,55,OCO,SAI,1,0
2024,Singapore,31,77,OCO,BOT,1,0
2024,Singapore,43,10,COL,GAS,2,2
2024,Singapore,43,14,COL,ALO,1,0
2024,Singapore,43,22,COL,TSU,2,0
2024,Singapore,43,44,COL,HAM,1,0
2024,Singapore,43,55,COL,SAI,1,0
2024,Singapore,43,63,COL,RUS,1,0
2024,Singapore,44,11,HAM,PER,1,0
2024,Singapore,44,14,HAM,ALO,1,0
2024,Singapore,44,16,HAM,LEC,1,0
2024,Singapore,44,20,HAM,MAG,1,1
2024,Singapore,44,22,HAM,TSU,2,2
2024,Singapore,44,27,HAM,HUL,1,0
2024,Singapore,44,31,HAM,OCO,1,1
2024,Singapore,44,43,HAM,COL,1,0
2024,Singapore,44,81,HAM,PIA,1,0
2024,Singapore,55,10,SAI,GAS,1,1
2024,Singapore,55,11,SAI,PER,1,0
2024,Singapore,55,14,SAI,ALO,1,0
2024,Singapore,55,16,SAI,LEC,1,0
2024,Singapore,55,18,SAI,STR,1,1
2024,Singapore,55,20,SAI,MAG,1,1
2024,Singapore,55,22,SAI,TSU,2,1
2024,Singapore,55,23,SAI,ALB,1,0
2024,Singapore,55,24,SAI,ZHO,1,1
2024,Singapore,55,27,SAI,HUL,1,0
2024,Singapore,55,31,SAI,OCO,1,1
2024,Singapore,55,43,SAI,COL,1,0
2024,Singapore,55,77,SAI,BOT,1,1
2024,Singapore,63,11,RUS,PER,1,0
2024,Singapore,63,16,RUS,LEC,1,0
2024,Singapore,63,27,RUS,HUL,1,0
2024,Singapore,63,43,RUS,COL,1,0
2024,Singapore,63,44,RUS,HAM,1,0
2024,Singapore,63,81,RUS,PIA,1,0
2024,Singapore,77,3,BOT,RIC,2,0
2024,Singapore,77,10,BOT,GAS,1,0
2024,Singapore,77,14,BOT,ALO,1,0
2024,Singapore,77,16,BOT,LEC,1,0
2024,Singapore,77,18,BOT,STR,1,0
2024,Singapore,77,20,BOT,MAG,2,1
2024,Singapore,77,23,BOT,ALB,1,0
2024,Singapore,77,31,BOT,OCO,1,0
2024,Singapore,77,55,BOT,SAI,1,0
2024,Singapore,81,1,PIA,VER,1,0
2024,Singapore,81,27,PIA,HUL,1,1
2024,Singapore,81,44,PIA,HAM,2,1
2024,Singapore,81,63,PIA,RUS,2,1
2024,Spa-Francorchamps,1,4,VER,NOR,2,0
2024,Spa-Francorchamps,1,11,VER,PER,2,1
2024,Spa-Francorchamps,1,14,VER,ALO,3,2
2024,Spa-Francorchamps,1,16,VER,LEC,1,0
2024,Spa-Francorchamps,1,18,VER,STR,1,0
2024,Spa-Francorchamps,1,20,VER,MAG,1,1
2024,Spa-Francorchamps,1,22,VER,TSU,1,1
2024,Spa-Francorchamps,1,23,VER,ALB,1,1
2024,Spa-Francorchamps,1,31,VER,OCO,1,1
2024,Spa-Francorchamps,1,44,VER,HAM,1,0
2024,Spa-Francorchamps,1,55,VER,SAI,1,0
2024,Spa-Francorchamps,1,77,VER,BOT,1,0
2024,Spa-Francorchamps,2,3,SAR,RIC,1,0
2024,Spa-Francorchamps,2,18,SAR,STR,2,0
2024,Spa-Francorchamps,2,20,SAR,MAG,1,0
2024,Spa-Francorchamps,2,22,SAR,TSU,1,0
2024,Spa-Francorchamps,2,24,SAR,ZHO,1,1
2024,Spa-Francorchamps,2,27,SAR,HUL,3,1
2024,Spa-Francorchamps,3,2,RIC,SAR,1,1
2024,Spa-Francorchamps,3,10,RIC,GAS,2,0
2024,Spa-Francorchamps,3,14,RIC,ALO,1,0
2024,Spa-Francorchamps,3,18,RIC,STR,2,1
2024,Spa-Francorchamps,3,20,RIC,MAG,1,1
2024,Spa-Francorchamps,3,22,RIC,TSU,2,0
2024,Spa-Francorchamps,3,23,RIC,ALB,1,0
2024,Spa-Francorchamps,3,31,RIC,OCO,2,0
2024,Spa-Francorchamps,3,77,RIC,BOT,2,0
2024,Spa-Francorchamps,4,1,NOR,VER,1,0
2024,Spa-Francorchamps,4,11,NOR,PER,3,1
2024,Spa-Francorchamps,4,16,NOR,LEC,2,0
2024,Spa-Francorchamps,4,44,NOR,HAM,1,0
2024,Spa-Francorchamps,4,55,NOR,SAI,3,2
2024,Spa-Francorchamps,4,63,NOR,RUS,1,0
2024,Spa-Francorchamps,4,81,NOR,PIA,1,0
2024,Spa-Francorchamps,10,3,GAS,RIC,1,0
2024,Spa-Francorchamps,10,18,GAS,STR,1,0
2024,Spa-Francorchamps,10,20,GAS,MAG,2,1
2024,Spa-Francorchamps,10,22,GAS,TSU,2,1
2024,Spa-Francorchamps,10,23,GAS,ALB,2,0
2024,Spa-Francorchamps,10,31,GAS,OCO,1,0
2024,Spa-Francorchamps,10,77,GAS,BOT,3,1
2024,Spa-Francorchamps,11,1,PER,VER,1,0
2024,Spa-Francorchamps,11,4,PER,NOR,2,0
2024,Spa-Francorchamps,11,14,PER,ALO,1,0
2024,Spa-Francorchamps,11,18,PER,STR,1,0
2024,Spa-Francorchamps,11,31,PER,OCO,1,0
2024,Spa-Francorchamps,11,55,PER,SAI,2,0
2024,Spa-Francorchamps,14,1,ALO,VER,2,1
2024,Spa-Francorchamps,14,3,ALO,RIC,1,0
2024,Spa-Francorchamps,14,11,ALO,PER,1,0
2024,Spa-Francorchamps,14,16,ALO,LEC,1,0
2024,Spa-Francorchamps,14,20,ALO,MAG,1,0
2024,Spa-Francorchamps,14,22,ALO,TSU,1,0
2024,Spa-Francorchamps,14,23,ALO,ALB,2,1
2024,Spa-Francorchamps,14,27,ALO,HUL,2,0
2024,Spa-Francorchamps,14,31,ALO,OCO,1,0
2024,Spa-Francorchamps,14,44,ALO,HAM,1,0
2024,Spa-Francorchamps,14,63,ALO,RUS,1,0
2024,Spa-Francorchamps,14,81,ALO,PIA,1,0
2024,Spa-Francorchamps,16,4,LEC,NOR,2,0
2024,Spa-Francorchamps,16,14,LEC,ALO,1,0
2024,Spa-Francorchamps,16,55,LEC,SAI,2,0
2024,Spa-Francorchamps,16,81,LEC,PIA,1,0
2024,Spa-Francorchamps,18,1,STR,VER,1,0
2024,Spa-Francorchamps,18,2,STR,SAR,2,1
2024,Spa-Francorchamps,18,3,STR,RIC,2,0
2024,Spa-Francorchamps,18,10,STR,GAS,2,0
2024,Spa-Francorchamps,18,20,STR,MAG,2,1
2024,Spa-Francorchamps,18,22,STR,TSU,1,0
2024,Spa-Francorchamps,18,23,STR,ALB,1,0
2024,Spa-Francorchamps,18,27,STR,HUL,2,1
2024,Spa-Francorchamps,18,31,STR,OCO,1,0
2024,Spa-Francorchamps,18,63,STR,RUS,1,0
2024,Spa-Francorchamps,18,77,STR,BOT,2,0
2024,Spa-Francorchamps,20,1,MAG,VER,1,0
2024,Spa-Francorchamps,20,2,MAG,SAR,1,1
2024,Spa-Francorchamps,20,3,MAG,RIC,2,0
2024,Spa-Francorchamps,20,10,MAG,GAS,2,0
2024,Spa-Francorchamps,20,14,MAG,ALO,1,0
2024,Spa-Francorchamps,20,18,MAG,STR,2,1
2024,Spa-Francorchamps,20,23,MAG,ALB,1,0
2024,Spa-Francorchamps,20,27,MAG,HUL,3,1
2024,Spa-Francorchamps,20,31,MAG,OCO,1,0
2024,Spa-Francorchamps,20,63,MAG,RUS,1,0
2024,Spa-Francorchamps,20,77,MAG,BOT,2,0
2024,Spa-Francorchamps,22,1,TSU,VER,1,0
2024,Spa-Francorchamps,22,2,TSU,SAR,2,0
2024,Spa-Francorchamps,22,3,TSU,RIC,2,0
2024,Spa-Francorchamps,22,10,TSU,GAS,2,0
2024,Spa-Francorchamps,22,14,TSU,ALO,1,0
2024,Spa-Francorchamps,22,18,TSU,STR,1,0
2024,Spa-Francorchamps,22,24,TSU,ZHO,2,1
2024,Spa-Francorchamps,22,27,TSU,HUL,2,0
2024,Spa-Francorchamps,22,31,TSU,OCO,1,0
2024,Spa-Francorchamps,22,63,TSU,RUS,2,0
2024,Spa-Francorchamps,22,77,TSU,BOT,2,0
2024,Spa-Francorchamps,23,10,ALB,GAS,2,0
2024,Spa-Francorchamps,23,14,ALB,ALO,2,1
2024,Spa-Francorchamps,23,18,ALB,STR,1,0
2024,Spa-Francorchamps,23,20,ALB,MAG,1,1
2024,Spa-Francorchamps,23,22,ALB,TSU,1,1
2024,Spa-Francorchamps,23,31,ALB,OCO,3,1
2024,Spa-Francorchamps,23,77,ALB,BOT,2,0
2024,Spa-Francorchamps,24,2,ZHO,SAR,1,0
2024,Spa-Francorchamps,24,22,ZHO,TSU,1,1
2024,Spa-Francorchamps,27,2,HUL,SAR,2,0
2024,Spa-Francorchamps,27,10,HUL,GAS,1,0
2024,Spa-Francorchamps,27,14,HUL,ALO,2,0
2024,Spa-Francorchamps,27,18,HUL,STR,2,1
2024,Spa-Francorchamps,27,20,HUL,MAG,2,1
2024,Spa-Francorchamps,27,22,HUL,TSU,1,0
2024,Spa-Francorchamps,27,31,HUL,OCO,1,0
2024,Spa-Francorchamps,27,77,HUL,BOT,1,0
2024,Spa-Francorchamps,31,1,OCO,VER,1,0
2024,Spa-Francorchamps,31,3,OCO,RIC,2,1
2024,Spa-Francorchamps,31,10,OCO,GAS,1,1
2024,Spa-Francorchamps,31,11,OCO,PER,1,0
2024,Spa-Francorchamps,31,14,OCO,ALO,1,1
2024,Spa-Francorchamps,31,18,OCO,STR,1,1
2024,Spa-Francorchamps,31,20,OCO,MAG,1,0
2024,Spa-Francorchamps,31,22,OCO,TSU,1,0
2024,Spa-Francorchamps,31,23,OCO,ALB,3,1
2024,Spa-Francorchamps,31,27,OCO,HUL,1,1
2024,Spa-Francorchamps,31,44,OCO,HAM,1,0
2024,Spa-Francorchamps,31,63,OCO,RUS,1,0
2024,Spa-Francorchamps,31,77,OCO,BOT,2,1
2024,Spa-Francorchamps,31,81,OCO,PIA,1,0
2024,Spa-Francorchamps,44,4,HAM,NOR,2,0
2024,Spa-Francorchamps,44,11,HAM,PER,1,1
2024,Spa-Francorchamps,44,14,HAM,ALO,1,0
2024,Spa-Francorchamps,44,16,HAM,LEC,1,1
2024,Spa-Francorchamps,44,31,HAM,OCO,1,0
2024,Spa-Francorchamps,44,55,HAM,SAI,2,0
2024,Spa-Francorchamps,44,81,HAM,PIA,1,0
2024,Spa-Francorchamps,55,4,SAI,NOR,3,2
2024,Spa-Francorchamps,55,11,SAI,PER,3,1
2024,Spa-Francorchamps,55,16,SAI,LEC,2,0
2024,Spa-Francorchamps,55,44,SAI,HAM,1,0
2024,Spa-Francorchamps,55,63,SAI,RUS,1,0
2024,Spa-Francorchamps,55,81,SAI,PIA,1,0
2024,Spa-Francorchamps,63,4,RUS,NOR,2,0
2024,Spa-Francorchamps,63,11,RUS,PER,1,1
2024,Spa-Francorchamps,63,14,RUS,ALO,1,0
2024,Spa-Francorchamps,63,16,RUS,LEC,1,0
2024,Spa-Francorchamps,63,18,RUS,STR,1,0
2024,Spa-Francorchamps,63,20,RUS,MAG,1,0
2024,Spa-Francorchamps,63,22,RUS,TSU,2,0
2024,Spa-Francorchamps,63,44,RUS,HAM,1,0
2024,Spa-Francorchamps,63,55,RUS,SAI,1,0
2024,Spa-Francorchamps,63,77,RUS,BOT,1,0
2024,Spa-Francorchamps,63,81,RUS,PIA,2,0
2024,Spa-Francorchamps,77,1,BOT,VER,1,0
2024,Spa-Francorchamps,77,3,BOT,RIC,2,1
2024,Spa-Francorchamps,77,10,BOT,GAS,3,1
2024,Spa-Francorchamps,77,18,BOT,STR,1,0
2024,Spa-Francorchamps,77,20,BOT,MAG,1,0
2024,Spa-Francorchamps,77,22,BOT,TSU,2,1
2024,Spa-Francorchamps,77,23,BOT,ALB,2,0
2024,Spa-Francorchamps,77,27,BOT,HUL,1,1
2024,Spa-Francorchamps,77,31,BOT,OCO,2,0
2024,Spa-Francorchamps,77,63,BOT,RUS,1,0
2024,Spa-Francorchamps,81,4,PIA,NOR,2,0
2024,Spa-Francorchamps,81,11,PIA,PER,1,1
2024,Spa-Francorchamps,81,14,PIA,ALO,1,0
2024,Spa-Francorchamps,81,16,PIA,LEC,2,1
2024,Spa-Francorchamps,81,18,PIA,STR,1,0
2024,Spa-Francorchamps,81,31,PIA,OCO,1,0
2024,Spa-Francorchamps,81,44,PIA,HAM,1,0
2024,Spa-Francorchamps,81,55,PIA,SAI,1,0
2024,Spa-Francorchamps,81,63,PIA,RUS,2,0
2024,Spielberg,1,4,VER,NOR,3,2
2024,Spielberg,1,81,VER,PIA,1,0
2024,Spielberg,2,4,SAR,NOR,1,1
2024,Spielberg,2,16,SAR,LEC,1,0
2024,Spielberg,2,27,SAR,HUL,1,1
2024,Spielberg,3,2,RIC,SAR,1,1
2024,Spielberg,3,4,RIC,NOR,1,1
2024,Spielberg,3,10,RIC,GAS,3,1
2024,Spielberg,3,11,RIC,PER,1,0
2024,Spielberg,3,14,RIC,ALO,2,1
2024,Spielberg,3,16,RIC,LEC,1,0
2024,Spielberg,3,18,RIC,STR,2,0
2024,Spielberg,3,22,RIC,TSU,2,0
2024,Spielberg,3,23,RIC,ALB,2,0
2024,Spielberg,3,24,RIC,ZHO,1,1
2024,Spielberg,3,31,RIC,OCO,2,0
2024,Spielberg,3,77,RIC,BOT,2,0
2024,Spielberg,4,1,NOR,VER,3,2
2024,Spielberg,4,63,NOR,RUS,1,1
2024,Spielberg,4,81,NOR,PIA,1,0
2024,Spielberg,10,3,GAS,RIC,3,2
2024,Spielberg,10,4,GAS,NOR,1,1
2024,Spielberg,10,14,GAS,ALO,2,2
2024,Spielberg,10,16,GAS,LEC,2,1
2024,Spielberg,10,18,GAS,STR,1,0
2024,Spielberg,10,20,GAS,MAG,2,0
2024,Spielberg,10,22,GAS,TSU,3,1
2024,Spielberg,10,23,GAS,ALB,1,1
2024,Spielberg,10,24,GAS,ZHO,1,0
2024,Spielberg,10,27,GAS,HUL,2,0
2024,Spielberg,10,31,GAS,OCO,5,3
2024,Spielberg,11,3,PER,RIC,1,1
2024,Spielberg,11,4,PER,NOR,1,1
2024,Spielberg,11,20,PER,MAG,2,2
2024,Spielberg,11,27,PER,HUL,3,2
2024,Spielberg,11,81,PER,PIA,2,2
2024,Spielberg,14,3,ALO,RIC,1,0
2024,Spielberg,14,4,ALO,NOR,1,0
2024,Spielberg,14,10,ALO,GAS,2,1
2024,Spielberg,14,16,ALO,LEC,2,0
2024,Spielberg,14,18,ALO,STR,2,0
2024,Spielberg,14,20,ALO,MAG,1,0
2024,Spielberg,14,22,ALO,TSU,4,3
2024,Spielberg,14,23,ALO,ALB,1,0
2024,Spielberg,14,24,ALO,ZHO,3,2
2024,Spielberg,14,31,ALO,OCO,1,0
2024,Spielberg,14,77,ALO,BOT,2,0
2024,Spielberg,16,2,LEC,SAR,1,0
2024,Spielberg,16,4,LEC,NOR,1,1
2024,Spielberg,16,10,LEC,GAS,2,1
2024,Spielberg,16,11,LEC,PER,1,1
2024,Spielberg,16,14,LEC,ALO,2,1
2024,Spielberg,16,18,LEC,STR,2,1
2024,Spielberg,16,22,LEC,TSU,2,1
2024,Spielberg,16,23,LEC,ALB,3,1
2024,Spielberg,16,24,LEC,ZHO,2,0
2024,Spielberg,16,31,LEC,OCO,3,2
2024,Spielberg,16,77,LEC,BOT,2,1
2024,Spielberg,16,81,LEC,PIA,1,0
2024,Spielberg,18,3,STR,RIC,2,0
2024,Spielberg,18,4,STR,NOR,1,1
2024,Spielberg,18,10,STR,GAS,2,1
2024,Spielberg,18,14,STR,ALO,3,0
2024,Spielberg,18,16,STR,LEC,2,0
2024,Spielberg,18,20,STR,MAG,2,0
2024,Spielberg,18,22,STR,TSU,1,0
2024,Spielberg,18,23,STR,ALB,4,1
2024,Spielberg,18,24,STR,ZHO,1,1
2024,Spielberg,18,27,STR,HUL,2,0
2024,Spielberg,18,31,STR,OCO,2,1
2024,Spielberg,18,77,STR,BOT,3,3
2024,Spielberg,20,3,MAG,RIC,1,1
2024,Spielberg,20,4,MAG,NOR,1,1
2024,Spielberg,20,10,MAG,GAS,3,1
2024,Spielberg,20,11,MAG,PER,2,0
2024,Spielberg,20,14,MAG,ALO,1,0
2024,Spielberg,20,16,MAG,LEC,1,0
2024,Spielberg,20,18,MAG,STR,2,0
2024,Spielberg,20,22,MAG,TSU,2,0
2024,Spielberg,20,23,MAG,ALB,2,0
2024,Spielberg,20,24,MAG,ZHO,1,1
2024,Spielberg,20,27,MAG,HUL,1,0
2024,Spielberg,20,31,MAG,OCO,4,2
2024,Spielberg,20,77,MAG,BOT,2,0
2024,Spielberg,22,3,TSU,RIC,2,0
2024,Spielberg,22,4,TSU,NOR,1,1
2024,Spielberg,22,10,TSU,GAS,3,1
2024,Spielberg,22,14,TSU,ALO,5,4
2024,Spielberg,22,16,TSU,LEC,2,0
2024,Spielberg,22,20,TSU,MAG,2,0
2024,Spielberg,22,23,TSU,ALB,3,3
2024,Spielberg,22,24,TSU,ZHO,1,1
2024,Spielberg,22,27,TSU,HUL,2,0
2024,Spielberg,22,31,TSU,OCO,2,0
2024,Spielberg,23,3,ALB,RIC,2,0
2024,Spielberg,23,4,ALB,NOR,1,1
2024,Spielberg,23,10,ALB,GAS,1,0
2024,Spielberg,23,14,ALB,ALO,2,0
2024,Spielberg,23,16,ALB,LEC,3,0
2024,Spielberg,23,18,ALB,STR,3,0
2024,Spielberg,23,20,ALB,MAG,2,0
2024,Spielberg,23,22,ALB,TSU,4,2
2024,Spielberg,23,24,ALB,ZHO,2,2
2024,Spielberg,23,27,ALB,HUL,1,0
2024,Spielberg,23,31,ALB,OCO,1,0
2024,Spielberg,23,77,ALB,BOT,5,3
2024,Spielberg,24,2,ZHO,SAR,1,0
2024,Spielberg,24,3,ZHO,RIC,1,0
2024,Spielberg,24,4,ZHO,NOR,1,0
2024,Spielberg,24,10,ZHO,GAS,1,0
2024,Spielberg,24,14,ZHO,ALO,4,1
2024,Spielberg,24,16,ZHO,LEC,2,0
2024,Spielberg,24,18,ZHO,STR,1,0
2024,Spielberg,24,20,ZHO,MAG,1,0
2024,Spielberg,24,22,ZHO,TSU,1,0
2024,Spielberg,24,23,ZHO,ALB,1,0
2024,Spielberg,24,27,ZHO,HUL,1,0
2024,Spielberg,24,31,ZHO,OCO,1,0
2024,Spielberg,24,77,ZHO,BOT,1,0
2024,Spielberg,27,2,HUL,SAR,2,1
2024,Spielberg,27,3,HUL,RIC,1,0
2024,Spielberg,27,4,HUL,NOR,1,1
2024,Spielberg,27,10,HUL,GAS,2,0
2024,Spielberg,27,11,HUL,PER,4,1
2024,Spielberg,27,14,HUL,ALO,1,1
2024,Spielberg,27,16,HUL,LEC,1,0
2024,Spielberg,27,18,HUL,STR,2,0
2024,Spielberg,27,20,HUL,MAG,1,1
2024,Spielberg,27,22,HUL,TSU,2,0
2024,Spielberg,27,23,HUL,ALB,1,0
2024,Spielberg,27,24,HUL,ZHO,1,1
2024,Spielberg,27,31,HUL,OCO,4,2
2024,Spielberg,27,77,HUL,BOT,2,0
2024,Spielberg,31,3,OCO,RIC,1,0
2024,Spielberg,31,4,OCO,NOR,1,1
2024,Spielberg,31,10,OCO,GAS,4,2
2024,Spielberg,31,14,OCO,ALO,1,1
2024,Spielberg,31,16,OCO,LEC,2,0
2024,Spielberg,31,18,OCO,STR,1,0
2024,Spielberg,31,20,OCO,MAG,2,1
2024,Spielberg,31,22,OCO,TSU,2,0
2024,Spielberg,31,23,OCO,ALB,1,1
2024,Spielberg,31,24,OCO,ZHO,1,1
2024,Spielberg,31,27,OCO,HUL,4,2
2024,Spielberg,44,1,HAM,VER,1,0
2024,Spielberg,44,4,HAM,NOR,1,1
2024,Spielberg,44,55,HAM,SAI,2,1
2024,Spielberg,44,63,HAM,RUS,2,1
2024,Spielberg,44,81,HAM,PIA,2,0
2024,Spielberg,55,1,SAI,VER,1,0
2024,Spielberg,55,4,SAI,NOR,1,1
2024,Spielberg,55,44,SAI,HAM,2,1
2024,Spielberg,55,63,SAI,RUS,2,1
2024,Spielberg,55,81,SAI,PIA,2,0
2024,Spielberg,63,1,RUS,VER,1,0
2024,Spielberg,63,4,RUS,NOR,2,2
2024,Spielberg,63,44,RUS,HAM,2,1
2024,Spielberg,63,55,RUS,SAI,2,1
2024,Spielberg,63,81,RUS,PIA,2,0
2024,Spielberg,77,3,BOT,RIC,2,0
2024,Spielberg,77,4,BOT,NOR,1,0
2024,Spielberg,77,14,BOT,ALO,3,1
2024,Spielberg,77,16,BOT,LEC,2,0
2024,Spielberg,77,18,BOT,STR,2,2
2024,Spielberg,77,20,BOT,MAG,2,0
2024,Spielberg,77,23,BOT,ALB,3,2
2024,Spielberg,77,24,BOT,ZHO,1,1
2024,Spielberg,77,27,BOT,HUL,2,0
2024,Spielberg,81,1,PIA,VER,2,0
2024,Spielberg,81,4,PIA,NOR,3,2
2024,Spielberg,81,11,PIA,PER,2,2
2024,Spielberg,81,16,PIA,LEC,2,1
2024,Spielberg,81,44,PIA,HAM,3,1
2024,Spielberg,81,55,PIA,SAI,3,1
2024,Spielberg,81,63,PIA,RUS,2,0
2024,Suzuka,1,16,VER,LEC,1,0
2024,Suzuka,1,55,VER,SAI,1,0
2024,Suzuka,1,63,VER,RUS,1,0
2024,Suzuka,2,3,SAR,RIC,1,0
2024,Suzuka,2,10,SAR,GAS,1,0
2024,Suzuka,2,18,SAR,STR,2,0
2024,Suzuka,2,20,SAR,MAG,1,0
2024,Suzuka,2,22,SAR,TSU,2,0
2024,Suzuka,2,23,SAR,ALB,1,0
2024,Suzuka,2,24,SAR,ZHO,3,1
2024,Suzuka,2,27,SAR,HUL,3,0
2024,Suzuka,2,31,SAR,OCO,2,0
2024,Suzuka,2,77,SAR,BOT,1,0
2024,Suzuka,2,81,SAR,PIA,1,0
2024,Suzuka,3,22,RIC,TSU,1,0
2024,Suzuka,4,11,NOR,PER,2,0
2024,Suzuka,4,14,NOR,ALO,2,0
2024,Suzuka,4,18,NOR,STR,1,0
2024,Suzuka,4,44,NOR,HAM,1,0
2024,Suzuka,4,55,NOR,SAI,2,0
2024,Suzuka,4,63,NOR,RUS,2,0
2024,Suzuka,4,81,NOR,PIA,2,0
2024,Suzuka,10,2,GAS,SAR,1,0
2024,Suzuka,10,3,GAS,RIC,1,0
2024,Suzuka,10,18,GAS,STR,2,0
2024,Suzuka,10,22,GAS,TSU,2,0
2024,Suzuka,10,23,GAS,ALB,1,0
2024,Suzuka,10,27,GAS,HUL,1,0
2024,Suzuka,10,31,GAS,OCO,1,0
2024,Suzuka,10,77,GAS,BOT,1,0
2024,Suzuka,11,4,PER,NOR,2,0
2024,Suzuka,11,16,PER,LEC,2,0
2024,Suzuka,11,44,PER,HAM,1,0
2024,Suzuka,11,55,PER,SAI,1,0
2024,Suzuka,11,63,PER,RUS,1,0
2024,Suzuka,14,4,ALO,NOR,2,0
2024,Suzuka,14,16,ALO,LEC,1,0
2024,Suzuka,14,44,ALO,HAM,2,0
2024,Suzuka,14,63,ALO,RUS,2,0
2024,Suzuka,16,1,LEC,VER,1,0
2024,Suzuka,16,4,LEC,NOR,1,0
2024,Suzuka,16,11,LEC,PER,2,0
2024,Suzuka,16,14,LEC,ALO,2,0
2024,Suzuka,16,44,LEC,HAM,2,0
2024,Suzuka,16,55,LEC,SAI,2,0
2024,Suzuka,16,81,LEC,PIA,2,0
2024,Suzuka,18,2,STR,SAR,2,0
2024,Suzuka,18,3,STR,RIC,1,0
2024,Suzuka,18,4,STR,NOR,1,0
2024,Suzuka,18,10,STR,GAS,2,0
2024,Suzuka,18,20,STR,MAG,3,0
2024,Suzuka,18,22,STR,TSU,3,0
2024,Suzuka,18,23,STR,ALB,2,0
2024,Suzuka,18,24,STR,ZHO,1,0
2024,Suzuka,18,27,STR,HUL,3,0
2024,Suzuka,18,31,STR,OCO,3,0
2024,Suzuka,18,77,STR,BOT,3,0
2024,Suzuka,20,2,MAG,SAR,1,1
2024,Suzuka,20,3,MAG,RIC,1,0
2024,Suzuka,20,10,MAG,GAS,1,0
2024,Suzuka,20,18,MAG,STR,3,0
2024,Suzuka,20,22,MAG,TSU,2,0
2024,Suzuka,20,23,MAG,ALB,1,0
2024,Suzuka,20,27,MAG,HUL,2,0
2024,Suzuka,20,31,MAG,OCO,2,0
2024,Suzuka,20,77,MAG,BOT,1,0
2024,Suzuka,20,81,MAG,PIA,1,0
2024,Suzuka,22,2,TSU,SAR,2,0
2024,Suzuka,22,3,TSU,RIC,1,0
2024,Suzuka,22,10,TSU,GAS,2,0
2024,Suzuka,22,18,TSU,STR,3,0
2024,Suzuka,22,20,TSU,MAG,2,0
2024,Suzuka,22,24,TSU,ZHO,1,0
2024,Suzuka,22,27,TSU,HUL,2,0
2024,Suzuka,22,31,TSU,OCO,3,1
2024,Suzuka,22,63,TSU,RUS,1,0
2024,Suzuka,22,77,TSU,BOT,2,0
2024,Suzuka,23,18,ALB,STR,1,0
2024,Suzuka,24,2,ZHO,SAR,3,0
2024,Suzuka,24,3,ZHO,RIC,1,1
2024,Suzuka,24,18,ZHO,STR,1,0
2024,Suzuka,24,22,ZHO,TSU,1,0
2024,Suzuka,24,23,ZHO,ALB,1,1
2024,Suzuka,24,27,ZHO,HUL,1,0
2024,Suzuka,24,77,ZHO,BOT,1,0
2024,Suzuka,27,2,HUL,SAR,3,0
2024,Suzuka,27,3,HUL,RIC,1,0
2024,Suzuka,27,10,HUL,GAS,1,0
2024,Suzuka,27,18,HUL,STR,3,0
2024,Suzuka,27,20,HUL,MAG,2,0
2024,Suzuka,27,22,HUL,TSU,2,0
2024,Suzuka,27,24,HUL,ZHO,1,0
2024,Suzuka,27,31,HUL,OCO,1,0
2024,Suzuka,27,77,HUL,BOT,4,2
2024,Suzuka,31,2,OCO,SAR,2,0
2024,Suzuka,31,3,OCO,RIC,1,0
2024,Suzuka,31,10,OCO,GAS,1,0
2024,Suzuka,31,18,OCO,STR,2,0
2024,Suzuka,31,20,OCO,MAG,1,0
2024,Suzuka,31,22,OCO,TSU,3,0
2024,Suzuka,31,23,OCO,ALB,1,0
2024,Suzuka,31,27,OCO,HUL,1,0
2024,Suzuka,31,77,OCO,BOT,3,0
2024,Suzuka,31,81,OCO,PIA,1,0
2024,Suzuka,44,4,HAM,NOR,1,0
2024,Suzuka,44,11,HAM,PER,1,0
2024,Suzuka,44,14,HAM,ALO,2,0
2024,Suzuka,44,16,HAM,LEC,1,0
2024,Suzuka,44,55,HAM,SAI,2,0
2024,Suzuka,44,63,HAM,RUS,2,0
2024,Suzuka,44,81,HAM,PIA,3,0
2024,Suzuka,55,1,SAI,VER,1,0
2024,Suzuka,55,4,SAI,NOR,3,0
2024,Suzuka,55,11,SAI,PER,1,0
2024,Suzuka,55,16,SAI,LEC,2,0
2024,Suzuka,55,44,SAI,HAM,2,0
2024,Suzuka,55,63,SAI,RUS,2,0
2024,Suzuka,63,1,RUS,VER,1,0
2024,Suzuka,63,4,RUS,NOR,2,0
2024,Suzuka,63,11,RUS,PER,1,0
2024,Suzuka,63,14,RUS,ALO,2,0
2024,Suzuka,63,22,RUS,TSU,1,0
2024,Suzuka,63,44,RUS,HAM,3,0
2024,Suzuka,63,55,RUS,SAI,2,0
2024,Suzuka,63,81,RUS,PIA,3,0
2024,Suzuka,77,2,BOT,SAR,1,0
2024,Suzuka,77,3,BOT,RIC,1,0
2024,Suzuka,77,10,BOT,GAS,1,0
2024,Suzuka,77,18,BOT,STR,2,0
2024,Suzuka,77,22,BOT,TSU,2,0
2024,Suzuka,77,24,BOT,ZHO,1,0
2024,Suzuka,77,27,BOT,HUL,4,1
2024,Suzuka,77,31,BOT,OCO,3,0
2024,Suzuka,81,2,PIA,SAR,1,0
2024,Suzuka,81,4,PIA,NOR,2,0
2024,Suzuka,81,16,PIA,LEC,1,0
2024,Suzuka,81,20,PIA,MAG,1,0
2024,Suzuka,81,31,PIA,OCO,1,0
2024,Suzuka,81,44,PIA,HAM,3,0
2024,Suzuka,81,63,PIA,RUS,2,0
2024,Yas Marina Circuit,1,10,VER,GAS,2,1
2024,Yas Marina Circuit,1,11,VER,PER,1,0
2024,Yas Marina Circuit,1,14,VER,ALO,2,2
2024,Yas Marina Circuit,1,16,VER,LEC,1,0
2024,Yas Marina Circuit,1,18,VER,STR,2,2
2024,Yas Marina Circuit,1,20,VER,MAG,2,2
2024,Yas Marina Circuit,1,27,VER,HUL,2,1
2024,Yas Marina Circuit,1,30,VER,LAW,1,1
2024,Yas Marina Circuit,1,44,VER,HAM,1,0
2024,Yas Marina Circuit,1,55,VER,SAI,1,1
2024,Yas Marina Circuit,1,63,VER,RUS,1,0
2024,Yas Marina Circuit,1,77,VER,BOT,1,0
2024,Yas Marina Circuit,1,81,VER,PIA,2,0
2024,Yas Marina Circuit,10,1,GAS,VER,1,0
2024,Yas Marina Circuit,10,16,GAS,LEC,1,0
2024,Yas Marina Circuit,10,22,GAS,TSU,2,2
2024,Yas Marina Circuit,10,30,GAS,LAW,1,0
2024,Yas Marina Circuit,10,44,GAS,HAM,1,0
2024,Yas Marina Circuit,10,61,GAS,DOO,1,0
2024,Yas Marina Circuit,10,63,GAS,RUS,3,1
2024,Yas Marina Circuit,11,1,PER,VER,1,0
2024,Yas Marina Circuit,11,77,PER,BOT,2,1
2024,Yas Marina Circuit,11,81,PER,PIA,1,0
2024,Yas Marina Circuit,14,1,ALO,VER,2,0
2024,Yas Marina Circuit,14,22,ALO,TSU,2,1
2024,Yas Marina Circuit,14,23,ALO,ALB,1,1
2024,Yas Marina Circuit,14,24,ALO,ZHO,1,0
2024,Yas Marina Circuit,14,30,ALO,LAW,1,0
2024,Yas Marina Circuit,14,61,ALO,DOO,1,0
2024,Yas Marina Circuit,14,81,ALO,PIA,1,0
2024,Yas Marina Circuit,16,1,LEC,VER,1,0
2024,Yas Marina Circuit,16,10,LEC,GAS,2,1
2024,Yas Marina Circuit,16,11,LEC,PER,1,0
2024,Yas Marina Circuit,16,14,LEC,ALO,1,1
2024,Yas Marina Circuit,16,18,LEC,STR,1,1
2024,Yas Marina Circuit,16,20,LEC,MAG,2,2
2024,Yas Marina Circuit,16,22,LEC,TSU,1,0
2024,Yas Marina Circuit,16,23,LEC,ALB,1,0
2024,Yas Marina Circuit,16,27,LEC,HUL,1,1
2024,Yas Marina Circuit,16,30,LEC,LAW,2,0
2024,Yas Marina Circuit,16,44,LEC,HAM,1,0
2024,Yas Marina Circuit,16,61,LEC,DOO,1,0
2024,Yas Marina Circuit,16,63,LEC,RUS,1,0
2024,Yas Marina Circuit,16,77,LEC,BOT,1,0
2024,Yas Marina Circuit,18,1,STR,VER,2,1
2024,Yas Marina Circuit,18,11,STR,PER,1,0
2024,Yas Marina Circuit,18,20,STR,MAG,1,0
2024,Yas Marina Circuit,18,22,STR,TSU,4,2
2024,Yas Marina Circuit,18,23,STR,ALB,1,0
2024,Yas Marina Circuit,18,24,STR,ZHO,2,0
2024,Yas Marina Circuit,18,30,STR,LAW,3,0
2024,Yas Marina Circuit,18,61,STR,DOO,2,1
2024,Yas Marina Circuit,18,77,STR,BOT,1,0
2024,Yas Marina Circuit,18,81,STR,PIA,3,1
2024,Yas Marina Circuit,20,1,MAG,VER,1,1
2024,Yas Marina Circuit,20,11,MAG,PER,1,1
2024,Yas Marina Circuit,20,16,MAG,LEC,1,1
2024,Yas Marina Circuit,20,22,MAG,TSU,2,0
2024,Yas Marina Circuit,20,30,MAG,LAW,3,1
2024,Yas Marina Circuit,20,61,MAG,DOO,1,0
2024,Yas Marina Circuit,20,77,MAG,BOT,2,1
2024,Yas Marina Circuit,22,10,TSU,GAS,2,1
2024,Yas Marina Circuit,22,11,TSU,PER,1,0
2024,Yas Marina Circuit,22,14,TSU,ALO,2,0
2024,Yas Marina Circuit,22,18,TSU,STR,4,1
2024,Yas Marina Circuit,22,20,TSU,MAG,2,0
2024,Yas Marina Circuit,22,23,TSU,ALB,1,0
2024,Yas Marina Circuit,22,24,TSU,ZHO,2,0
2024,Yas Marina Circuit,22,27,TSU,HUL,1,0
2024,Yas Marina Circuit,22,30,TSU,LAW,1,0
2024,Yas Marina Circuit,22,43,TSU,COL,1,1
2024,Yas Marina Circuit,22,61,TSU,DOO,4,3
2024,Yas Marina Circuit,22,77,TSU,BOT,1,0
2024,Yas Marina Circuit,22,81,TSU,PIA,3,2
2024,Yas Marina Circuit,23,11,ALB,PER,1,0
2024,Yas Marina Circuit,23,14,ALB,ALO,1,0
2024,Yas Marina Circuit,23,18,ALB,STR,2,0
2024,Yas Marina Circuit,23,20,ALB,MAG,1,0
2024,Yas Marina Circuit,23,22,ALB,TSU,2,0
2024,Yas Marina Circuit,23,24,ALB,ZHO,2,0
2024,Yas Marina Circuit,23,30,ALB,LAW,1,0
2024,Yas Marina Circuit,23,61,ALB,DOO,2,1
2024,Yas Marina Circuit,23,77,ALB,BOT,1,0
2024,Yas Marina Circuit,24,11,ZHO,PER,1,0
2024,Yas Marina Circuit,24,14,ZHO,ALO,1,0
2024,Yas Marina Circuit,24,18,ZHO,STR,2,0
2024,Yas Marina Circuit,24,20,ZHO,MAG,1,0
2024,Yas Marina Circuit,24,22,ZHO,TSU,2,0
2024,Yas Marina Circuit,24,23,ZHO,ALB,1,0
2024,Yas Marina Circuit,24,30,ZHO,LAW,1,0
2024,Yas Marina Circuit,24,44,ZHO,HAM,1,0
2024,Yas Marina Circuit,24,61,ZHO,DOO,2,1
2024,Yas Marina Circuit,24,77,ZHO,BOT,3,1
2024,Yas Marina Circuit,24,81,ZHO,PIA,1,0
2024,Yas Marina Circuit,27,1,HUL,VER,2,0
2024,Yas Marina Circuit,27,22,HUL,TSU,1,1
2024,Yas Marina Circuit,27,30,HUL,LAW,1,0
2024,Yas Marina Circuit,27,44,HUL,HAM,1,0
2024,Yas Marina Circuit,27,61,HUL,DOO,1,1
2024,Yas Marina Circuit,27,81,HUL,PIA,1,0
2024,Yas Marina Circuit,30,10,LAW,GAS,1,0
2024,Yas Marina Circuit,30,11,LAW,PER,1,0
2024,Yas Marina Circuit,30,14,LAW,ALO,1,0
2024,Yas Marina Circuit,30,16,LAW,LEC,1,0
2024,Yas Marina Circuit,30,18,LAW,STR,3,1
2024,Yas Marina Circuit,30,20,LAW,MAG,2,0
2024,Yas Marina Circuit,30,22,LAW,TSU,1,0
2024,Yas Marina Circuit,30,27,LAW,HUL,1,0
2024,Yas Marina Circuit,30,44,LAW,HAM,1,1
2024,Yas Marina Circuit,30,77,LAW,BOT,2,0
2024,Yas Marina Circuit,43,11,COL,PER,1,0
2024,Yas Marina Circuit,43,22,COL,TSU,1,0
2024,Yas Marina Circuit,44,1,HAM,VER,1,0
2024,Yas Marina Circuit,44,10,HAM,GAS,2,1
2024,Yas Marina Circuit,44,11,HAM,PER,1,0
2024,Yas Marina Circuit,44,14,HAM,ALO,1,0
2024,Yas Marina Circuit,44,16,HAM,LEC,1,0
2024,Yas Marina Circuit,44,18,HAM,STR,1,0
2024,Yas Marina Circuit,44,20,HAM,MAG,1,0
2024,Yas Marina Circuit,44,22,HAM,TSU,1,0
2024,Yas Marina Circuit,44,24,HAM,ZHO,2,0
2024,Yas Marina Circuit,44,27,HAM,HUL,2,1
2024,Yas Marina Circuit,44,30,HAM,LAW,2,2
2024,Yas Marina Circuit,44,63,HAM,RUS,2,0
2024,Yas Marina Circuit,44,77,HAM,BOT,1,0
2024,Yas Marina Circuit,55,1,SAI,VER,1,1
2024,Yas Marina Circuit,55,63,SAI,RUS,1,0
2024,Yas Marina Circuit,55,81,SAI,PIA,1,1
2024,Yas Marina Circuit,61,10,DOO,GAS,1,0
2024,Yas Marina Circuit,61,11,DOO,PER,1,0
2024,Yas Marina Circuit,61,14,DOO,ALO,1,0
2024,Yas Marina Circuit,61,18,DOO,STR,2,0
2024,Yas Marina Circuit,61,20,DOO,MAG,2,0
2024,Yas Marina Circuit,61,22,DOO,TSU,4,2
2024,Yas Marina Circuit,61,23,DOO,ALB,2,0
2024,Yas Marina Circuit,61,24,DOO,ZHO,2,0
2024,Yas Marina Circuit,61,27,DOO,HUL,1,0
2024,Yas Marina Circuit,61,30,DOO,LAW,1,0
2024,Yas Marina Circuit,61,77,DOO,BOT,2,1
2024,Yas Marina Circuit,61,81,DOO,PIA,2,0
2024,Yas Marina Circuit,63,1,RUS,VER,2,0
2024,Yas Marina Circuit,63,10,RUS,GAS,4,1
2024,Yas Marina Circuit,63,44,RUS,HAM,1,0
2024,Yas Marina Circuit,63,55,RUS,SAI,1,0
2024,Yas Marina Circuit,63,81,RUS,PIA,1,0
2024,Yas Marina Circuit,77,11,BOT,PER,2,0
2024,Yas Marina Circuit,77,20,BOT,MAG,1,0
2024,Yas Marina Circuit,77,24,BOT,ZHO,1,1
2024,Yas Marina Circuit,77,30,BOT,LAW,1,0
2024,Yas Marina Circuit,77,61,BOT,DOO,1,0
2024,Yas Marina Circuit,81,1,PIA,VER,1,0
2024,Yas Marina Circuit,81,11,PIA,PER,1,0
2024,Yas Marina Circuit,81,18,PIA,STR,3,3
2024,Yas Marina Circuit,81,20,PIA,MAG,1,0
2024,Yas Marina Circuit,81,22,PIA,TSU,3,2
2024,Yas Marina Circuit,81,23,PIA,ALB,2,1
2024,Yas Marina Circuit,81,24,PIA,ZHO,2,0
2024,Yas Marina Circuit,81,30,PIA,LAW,1,0
2024,Yas Marina Circuit,81,43,PIA,COL,1,1
2024,Yas Marina Circuit,81,61,PIA,DOO,2,1
2024,Yas Marina Circuit,81,77,PIA,BOT,1,0
2024,Zandvoort,1,3,VER,RIC,1,0
2024,Zandvoort,1,4,VER,NOR,1,1
2024,Zandvoort,1,10,VER,GAS,1,0
2024,Zandvoort,1,11,VER,PER,1,0
2024,Zandvoort,1,14,VER,ALO,1,0
2024,Zandvoort,1,18,VER,STR,1,0
2024,Zandvoort,1,27,VER,HUL,1,0
2024,Zandvoort,1,55,VER,SAI,1,0
2024,Zandvoort,1,77,VER,BOT,1,0
2024,Zandvoort,1,81,VER,PIA,1,0
2024,Zandvoort,2,20,SAR,MAG,1,0
2024,Zandvoort,2,22,SAR,TSU,3,1
2024,Zandvoort,2,23,SAR,ALB,2,0
2024,Zandvoort,2,24,SAR,ZHO,2,1
2024,Zandvoort,2,27,SAR,HUL,1,0
2024,Zandvoort,2,31,SAR,OCO,1,0
2024,Zandvoort,2,77,SAR,BOT,3,0
2024,Zandvoort,3,1,RIC,VER,1,0
2024,Zandvoort,3,11,RIC,PER,1,0
2024,Zandvoort,3,16,RIC,LEC,1,0
2024,Zandvoort,3,18,RIC,STR,1,0
2024,Zandvoort,3,20,RIC,MAG,1,0
2024,Zandvoort,3,22,RIC,TSU,2,0
2024,Zandvoort,3,23,RIC,ALB,1,1
2024,Zandvoort,3,27,RIC,HUL,1,0
2024,Zandvoort,3,31,RIC,OCO,1,0
2024,Zandvoort,3,44,RIC,HAM,2,0
2024,Zandvoort,3,55,RIC,SAI,1,0
2024,Zandvoort,3,63,RIC,RUS,1,0
2024,Zandvoort,3,77,RIC,BOT,3,2
2024,Zandvoort,3,81,RIC,PIA,1,0
2024,Zandvoort,4,1,NOR,VER,1,1
2024,Zandvoort,4,11,NOR,PER,1,0
2024,Zandvoort,4,55,NOR,SAI,1,0
2024,Zandvoort,4,81,NOR,PIA,1,0
2024,Zandvoort,10,1,GAS,VER,1,0
2024,Zandvoort,10,11,GAS,PER,2,0
2024,Zandvoort,10,14,GAS,ALO,2,2
2024,Zandvoort,10,16,GAS,LEC,2,0
2024,Zandvoort,10,18,GAS,STR,1,1
2024,Zandvoort,10,23,GAS,ALB,1,1
2024,Zandvoort,10,27,GAS,HUL,1,1
2024,Zandvoort,10,44,GAS,HAM,1,0
2024,Zandvoort,10,55,GAS,SAI,2,0
2024,Zandvoort,10,63,GAS,RUS,2,0
2024,Zandvoort,10,77,GAS,BOT,1,0
2024,Zandvoort,10,81,GAS,PIA,1,0
2024,Zandvoort,11,1,PER,VER,1,0
2024,Zandvoort,11,3,PER,RIC,1,0
2024,Zandvoort,11,4,PER,NOR,1,0
2024,Zandvoort,11,10,PER,GAS,2,0
2024,Zandvoort,11,14,PER,ALO,2,0
2024,Zandvoort,11,16,PER,LEC,1,0
2024,Zandvoort,11,18,PER,STR,1,0
2024,Zandvoort,11,24,PER,ZHO,1,0
2024,Zandvoort,11,27,PER,HUL,1,0
2024,Zandvoort,11,55,PER,SAI,1,0
2024,Zandvoort,11,63,PER,RUS,2,0
2024,Zandvoort,11,77,PER,BOT,1,0
2024,Zandvoort,14,1,ALO,VER,1,0
2024,Zandvoort,14,10,ALO,GAS,1,1
2024,Zandvoort,14,11,ALO,PER,2,0
2024,Zandvoort,14,16,ALO,LEC,2,0
2024,Zandvoort,14,20,ALO,MAG,1,1
2024,Zandvoort,14,22,ALO,TSU,1,0
2024,Zandvoort,14,23,ALO,ALB,1,1
2024,Zandvoort,14,27,ALO,HUL,1,1
2024,Zandvoort,14,44,ALO,HAM,3,0
2024,Zandvoort,14,55,ALO,SAI,2,0
2024,Zandvoort,14,63,ALO,RUS,2,0
2024,Zandvoort,14,77,ALO,BOT,2,0
2024,Zandvoort,14,81,ALO,PIA,1,0
2024,Zandvoort,16,3,LEC,RIC,1,0
2024,Zandvoort,16,10,LEC,GAS,2,1
2024,Zandvoort,16,11,LEC,PER,2,1
2024,Zandvoort,16,14,LEC,ALO,2,0
2024,Zandvoort,16,18,LEC,STR,1,0
2024,Zandvoort,16,27,LEC,HUL,1,0
2024,Zandvoort,16,55,LEC,SAI,1,0
2024,Zandvoort,16,63,LEC,RUS,1,0
2024,Zandvoort,16,77,LEC,BOT,1,0
2024,Zandvoort,16,81,LEC,PIA,1,0
2024,Zandvoort,18,1,STR,VER,1,0
2024,Zandvoort,18,11,STR,PER,1,0
2024,Zandvoort,18,16,STR,LEC,1,0
2024,Zandvoort,18,20,STR,MAG,1,1
2024,Zandvoort,18,22,STR,TSU,1,0
2024,Zandvoort,18,23,STR,ALB,1,1
2024,Zandvoort,18,44,STR,HAM,2,0
2024,Zandvoort,18,55,STR,SAI,1,0
2024,Zandvoort,18,63,STR,RUS,1,0
2024,Zandvoort,18,77,STR,BOT,2,1
2024,Zandvoort,18,81,STR,PIA,1,0
2024,Zandvoort,20,2,MAG,SAR,1,1
2024,Zandvoort,20,3,MAG,RIC,1,0
2024,Zandvoort,20,10,MAG,GAS,1,0
2024,Zandvoort,20,14,MAG,ALO,1,0
2024,Zandvoort,20,18,MAG,STR,1,0
2024,Zandvoort,20,22,MAG,TSU,1,0
2024,Zandvoort,20,23,MAG,ALB,2,0
2024,Zandvoort,20,24,MAG,ZHO,2,2
2024,Zandvoort,20,27,MAG,HUL,1,0
2024,Zandvoort,20,31,MAG,OCO,1,1
2024,Zandvoort,20,44,MAG,HAM,1,0
2024,Zandvoort,20,77,MAG,BOT,2,0
2024,Zandvoort,22,2,TSU,SAR,2,1
2024,Zandvoort,22,3,TSU,RIC,1,0
2024,Zandvoort,22,14,TSU,ALO,1,0
2024,Zandvoort,22,20,TSU,MAG,1,0
2024,Zandvoort,22,23,TSU,ALB,1,0
2024,Zandvoort,22,24,TSU,ZHO,2,0
2024,Zandvoort,22,27,TSU,HUL,1,1
2024,Zandvoort,22,31,TSU,OCO,1,0
2024,Zandvoort,22,44,TSU,HAM,1,0
2024,Zandvoort,22,77,TSU,BOT,3,0
2024,Zandvoort,23,2,ALB,SAR,3,1
2024,Zandvoort,23,3,ALB,RIC,1,0
2024,Zandvoort,23,14,ALB,ALO,1,0
2024,Zandvoort,23,20,ALB,MAG,2,2
2024,Zandvoort,23,22,ALB,TSU,2,1
2024,Zandvoort,23,24,ALB,ZHO,3,0
2024,Zandvoort,23,31,ALB,OCO,2,1
2024,Zandvoort,23,44,ALB,HAM,1,0
2024,Zandvoort,23,63,ALB,RUS,1,0
2024,Zandvoort,23,77,ALB,BOT,2,0
2024,Zandvoort,24,2,ZHO,SAR,1,0
2024,Zandvoort,24,11,ZHO,PER,1,0
2024,Zandvoort,24,20,ZHO,MAG,2,1
2024,Zandvoort,24,22,ZHO,TSU,2,0
2024,Zandvoort,24,23,ZHO,ALB,2,0
2024,Zandvoort,24,27,ZHO,HUL,1,0
2024,Zandvoort,24,31,ZHO,OCO,1,0
2024,Zandvoort,24,44,ZHO,HAM,1,0
2024,Zandvoort,24,63,ZHO,RUS,1,0
2024,Zandvoort,24,77,ZHO,BOT,1,0
2024,Zandvoort,27,1,HUL,VER,1,0
2024,Zandvoort,27,2,HUL,SAR,1,1
2024,Zandvoort,27,3,HUL,RIC,1,0
2024,Zandvoort,27,10,HUL,GAS,1,0
2024,Zandvoort,27,11,HUL,PER,1,0
2024,Zandvoort,27,14,HUL,ALO,1,0
2024,Zandvoort,27,16,HUL,LEC,1,0
2024,Zandvoort,27,18,HUL,STR,1,0
2024,Zandvoort,27,20,HUL,MAG,1,0
2024,Zandvoort,27,22,HUL,TSU,2,2
2024,Zandvoort,27,24,HUL,ZHO,1,0
2024,Zandvoort,27,31,HUL,OCO,1,1
2024,Zandvoort,27,44,HUL,HAM,2,0
2024,Zandvoort,27,55,HUL,SAI,1,0
2024,Zandvoort,27,63,HUL,RUS,1,0
2024,Zandvoort,27,77,HUL,BOT,2,0
2024,Zandvoort,27,81,HUL,PIA,1,0
2024,Zandvoort,31,2,OCO,SAR,1,1
2024,Zandvoort,31,3,OCO,RIC,1,0
2024,Zandvoort,31,20,OCO,MAG,1,0
2024,Zandvoort,31,22,OCO,TSU,2,0
2024,Zandvoort,31,23,OCO,ALB,1,0
2024,Zandvoort,31,24,OCO,ZHO,1,0
2024,Zandvoort,31,27,OCO,HUL,1,0
2024,Zandvoort,31,44,OCO,HAM,2,0
2024,Zandvoort,31,77,OCO,BOT,3,1
2024,Zandvoort,44,3,HAM,RIC,3,1
2024,Zandvoort,44,10,HAM,GAS,2,0
2024,Zandvoort,44,14,HAM,ALO,4,1
2024,Zandvoort,44,18,HAM,STR,3,1
2024,Zandvoort,44,22,HAM,TSU,2,1
2024,Zandvoort,44,23,HAM,ALB,1,0
2024,Zandvoort,44,24,HAM,ZHO,1,0
2024,Zandvoort,44,27,HAM,HUL,3,2
2024,Zandvoort,44,31,HAM,OCO,2,1
2024,Zandvoort,44,77,HAM,BOT,2,1
2024,Zandvoort,55,1,SAI,VER,1,0
2024,Zandvoort,55,3,SAI,RIC,1,0
2024,Zandvoort,55,4,SAI,NOR,1,0
2024,Zandvoort,55,10,SAI,GAS,3,1
2024,Zandvoort,55,11,SAI,PER,2,1
2024,Zandvoort,55,14,SAI,ALO,3,1
2024,Zandvoort,55,16,SAI,LEC,1,0
2024,Zandvoort,55,18,SAI,STR,2,1
2024,Zandvoort,55,27,SAI,HUL,1,0
2024,Zandvoort,55,63,SAI,RUS,2,0
2024,Zandvoort,55,77,SAI,BOT,1,0
2024,Zandvoort,63,3,RUS,RIC,1,0
2024,Zandvoort,63,10,RUS,GAS,2,1
2024,Zandvoort,63,11,RUS,PER,1,0
2024,Zandvoort,63,14,RUS,ALO,2,0
2024,Zandvoort,63,18,RUS,STR,1,0
2024,Zandvoort,63,23,RUS,ALB,1,0
2024,Zandvoort,63,24,RUS,ZHO,1,0
2024,Zandvoort,63,27,RUS,HUL,1,0
2024,Zandvoort,63,55,RUS,SAI,1,0
2024,Zandvoort,63,77,RUS,BOT,1,0
2024,Zandvoort,63,81,RUS,PIA,2,1
2024,Zandvoort,77,1,BOT,VER,1,0
2024,Zandvoort,77,2,BOT,SAR,2,0
2024,Zandvoort,77,3,BOT,RIC,3,1
2024,Zandvoort,77,10,BOT,GAS,1,0
2024,Zandvoort,77,11,BOT,PER,1,0
2024,Zandvoort,77,14,BOT,ALO,2,0
2024,Zandvoort,77,16,BOT,LEC,1,0
2024,Zandvoort,77,18,BOT,STR,2,0
2024,Zandvoort,77,20,BOT,MAG,2,0
2024,Zandvoort,77,22,BOT,TSU,3,0
2024,Zandvoort,77,23,BOT,ALB,1,0
2024,Zandvoort,77,24,BOT,ZHO,1,0
2024,Zandvoort,77,27,BOT,HUL,2,0
2024,Zandvoort,77,31,BOT,OCO,3,0
2024,Zandvoort,77,44,BOT,HAM,2,1
2024,Zandvoort,77,55,BOT,SAI,1,0
2024,Zandvoort,77,63,BOT,RUS,1,0
2024,Zandvoort,77,81,BOT,PIA,1,0
2024,Zandvoort,81,1,PIA,VER,1,0
2024,Zandvoort,81,3,PIA,RIC,1,0
2024,Zandvoort,81,4,PIA,NOR,1,0
2024,Zandvoort,81,10,PIA,GAS,1,0
2024,Zandvoort,81,14,PIA,ALO,1,0
2024,Zandvoort,81,18,PIA,STR,1,0
2024,Zandvoort,81,27,PIA,HUL,1,0
2024,Zandvoort,81,63,PIA,RUS,2,1
2024,Zandvoort,81,77,PIA,BOT,1,0
2025,Austin,4,16,NOR,LEC,2,2
2025,Austin,4,63,NOR,RUS,1,0
2025,Austin,5,4,BOR,NOR,1,0
2025,Austin,5,6,BOR,HAD,2,0
2025,Austin,5,10,BOR,GAS,2,1
2025,Austin,5,12,BOR,ANT,2,1
2025,Austin,5,18,BOR,STR,4,1
2025,Austin,5,27,BOR,HUL,1,0
2025,Austin,5,30,BOR,LAW,1,0
2025,Austin,5,31,BOR,OCO,3,1
2025,Austin,5,43,BOR,COL,4,2
2025,Austin,5,55,BOR,SAI,1,1
2025,Austin,5,87,BOR,BEA,1,0
2025,Austin,6,4,HAD,NOR,1,0
2025,Austin,6,5,HAD,BOR,2,0
2025,Austin,6,10,HAD,GAS,2,1
2025,Austin,6,12,HAD,ANT,1,1
2025,Austin,6,14,HAD,ALO,1,1
2025,Austin,6,18,HAD,STR,1,0
2025,Austin,6,23,HAD,ALB,5,4
2025,Austin,6,27,HAD,HUL,3,2
2025,Austin,6,31,HAD,OCO,2,0
2025,Austin,6,43,HAD,COL,2,0
2025,Austin,6,55,HAD,SAI,1,1
2025,Austin,6,81,HAD,PIA,1,1
2025,Austin,6,87,HAD,BEA,1,0
2025,Austin,10,4,GAS,NOR,1,0
2025,Austin,10,5,GAS,BOR,1,0
2025,Austin,10,6,GAS,HAD,2,0
2025,Austin,10,12,GAS,ANT,3,2
2025,Austin,10,14,GAS,ALO,1,0
2025,Austin,10,23,GAS,ALB,1,0
2025,Austin,10,27,GAS,HUL,1,0
2025,Austin,10,30,GAS,LAW,3,0
2025,Austin,10,31,GAS,OCO,1,0
2025,Austin,10,43,GAS,COL,1,0
2025,Austin,10,55,GAS,SAI,1,1
2025,Austin,10,81,GAS,PIA,1,0
2025,Austin,10,87,GAS,BEA,1,0
2025,Austin,12,4,ANT,NOR,1,0
2025,Austin,12,5,ANT,BOR,2,0
2025,Austin,12,6,ANT,HAD,1,1
2025,Austin,12,10,ANT,GAS,3,2
2025,Austin,12,14,ANT,ALO,2,0
2025,Austin,12,18,ANT,STR,1,0
2025,Austin,12,23,ANT,ALB,3,0
2025,Austin,12,27,ANT,HUL,1,0
2025,Austin,12,30,ANT,LAW,1,0
2025,Austin,12,31,ANT,OCO,2,2
2025,Austin,12,43,ANT,COL,2,1
2025,Austin,12,44,ANT,HAM,1,0
2025,Austin,12,55,ANT,SAI,1,1
2025,Austin,12,81,ANT,PIA,1,0
2025,Austin,12,87,ANT,BEA,2,1
2025,Austin,14,4,ALO,NOR,1,0
2025,Austin,14,5,ALO,BOR,1,1
2025,Austin,14,12,ALO,ANT,2,1
2025,Austin,14,22,ALO,TSU,1,0
2025,Austin,14,23,ALO,ALB,1,0
2025,Austin,14,27,ALO,HUL,1,0
2025,Austin,14,43,ALO,COL,1,0
2025,Austin,14,55,ALO,SAI,2,1
2025,Austin,14,81,ALO,PIA,1,0
2025,Austin,16,4,LEC,NOR,3,1
2025,Austin,16,22,LEC,TSU,1,0
2025,Austin,16,23,LEC,ALB,1,0
2025,Austin,16,27,LEC,HUL,2,1
2025,Austin,16,44,LEC,HAM,1,0
2025,Austin,16,63,LEC,RUS,1,0
2025,Austin,16,81,LEC,PIA,1,0
2025,Austin,16,87,LEC,BEA,1,1
2025,Austin,18,4,STR,NOR,1,0
2025,Austin,18,5,STR,BOR,5,3
2025,Austin,18,6,STR,HAD,1,0
2025,Austin,18,10,STR,GAS,1,1
2025,Austin,18,12,STR,ANT,2,1
2025,Austin,18,23,STR,ALB,3,1
2025,Austin,18,27,STR,HUL,1,0
2025,Austin,18,30,STR,LAW,1,0
2025,Austin,18,31,STR,OCO,4,3
2025,Austin,18,43,STR,COL,2,1
2025,Austin,18,55,STR,SAI,1,1
2025,Austin,18,81,STR,PIA,1,1
2025,Austin,22,4,TSU,NOR,1,0
2025,Austin,22,6,TSU,HAD,1,0
2025,Austin,22,10,TSU,GAS,1,0
2025,Austin,22,12,TSU,ANT,2,0
2025,Austin,22,14,TSU,ALO,2,0
2025,Austin,22,16,TSU,LEC,1,0
2025,Austin,22,18,TSU,STR,1,0
2025,Austin,22,23,TSU,ALB,1,0
2025,Austin,22,27,TSU,HUL,3,1
2025,Austin,22,30,TSU,LAW,3,0
2025,Austin,22,43,TSU,COL,1,0
2025,Austin,22,55,TSU,SAI,1,0
2025,Austin,22,87,TSU,BEA,2,1
2025,Austin,23,4,ALB,NOR,1,0
2025,Austin,23,5,ALB,BOR,1,0
2025,Austin,23,6,ALB,HAD,6,5
2025,Austin,23,10,ALB,GAS,2,1
2025,Austin,23,12,ALB,ANT,2,1
2025,Austin,23,14,ALB,ALO,1,0
2025,Austin,23,18,ALB,STR,2,1
2025,Austin,23,22,ALB,TSU,1,1
2025,Austin,23,27,ALB,HUL,1,0
2025,Austin,23,30,ALB,LAW,1,0
2025,Austin,23,31,ALB,OCO,2,1
2025,Austin,23,43,ALB,COL,2,2
2025,Austin,23,55,ALB,SAI,1,1
2025,Austin,27,4,HUL,NOR,1,1
2025,Austin,27,6,HUL,HAD,2,2
2025,Austin,27,12,HUL,ANT,1,1
2025,Austin,27,14,HUL,ALO,2,1
2025,Austin,27,16,HUL,LEC,1,0
2025,Austin,27,18,HUL,STR,1,1
2025,Austin,27,22,HUL,TSU,1,0
2025,Austin,27,31,HUL,OCO,1,1
2025,Austin,27,43,HUL,COL,1,1
2025,Austin,27,44,HUL,HAM,1,0
2025,Austin,27,55,HUL,SAI,1,1
2025,Austin,27,81,HUL,PIA,2,1
2025,Austin,27,87,HUL,BEA,4,2
2025,Austin,30,4,LAW,NOR,1,0
2025,Austin,30,5,LAW,BOR,1,1
2025,Austin,30,6,LAW,HAD,1,0
2025,Austin,30,10,LAW,GAS,4,2
2025,Austin,30,12,LAW,ANT,2,1
2025,Austin,30,14,LAW,ALO,1,0
2025,Austin,30,18,LAW,STR,2,0
2025,Austin,30,22,LAW,TSU,1,0
2025,Austin,30,23,LAW,ALB,1,0
2025,Austin,30,27,LAW,HUL,1,0
2025,Austin,30,43,LAW,COL,1,0
2025,Austin,30,55,LAW,SAI,1,1
2025,Austin,30,81,LAW,PIA,1,0
2025,Austin,31,4,OCO,NOR,1,0
2025,Austin,31,5,OCO,BOR,3,1
2025,Austin,31,6,OCO,HAD,2,0
2025,Austin,31,10,OCO,GAS,2,0
2025,Austin,31,12,OCO,ANT,2,1
2025,Austin,31,14,OCO,ALO,1,0
2025,Austin,31,18,OCO,STR,3,1
2025,Austin,31,23,OCO,ALB,1,0
2025,Austin,31,27,OCO,HUL,1,0
2025,Austin,31,43,OCO,COL,3,1
2025,Austin,31,55,OCO,SAI,1,1
2025,Austin,31,81,OCO,PIA,1,0
2025,Austin,43,4,COL,NOR,1,0
2025,Austin,43,5,COL,BOR,4,2
2025,Austin,43,6,COL,HAD,1,0
2025,Austin,43,10,COL,GAS,2,1
2025,Austin,43,12,COL,ANT,2,1
2025,Austin,43,14,COL,ALO,2,0
2025,Austin,43,18,COL,STR,1,0
2025,Austin,43,23,COL,ALB,1,1
2025,Austin,43,27,COL,HUL,1,0
2025,Austin,43,30,COL,LAW,1,0
2025,Austin,43,31,COL,OCO,2,2
2025,Austin,43,55,COL,SAI,1,1
2025,Austin,43,81,COL,PIA,1,1
2025,Austin,43,87,COL,BEA,1,0
2025,Austin,44,4,HAM,NOR,1,0
2025,Austin,44,12,HAM,ANT,1,0
2025,Austin,44,14,HAM,ALO,1,1
2025,Austin,44,16,HAM,LEC,2,1
2025,Austin,44,27,HAM,HUL,2,0
2025,Austin,44,55,HAM,SAI,1,0
2025,Austin,44,63,HAM,RUS,2,0
2025,Austin,44,81,HAM,PIA,2,1
2025,Austin,55,4,SAI,NOR,1,0
2025,Austin,55,12,SAI,ANT,1,0
2025,Austin,55,14,SAI,ALO,2,0
2025,Austin,55,27,SAI,HUL,1,0
2025,Austin,55,44,SAI,HAM,1,0
2025,Austin,55,81,SAI,PIA,1,0
2025,Austin,55,87,SAI,BEA,2,1
2025,Austin,63,4,RUS,NOR,2,0
2025,Austin,63,16,RUS,LEC,1,0
2025,Austin,63,27,RUS,HUL,1,0
2025,Austin,63,44,RUS,HAM,1,0
2025,Austin,63,81,RUS,PIA,2,0
2025,Austin,81,4,PIA,NOR,1,0
2025,Austin,81,14,PIA,ALO,1,0
2025,Austin,81,16,PIA,LEC,1,0
2025,Austin,81,27,PIA,HUL,1,0
2025,Austin,81,44,PIA,HAM,1,0
2025,Austin,81,63,PIA,RUS,2,0
2025,Austin,87,4,BEA,NOR,1,0
2025,Austin,87,6,BEA,HAD,1,0
2025,Austin,87,10,BEA,GAS,1,0
2025,Austin,87,12,BEA,ANT,2,2
2025,Austin,87,16,BEA,LEC,1,0
2025,Austin,87,18,BEA,STR,1,0
2025,Austin,87,22,BEA,TSU,1,0
2025,Austin,87,27,BEA,HUL,3,1
2025,Austin,87,55,BEA,SAI,2,2
2025,Baku,4,6,NOR,HAD,1,1
2025,Baku,4,12,NOR,ANT,1,0
2025,Baku,4,16,NOR,LEC,4,3
2025,Baku,4,30,NOR,LAW,1,0
2025,Baku,4,55,NOR,SAI,1,0
2025,Baku,5,10,BOR,GAS,1,1
2025,Baku,5,12,BOR,ANT,1,0
2025,Baku,5,14,BOR,ALO,1,1
2025,Baku,5,16,BOR,LEC,1,0
2025,Baku,5,18,BOR,STR,1,1
2025,Baku,5,23,BOR,ALB,1,0
2025,Baku,5,27,BOR,HUL,1,1
2025,Baku,5,30,BOR,LAW,1,0
2025,Baku,5,31,BOR,OCO,2,2
2025,Baku,5,81,BOR,PIA,1,0
2025,Baku,5,87,BOR,BEA,1,0
2025,Baku,6,4,HAD,NOR,1,1
2025,Baku,6,12,HAD,ANT,1,0
2025,Baku,6,16,HAD,LEC,1,0
2025,Baku,6,30,HAD,LAW,1,0
2025,Baku,6,44,HAD,HAM,1,1
2025,Baku,10,5,GAS,BOR,1,0
2025,Baku,10,14,GAS,ALO,1,0
2025,Baku,10,23,GAS,ALB,1,0
2025,Baku,10,27,GAS,HUL,1,1
2025,Baku,10,31,GAS,OCO,2,1
2025,Baku,10,43,GAS,COL,2,1
2025,Baku,10,81,GAS,PIA,2,0
2025,Baku,10,87,GAS,BEA,3,2
2025,Baku,12,4,ANT,NOR,1,0
2025,Baku,12,5,ANT,BOR,1,1
2025,Baku,12,6,ANT,HAD,1,0
2025,Baku,12,14,ANT,ALO,1,0
2025,Baku,12,16,ANT,LEC,1,0
2025,Baku,12,22,ANT,TSU,1,0
2025,Baku,12,30,ANT,LAW,1,0
2025,Baku,12,44,ANT,HAM,1,0
2025,Baku,12,63,ANT,RUS,1,1
2025,Baku,14,10,ALO,GAS,1,0
2025,Baku,14,12,ALO,ANT,1,0
2025,Baku,14,16,ALO,LEC,1,0
2025,Baku,14,18,ALO,STR,1,0
2025,Baku,14,27,ALO,HUL,1,0
2025,Baku,14,30,ALO,LAW,1,0
2025,Baku,14,44,ALO,HAM,1,1
2025,Baku,14,81,ALO,PIA,1,0
2025,Baku,14,87,ALO,BEA,1,0
2025,Baku,16,4,LEC,NOR,4,3
2025,Baku,16,5,LEC,BOR,1,0
2025,Baku,16,6,LEC,HAD,2,1
2025,Baku,16,12,LEC,ANT,1,0
2025,Baku,16,14,LEC,ALO,1,0
2025,Baku,16,44,LEC,HAM,1,0
2025,Baku,16,81,LEC,PIA,1,0
2025,Baku,18,5,STR,BOR,1,0
2025,Baku,18,14,STR,ALO,1,0
2025,Baku,18,43,STR,COL,2,1
2025,Baku,18,81,STR,PIA,1,0
2025,Baku,22,12,TSU,ANT,1,0
2025,Baku,22,30,TSU,LAW,1,0
2025,Baku,22,55,TSU,SAI,1,0
2025,Baku,22,63,TSU,RUS,2,2
2025,Baku,23,5,ALB,BOR,1,1
2025,Baku,23,10,ALB,GAS,2,2
2025,Baku,23,14,ALB,ALO,1,1
2025,Baku,23,18,ALB,STR,1,0
2025,Baku,23,27,ALB,HUL,2,2
2025,Baku,23,31,ALB,OCO,2,1
2025,Baku,23,43,ALB,COL,2,0
2025,Baku,23,81,ALB,PIA,2,0
2025,Baku,23,87,ALB,BEA,1,0
2025,Baku,27,5,HUL,BOR,1,0
2025,Baku,27,10,HUL,GAS,1,1
2025,Baku,27,14,HUL,ALO,1,0
2025,Baku,27,18,HUL,STR,1,0
2025,Baku,27,23,HUL,ALB,1,1
2025,Baku,27,31,HUL,OCO,1,0
2025,Baku,27,43,HUL,COL,1,0
2025,Baku,27,81,HUL,PIA,1,0
2025,Baku,27,87,HUL,BEA,1,1
2025,Baku,30,4,LAW,NOR,1,0
2025,Baku,30,5,LAW,BOR,1,0
2025,Baku,30,6,LAW,HAD,1,0
2025,Baku,30,14,LAW,ALO,1,0
2025,Baku,30,22,LAW,TSU,1,0
2025,Baku,30,44,LAW,HAM,1,0
2025,Baku,31,5,OCO,BOR,2,1
2025,Baku,31,10,OCO,GAS,3,2
2025,Baku,31,14,OCO,ALO,1,0
2025,Baku,31,18,OCO,STR,1,0
2025,Baku,31,23,OCO,ALB,2,0
2025,Baku,31,27,OCO,HUL,2,0
2025,Baku,31,43,OCO,COL,1,0
2025,Baku,31,81,OCO,PIA,1,0
2025,Baku,31,87,OCO,BEA,1,0
2025,Baku,43,10,COL,GAS,1,0
2025,Baku,43,18,COL,STR,2,2
2025,Baku,43,23,COL,ALB,1,0
2025,Baku,43,81,COL,PIA,1,0
2025,Baku,43,87,COL,BEA,1,1
2025,Baku,44,6,HAM,HAD,2,2
2025,Baku,44,12,HAM,ANT,1,0
2025,Baku,44,14,HAM,ALO,2,2
2025,Baku,44,16,HAM,LEC,2,1
2025,Baku,44,30,HAM,LAW,1,0
2025,Baku,44,55,HAM,SAI,1,0
2025,Baku,44,81,HAM,PIA,1,0
2025,Baku,55,4,SAI,NOR,1,0
2025,Baku,55,22,SAI,TSU,1,0
2025,Baku,55,44,SAI,HAM,1,0
2025,Baku,63,12,RUS,ANT,2,1
2025,Baku,63,22,RUS,TSU,2,2
2025,Baku,63,30,RUS,LAW,1,0
2025,Baku,63,55,RUS,SAI,1,0
2025,Baku,81,10,PIA,GAS,1,1
2025,Baku,81,23,PIA,ALB,1,1
2025,Baku,87,5,BEA,BOR,1,0
2025,Baku,87,10,BEA,GAS,3,2
2025,Baku,87,14,BEA,ALO,2,1
2025,Baku,87,18,BEA,STR,1,0
2025,Baku,87,23,BEA,ALB,1,0
2025,Baku,87,31,BEA,OCO,1,1
2025,Baku,87,43,BEA,COL,1,0
2025,Baku,87,81,BEA,PIA,1,0
2025,Catalunya,1,4,VER,NOR,2,1
2025,Catalunya,1,6,VER,HAD,1,1
2025,Catalunya,1,12,VER,ANT,1,1
2025,Catalunya,1,16,VER,LEC,3,2
2025,Catalunya,1,44,VER,HAM,1,0
2025,Catalunya,1,63,VER,RUS,2,2
2025,Catalunya,1,81,VER,PIA,1,0
2025,Catalunya,4,1,NOR,VER,2,1
2025,Catalunya,5,10,BOR,GAS,2,0
2025,Catalunya,5,12,BOR,ANT,1,0
2025,Catalunya,5,14,BOR,ALO,4,1
2025,Catalunya,5,22,BOR,TSU,2,0
2025,Catalunya,5,23,BOR,ALB,3,1
2025,Catalunya,5,27,BOR,HUL,2,0
2025,Catalunya,5,30,BOR,LAW,3,0
2025,Catalunya,5,31,BOR,OCO,2,1
2025,Catalunya,5,43,BOR,COL,1,1
2025,Catalunya,5,55,BOR,SAI,2,1
2025,Catalunya,5,87,BOR,BEA,2,0
2025,Catalunya,6,1,HAD,VER,1,0
2025,Catalunya,6,10,HAD,GAS,4,3
2025,Catalunya,6,12,HAD,ANT,1,0
2025,Catalunya,6,14,HAD,ALO,1,1
2025,Catalunya,6,16,HAD,LEC,1,0
2025,Catalunya,6,27,HAD,HUL,1,1
2025,Catalunya,6,31,HAD,OCO,1,0
2025,Catalunya,6,44,HAD,HAM,1,0
2025,Catalunya,6,87,HAD,BEA,1,0
2025,Catalunya,10,5,GAS,BOR,2,0
2025,Catalunya,10,6,GAS,HAD,2,1
2025,Catalunya,10,12,GAS,ANT,2,0
2025,Catalunya,10,14,GAS,ALO,2,0
2025,Catalunya,10,22,GAS,TSU,1,0
2025,Catalunya,10,30,GAS,LAW,1,0
2025,Catalunya,10,31,GAS,OCO,2,1
2025,Catalunya,10,43,GAS,COL,1,0
2025,Catalunya,10,55,GAS,SAI,1,0
2025,Catalunya,10,87,GAS,BEA,1,0
2025,Catalunya,12,1,ANT,VER,1,0
2025,Catalunya,12,10,ANT,GAS,1,1
2025,Catalunya,12,16,ANT,LEC,2,0
2025,Catalunya,12,44,ANT,HAM,3,0
2025,Catalunya,12,63,ANT,RUS,3,0
2025,Catalunya,14,5,ALO,BOR,4,1
2025,Catalunya,14,6,ALO,HAD,1,1
2025,Catalunya,14,10,ALO,GAS,2,0
2025,Catalunya,14,12,ALO,ANT,1,0
2025,Catalunya,14,22,ALO,TSU,2,0
2025,Catalunya,14,23,ALO,ALB,1,1
2025,Catalunya,14,27,ALO,HUL,3,1
2025,Catalunya,14,30,ALO,LAW,2,2
2025,Catalunya,14,31,ALO,OCO,3,1
2025,Catalunya,14,43,ALO,COL,1,1
2025,Catalunya,14,55,ALO,SAI,3,1
2025,Catalunya,14,87,ALO,BEA,2,1
2025,Catalunya,16,1,LEC,VER,4,2
2025,Catalunya,16,6,LEC,HAD,1,0
2025,Catalunya,16,12,LEC,ANT,3,2
2025,Catalunya,16,44,LEC,HAM,2,1
2025,Catalunya,16,63,LEC,RUS,3,1
2025,Catalunya,22,5,TSU,BOR,2,0
2025,Catalunya,22,10,TSU,GAS,1,0
2025,Catalunya,22,12,TSU,ANT,1,0
2025,Catalunya,22,14,TSU,ALO,2,0
2025,Catalunya,22,23,TSU,ALB,3,1
2025,Catalunya,22,30,TSU,LAW,1,0
2025,Catalunya,22,31,TSU,OCO,4,3
2025,Catalunya,22,43,TSU,COL,2,1
2025,Catalunya,22,55,TSU,SAI,3,0
2025,Catalunya,22,87,TSU,BEA,1,0
2025,Catalunya,23,5,ALB,BOR,2,0
2025,Catalunya,23,14,ALB,ALO,1,0
2025,Catalunya,23,22,ALB,TSU,2,1
2025,Catalunya,23,27,ALB,HUL,1,0
2025,Catalunya,23,30,ALB,LAW,2,0
2025,Catalunya,23,31,ALB,OCO,1,0
2025,Catalunya,23,43,ALB,COL,1,0
2025,Catalunya,23,55,ALB,SAI,1,0
2025,Catalunya,23,87,ALB,BEA,1,0
2025,Catalunya,27,5,HUL,BOR,3,1
2025,Catalunya,27,6,HUL,HAD,1,1
2025,Catalunya,27,10,HUL,GAS,1,1
2025,Catalunya,27,12,HUL,ANT,1,0
2025,Catalunya,27,14,HUL,ALO,4,1
2025,Catalunya,27,23,HUL,ALB,2,0
2025,Catalunya,27,30,HUL,LAW,3,1
2025,Catalunya,27,43,HUL,COL,1,0
2025,Catalunya,27,44,HUL,HAM,1,1
2025,Catalunya,27,55,HUL,SAI,1,0
2025,Catalunya,27,87,HUL,BEA,1,0
2025,Catalunya,30,5,LAW,BOR,3,1
2025,Catalunya,30,10,LAW,GAS,2,0
2025,Catalunya,30,12,LAW,ANT,1,0
2025,Catalunya,30,14,LAW,ALO,1,1
2025,Catalunya,30,22,LAW,TSU,1,0
2025,Catalunya,30,23,LAW,ALB,3,2
2025,Catalunya,30,27,LAW,HUL,2,1
2025,Catalunya,30,31,LAW,OCO,1,0
2025,Catalunya,30,44,LAW,HAM,1,0
2025,Catalunya,30,87,LAW,BEA,2,2
2025,Catalunya,31,5,OCO,BOR,2,0
2025,Catalunya,31,10,OCO,GAS,2,0
2025,Catalunya,31,12,OCO,ANT,1,0
2025,Catalunya,31,14,OCO,ALO,3,0
2025,Catalunya,31,22,OCO,TSU,3,0
2025,Catalunya,31,23,OCO,ALB,2,0
2025,Catalunya,31,27,OCO,HUL,1,0
2025,Catalunya,31,30,OCO,LAW,1,0
2025,Catalunya,31,43,OCO,COL,3,1
2025,Catalunya,31,55,OCO,SAI,3,0
2025,Catalunya,31,87,OCO,BEA,4,0
2025,Catalunya,43,5,COL,BOR,1,0
2025,Catalunya,43,10,COL,GAS,1,0
2025,Catalunya,43,12,COL,ANT,1,0
2025,Catalunya,43,14,COL,ALO,1,0
2025,Catalunya,43,22,COL,TSU,1,0
2025,Catalunya,43,23,COL,ALB,2,0
2025,Catalunya,43,31,COL,OCO,4,1
2025,Catalunya,43,55,COL,SAI,4,0
2025,Catalunya,43,87,COL,BEA,2,0
2025,Catalunya,44,1,HAM,VER,2,0
2025,Catalunya,44,6,HAM,HAD,1,0
2025,Catalunya,44,12,HAM,ANT,3,0
2025,Catalunya,44,16,HAM,LEC,1,0
2025,Catalunya,44,30,HAM,LAW,1,0
2025,Catalunya,44,63,HAM,RUS,2,0
2025,Catalunya,55,5,SAI,BOR,2,0
2025,Catalunya,55,10,SAI,GAS,1,0
2025,Catalunya,55,12,SAI,ANT,1,0
2025,Catalunya,55,14,SAI,ALO,3,0
2025,Catalunya,55,22,SAI,TSU,2,0
2025,Catalunya,55,23,SAI,ALB,2,0
2025,Catalunya,55,27,SAI,HUL,1,0
2025,Catalunya,55,31,SAI,OCO,4,1
2025,Catalunya,55,43,SAI,COL,4,1
2025,Catalunya,55,87,SAI,BEA,4,0
2025,Catalunya,63,1,RUS,VER,3,2
2025,Catalunya,63,12,RUS,ANT,3,2
2025,Catalunya,63,16,RUS,LEC,2,0
2025,Catalunya,63,44,RUS,HAM,2,0
2025,Catalunya,81,1,PIA,VER,1,0
2025,Catalunya,87,5,BEA,BOR,2,0
2025,Catalunya,87,6,BEA,HAD,1,0
2025,Catalunya,87,10,BEA,GAS,1,0
2025,Catalunya,87,12,BEA,ANT,1,0
2025,Catalunya,87,14,BEA,ALO,2,0
2025,Catalunya,87,22,BEA,TSU,1,0
2025,Catalunya,87,23,BEA,ALB,2,0
2025,Catalunya,87,30,BEA,LAW,1,0
2025,Catalunya,87,31,BEA,OCO,3,1
2025,Catalunya,87,43,BEA,COL,1,0
2025,Catalunya,87,55,BEA,SAI,3,0
2025,Hungaroring,1,6,VER,HAD,1,1
2025,Hungaroring,1,10,VER,GAS,1,1
2025,Hungaroring,1,12,VER,ANT,1,0
2025,Hungaroring,1,14,VER,ALO,1,0
2025,Hungaroring,1,18,VER,STR,2,1
2025,Hungaroring,1,22,VER,TSU,1,0
2025,Hungaroring,1,27,VER,HUL,1,1
2025,Hungaroring,1,30,VER,LAW,2,1
2025,Hungaroring,1,44,VER,HAM,1,1
2025,Hungaroring,1,87,VER,BEA,2,1
2025,Hungaroring,4,14,NOR,ALO,1,1
2025,Hungaroring,4,16,NOR,LEC,1,0
2025,Hungaroring,4,63,NOR,RUS,2,0
2025,Hungaroring,4,81,NOR,PIA,2,0
2025,Hungaroring,5,1,BOR,VER,1,0
2025,Hungaroring,5,14,BOR,ALO,1,0
2025,Hungaroring,5,18,BOR,STR,1,0
2025,Hungaroring,5,44,BOR,HAM,1,0
2025,Hungaroring,5,63,BOR,RUS,1,0
2025,Hungaroring,6,1,HAD,VER,1,0
2025,Hungaroring,6,22,HAD,TSU,1,0
2025,Hungaroring,6,23,HAD,ALB,1,0
2025,Hungaroring,6,27,HAD,HUL,1,0
2025,Hungaroring,6,31,HAD,OCO,2,2
2025,Hungaroring,6,43,HAD,COL,1,0
2025,Hungaroring,6,44,HAD,HAM,1,0
2025,Hungaroring,6,55,HAD,SAI,2,2
2025,Hungaroring,6,87,HAD,BEA,2,1
2025,Hungaroring,10,1,GAS,VER,1,0
2025,Hungaroring,10,12,GAS,ANT,1,0
2025,Hungaroring,10,22,GAS,TSU,1,0
2025,Hungaroring,10,23,GAS,ALB,2,0
2025,Hungaroring,10,27,GAS,HUL,2,0
2025,Hungaroring,10,31,GAS,OCO,1,0
2025,Hungaroring,10,43,GAS,COL,2,1
2025,Hungaroring,10,44,GAS,HAM,2,1
2025,Hungaroring,10,55,GAS,SAI,4,2
2025,Hungaroring,10,87,GAS,BEA,2,1
2025,Hungaroring,12,1,ANT,VER,1,0
2025,Hungaroring,12,6,ANT,HAD,1,0
2025,Hungaroring,12,10,ANT,GAS,1,0
2025,Hungaroring,12,23,ANT,ALB,1,0
2025,Hungaroring,12,27,ANT,HUL,1,0
2025,Hungaroring,12,31,ANT,OCO,1,1
2025,Hungaroring,12,43,ANT,COL,2,0
2025,Hungaroring,12,44,ANT,HAM,2,1
2025,Hungaroring,12,55,ANT,SAI,3,2
2025,Hungaroring,12,87,ANT,BEA,1,0
2025,Hungaroring,14,1,ALO,VER,1,0
2025,Hungaroring,14,4,ALO,NOR,1,0
2025,Hungaroring,14,5,ALO,BOR,1,0
2025,Hungaroring,14,30,ALO,LAW,1,0
2025,Hungaroring,14,63,ALO,RUS,1,0
2025,Hungaroring,14,81,ALO,PIA,1,0
2025,Hungaroring,16,4,LEC,NOR,1,0
2025,Hungaroring,16,14,LEC,ALO,1,1
2025,Hungaroring,16,63,LEC,RUS,1,0
2025,Hungaroring,16,81,LEC,PIA,1,0
2025,Hungaroring,18,1,STR,VER,2,0
2025,Hungaroring,18,27,STR,HUL,1,1
2025,Hungaroring,18,30,STR,LAW,2,1
2025,Hungaroring,18,44,STR,HAM,1,0
2025,Hungaroring,18,55,STR,SAI,1,1
2025,Hungaroring,22,1,TSU,VER,1,0
2025,Hungaroring,22,6,TSU,HAD,1,0
2025,Hungaroring,22,10,TSU,GAS,1,0
2025,Hungaroring,22,23,TSU,ALB,1,0
2025,Hungaroring,22,27,TSU,HUL,2,0
2025,Hungaroring,22,31,TSU,OCO,1,0
2025,Hungaroring,22,43,TSU,COL,2,0
2025,Hungaroring,22,55,TSU,SAI,2,0
2025,Hungaroring,22,87,TSU,BEA,2,1
2025,Hungaroring,23,6,ALB,HAD,1,0
2025,Hungaroring,23,10,ALB,GAS,3,1
2025,Hungaroring,23,12,ALB,ANT,1,0
2025,Hungaroring,23,22,ALB,TSU,1,0
2025,Hungaroring,23,27,ALB,HUL,4,1
2025,Hungaroring,23,31,ALB,OCO,4,2
2025,Hungaroring,23,43,ALB,COL,1,0
2025,Hungaroring,23,44,ALB,HAM,1,1
2025,Hungaroring,23,55,ALB,SAI,1,0
2025,Hungaroring,23,87,ALB,BEA,2,1
2025,Hungaroring,27,1,HUL,VER,1,0
2025,Hungaroring,27,6,HUL,HAD,1,0
2025,Hungaroring,27,10,HUL,GAS,3,1
2025,Hungaroring,27,12,HUL,ANT,1,0
2025,Hungaroring,27,18,HUL,STR,1,0
2025,Hungaroring,27,22,HUL,TSU,2,2
2025,Hungaroring,27,23,HUL,ALB,3,1
2025,Hungaroring,27,30,HUL,LAW,1,0
2025,Hungaroring,27,31,HUL,OCO,3,1
2025,Hungaroring,27,43,HUL,COL,2,0
2025,Hungaroring,27,44,HUL,HAM,1,1
2025,Hungaroring,27,55,HUL,SAI,4,2
2025,Hungaroring,27,87,HUL,BEA,2,1
2025,Hungaroring,30,1,LAW,VER,3,0
2025,Hungaroring,30,14,LAW,ALO,1,0
2025,Hungaroring,30,18,LAW,STR,2,0
2025,Hungaroring,30,27,LAW,HUL,1,0
2025,Hungaroring,30,44,LAW,HAM,1,0
2025,Hungaroring,30,55,LAW,SAI,1,1
2025,Hungaroring,31,6,OCO,HAD,2,1
2025,Hungaroring,31,10,OCO,GAS,2,0
2025,Hungaroring,31,12,OCO,ANT,1,0
2025,Hungaroring,31,22,OCO,TSU,1,0
2025,Hungaroring,31,23,OCO,ALB,3,2
2025,Hungaroring,31,27,OCO,HUL,1,0
2025,Hungaroring,31,44,OCO,HAM,1,0
2025,Hungaroring,31,55,OCO,SAI,1,0
2025,Hungaroring,31,87,OCO,BEA,1,0
2025,Hungaroring,43,6,COL,HAD,1,0
2025,Hungaroring,43,10,COL,GAS,2,0
2025,Hungaroring,43,12,COL,ANT,1,0
2025,Hungaroring,43,22,COL,TSU,1,0
2025,Hungaroring,43,27,COL,HUL,1,0
2025,Hungaroring,43,87,COL,BEA,2,1
2025,Hungaroring,44,1,HAM,VER,1,0
2025,Hungaroring,44,5,HAM,BOR,1,0
2025,Hungaroring,44,6,HAM,HAD,1,0
2025,Hungaroring,44,10,HAM,GAS,2,1
2025,Hungaroring,44,12,HAM,ANT,1,0
2025,Hungaroring,44,18,HAM,STR,1,0
2025,Hungaroring,44,23,HAM,ALB,1,0
2025,Hungaroring,44,27,HAM,HUL,1,0
2025,Hungaroring,44,30,HAM,LAW,1,0
2025,Hungaroring,44,31,HAM,OCO,1,1
2025,Hungaroring,44,55,HAM,SAI,3,1
2025,Hungaroring,44,87,HAM,BEA,2,1
2025,Hungaroring,55,6,SAI,HAD,2,0
2025,Hungaroring,55,10,SAI,GAS,4,3
2025,Hungaroring,55,12,SAI,ANT,3,2
2025,Hungaroring,55,18,SAI,STR,1,0
2025,Hungaroring,55,22,SAI,TSU,2,1
2025,Hungaroring,55,23,SAI,ALB,1,1
2025,Hungaroring,55,27,SAI,HUL,3,2
2025,Hungaroring,55,30,SAI,LAW,1,0
2025,Hungaroring,55,31,SAI,OCO,1,1
2025,Hungaroring,55,44,SAI,HAM,3,1
2025,Hungaroring,55,87,SAI,BEA,1,0
2025,Hungaroring,63,4,RUS,NOR,2,0
2025,Hungaroring,63,5,RUS,BOR,1,0
2025,Hungaroring,63,14,RUS,ALO,1,1
2025,Hungaroring,63,16,RUS,LEC,2,1
2025,Hungaroring,63,81,RUS,PIA,1,0
2025,Hungaroring,81,4,PIA,NOR,1,0
2025,Hungaroring,81,14,PIA,ALO,1,1
2025,Hungaroring,81,16,PIA,LEC,2,1
2025,Hungaroring,81,63,PIA,RUS,1,0
2025,Hungaroring,87,1,BEA,VER,2,0
2025,Hungaroring,87,6,BEA,HAD,2,0
2025,Hungaroring,87,10,BEA,GAS,1,0
2025,Hungaroring,87,22,BEA,TSU,1,0
2025,Hungaroring,87,23,BEA,ALB,1,0
2025,Hungaroring,87,27,BEA,HUL,1,0
2025,Hungaroring,87,43,BEA,COL,1,0
2025,Imola,1,63,VER,RUS,1,1
2025,Imola,1,81,VER,PIA,1,1
2025,Imola,4,6,NOR,HAD,1,0
2025,Imola,4,12,NOR,ANT,1,0
2025,Imola,4,14,NOR,ALO,1,1
2025,Imola,4,23,NOR,ALB,2,0
2025,Imola,4,44,NOR,HAM,1,0
2025,Imola,4,63,NOR,RUS,1,1
2025,Imola,4,81,NOR,PIA,3,1
2025,Imola,5,10,BOR,GAS,1,1
2025,Imola,5,12,BOR,ANT,1,1
2025,Imola,5,16,BOR,LEC,1,0
2025,Imola,5,27,BOR,HUL,1,0
2025,Imola,5,30,BOR,LAW,1,1
2025,Imola,5,31,BOR,OCO,1,1
2025,Imola,5,43,BOR,COL,2,0
2025,Imola,5,55,BOR,SAI,1,0
2025,Imola,5,63,BOR,RUS,1,0
2025,Imola,5,87,BOR,BEA,1,0
2025,Imola,6,4,HAD,NOR,1,0
2025,Imola,6,10,HAD,GAS,1,1
2025,Imola,6,12,HAD,ANT,1,0
2025,Imola,6,14,HAD,ALO,1,0
2025,Imola,6,16,HAD,LEC,1,0
2025,Imola,6,18,HAD,STR,1,0
2025,Imola,6,44,HAD,HAM,1,0
2025,Imola,6,55,HAD,SAI,1,0
2025,Imola,6,63,HAD,RUS,1,0
2025,Imola,6,81,HAD,PIA,1,0
2025,Imola,10,5,GAS,BOR,1,0
2025,Imola,10,6,GAS,HAD,2,1
2025,Imola,10,12,GAS,ANT,1,1
2025,Imola,10,14,GAS,ALO,1,0
2025,Imola,10,18,GAS,STR,2,0
2025,Imola,10,30,GAS,LAW,1,0
2025,Imola,10,31,GAS,OCO,1,1
2025,Imola,10,43,GAS,COL,2,1
2025,Imola,10,87,GAS,BEA,1,0
2025,Imola,12,4,ANT,NOR,1,0
2025,Imola,12,5,ANT,BOR,1,0
2025,Imola,12,6,ANT,HAD,1,0
2025,Imola,12,10,ANT,GAS,1,1
2025,Imola,12,14,ANT,ALO,1,0
2025,Imola,12,16,ANT,LEC,1,0
2025,Imola,12,18,ANT,STR,1,0
2025,Imola,12,44,ANT,HAM,1,0
2025,Imola,12,55,ANT,SAI,1,0
2025,Imola,12,63,ANT,RUS,1,0
2025,Imola,12,81,ANT,PIA,1,0
2025,Imola,14,4,ALO,NOR,1,1
2025,Imola,14,10,ALO,GAS,1,1
2025,Imola,14,12,ALO,ANT,1,1
2025,Imola,14,16,ALO,LEC,1,0
2025,Imola,14,18,ALO,STR,1,0
2025,Imola,14,22,ALO,TSU,1,0
2025,Imola,14,27,ALO,HUL,2,1
2025,Imola,14,30,ALO,LAW,1,1
2025,Imola,14,43,ALO,COL,1,0
2025,Imola,14,55,ALO,SAI,1,0
2025,Imola,14,63,ALO,RUS,2,0
2025,Imola,14,87,ALO,BEA,1,0
2025,Imola,16,5,LEC,BOR,1,0
2025,Imola,16,6,LEC,HAD,3,2
2025,Imola,16,10,LEC,GAS,1,1
2025,Imola,16,12,LEC,ANT,1,1
2025,Imola,16,14,LEC,ALO,2,1
2025,Imola,16,18,LEC,STR,2,1
2025,Imola,16,22,LEC,TSU,1,1
2025,Imola,16,23,LEC,ALB,2,1
2025,Imola,16,27,LEC,HUL,1,1
2025,Imola,16,43,LEC,COL,1,0
2025,Imola,16,44,LEC,HAM,2,0
2025,Imola,16,55,LEC,SAI,1,0
2025,Imola,16,63,LEC,RUS,1,0
2025,Imola,16,87,LEC,BEA,1,1
2025,Imola,18,10,STR,GAS,1,0
2025,Imola,18,12,STR,ANT,1,1
2025,Imola,18,14,STR,ALO,1,0
2025,Imola,18,22,STR,TSU,1,0
2025,Imola,18,23,STR,ALB,1,1
2025,Imola,18,27,STR,HUL,1,0
2025,Imola,18,43,STR,COL,1,0
2025,Imola,18,55,STR,SAI,2,0
2025,Imola,18,63,STR,RUS,2,0
2025,Imola,18,81,STR,PIA,1,0
2025,Imola,18,87,STR,BEA,1,0
2025,Imola,22,5,TSU,BOR,1,0
2025,Imola,22,10,TSU,GAS,1,0
2025,Imola,22,12,TSU,ANT,1,1
2025,Imola,22,14,TSU,ALO,2,1
2025,Imola,22,16,TSU,LEC,1,0
2025,Imola,22,18,TSU,STR,2,1
2025,Imola,22,27,TSU,HUL,1,1
2025,Imola,22,30,TSU,LAW,1,0
2025,Imola,22,31,TSU,OCO,1,0
2025,Imola,22,43,TSU,COL,1,0
2025,Imola,22,55,TSU,SAI,1,0
2025,Imola,22,63,TSU,RUS,1,0
2025,Imola,22,81,TSU,PIA,1,0
2025,Imola,22,87,TSU,BEA,1,0
2025,Imola,23,4,ALB,NOR,2,0
2025,Imola,23,14,ALB,ALO,1,0
2025,Imola,23,16,ALB,LEC,2,2
2025,Imola,23,18,ALB,STR,1,1
2025,Imola,23,55,ALB,SAI,1,0
2025,Imola,23,63,ALB,RUS,1,0
2025,Imola,23,81,ALB,PIA,2,0
2025,Imola,27,5,HUL,BOR,2,0
2025,Imola,27,10,HUL,GAS,1,0
2025,Imola,27,12,HUL,ANT,1,1
2025,Imola,27,14,HUL,ALO,2,1
2025,Imola,27,16,HUL,LEC,1,0
2025,Imola,27,18,HUL,STR,2,1
2025,Imola,27,30,HUL,LAW,3,0
2025,Imola,27,31,HUL,OCO,1,0
2025,Imola,27,43,HUL,COL,2,1
2025,Imola,27,55,HUL,SAI,1,0
2025,Imola,27,63,HUL,RUS,1,0
2025,Imola,27,81,HUL,PIA,1,0
2025,Imola,27,87,HUL,BEA,1,1
2025,Imola,30,5,LAW,BOR,2,1
2025,Imola,30,10,LAW,GAS,1,0
2025,Imola,30,12,LAW,ANT,1,1
2025,Imola,30,14,LAW,ALO,1,0
2025,Imola,30,18,LAW,STR,1,0
2025,Imola,30,27,LAW,HUL,2,0
2025,Imola,30,31,LAW,OCO,2,1
2025,Imola,30,43,LAW,COL,3,0
2025,Imola,30,87,LAW,BEA,1,0
2025,Imola,31,5,OCO,BOR,1,0
2025,Imola,31,10,OCO,GAS,1,0
2025,Imola,31,27,OCO,HUL,1,1
2025,Imola,31,30,OCO,LAW,2,0
2025,Imola,31,43,OCO,COL,3,0
2025,Imola,43,5,COL,BOR,3,0
2025,Imola,43,10,COL,GAS,2,0
2025,Imola,43,12,COL,ANT,1,1
2025,Imola,43,14,COL,ALO,1,0
2025,Imola,43,16,COL,LEC,1,0
2025,Imola,43,18,COL,STR,1,0
2025,Imola,43,27,COL,HUL,1,0
2025,Imola,43,30,COL,LAW,3,0
2025,Imola,43,31,COL,OCO,3,1
2025,Imola,43,55,COL,SAI,1,0
2025,Imola,43,63,COL,RUS,1,0
2025,Imola,43,81,COL,PIA,1,0
2025,Imola,43,87,COL,BEA,1,0
2025,Imola,44,4,HAM,NOR,1,0
2025,Imola,44,6,HAM,HAD,2,1
2025,Imola,44,10,HAM,GAS,1,1
2025,Imola,44,12,HAM,ANT,1,1
2025,Imola,44,14,HAM,ALO,1,0
2025,Imola,44,16,HAM,LEC,3,1
2025,Imola,44,18,HAM,STR,1,0
2025,Imola,44,23,HAM,ALB,1,1
2025,Imola,44,55,HAM,SAI,1,0
2025,Imola,44,63,HAM,RUS,2,1
2025,Imola,44,81,HAM,PIA,1,0
2025,Imola,55,5,SAI,BOR,1,0
2025,Imola,55,6,SAI,HAD,1,0
2025,Imola,55,12,SAI,ANT,1,1
2025,Imola,55,14,SAI,ALO,2,1
2025,Imola,55,18,SAI,STR,2,1
2025,Imola,55,22,SAI,TSU,1,1
2025,Imola,55,27,SAI,HUL,1,1
2025,Imola,55,43,SAI,COL,1,0
2025,Imola,55,87,SAI,BEA,1,0
2025,Imola,63,1,RUS,VER,1,1
2025,Imola,63,5,RUS,BOR,1,0
2025,Imola,63,6,RUS,HAD,1,0
2025,Imola,63,12,RUS,ANT,1,1
2025,Imola,63,14,RUS,ALO,1,1
2025,Imola,63,18,RUS,STR,2,1
2025,Imola,63,22,RUS,TSU,1,1
2025,Imola,63,27,RUS,HUL,1,1
2025,Imola,63,43,RUS,COL,1,0
2025,Imola,63,44,RUS,HAM,1,0
2025,Imola,63,87,RUS,BEA,1,0
2025,Imola,81,4,PIA,NOR,2,0
2025,Imola,81,6,PIA,HAD,1,1
2025,Imola,81,12,PIA,ANT,1,1
2025,Imola,81,18,PIA,STR,1,0
2025,Imola,81,22,PIA,TSU,1,1
2025,Imola,81,23,PIA,ALB,2,1
2025,Imola,81,27,PIA,HUL,1,1
2025,Imola,81,43,PIA,COL,1,1
2025,Imola,81,44,PIA,HAM,1,1
2025,Imola,81,87,PIA,BEA,1,1
2025,Imola,87,5,BEA,BOR,2,1
2025,Imola,87,10,BEA,GAS,1,0
2025,Imola,87,12,BEA,ANT,1,0
2025,Imola,87,14,BEA,ALO,1,0
2025,Imola,87,16,BEA,LEC,1,0
2025,Imola,87,18,BEA,STR,1,0
2025,Imola,87,27,BEA,HUL,1,1
2025,Imola,87,30,BEA,LAW,1,0
2025,Imola,87,31,BEA,OCO,1,0
2025,Imola,87,43,BEA,COL,1,0
2025,Imola,87,55,BEA,SAI,1,0
2025,Imola,87,63,BEA,RUS,1,0
2025,Imola,87,81,BEA,PIA,1,0
2025,Interlagos,1,4,VER,NOR,2,0
2025,Interlagos,1,5,VER,BOR,1,1
2025,Interlagos,1,6,VER,HAD,1,0
2025,Interlagos,1,10,VER,GAS,2,0
2025,Interlagos,1,12,VER,ANT,2,0
2025,Interlagos,1,14,VER,ALO,2,1
2025,Interlagos,1,16,VER,LEC,1,0
2025,Interlagos,1,18,VER,STR,1,0
2025,Interlagos,1,22,VER,TSU,2,1
2025,Interlagos,1,23,VER,ALB,1,1
2025,Interlagos,1,27,VER,HUL,1,1
2025,Interlagos,1,30,VER,LAW,2,1
2025,Interlagos,1,43,VER,COL,2,2
2025,Interlagos,1,44,VER,HAM,2,2
2025,Interlagos,1,55,VER,SAI,2,0
2025,Interlagos,1,63,VER,RUS,2,1
2025,Interlagos,1,81,VER,PIA,2,1
2025,Interlagos,1,87,VER,BEA,1,0
2025,Interlagos,4,1,NOR,VER,2,1
2025,Interlagos,4,63,NOR,RUS,1,0
2025,Interlagos,4,81,NOR,PIA,2,0
2025,Interlagos,5,23,BOR,ALB,2,0
2025,Interlagos,5,27,BOR,HUL,1,0
2025,Interlagos,5,43,BOR,COL,2,1
2025,Interlagos,5,44,BOR,HAM,1,1
2025,Interlagos,5,81,BOR,PIA,1,0
2025,Interlagos,5,87,BOR,BEA,1,1
2025,Interlagos,6,1,HAD,VER,1,0
2025,Interlagos,6,5,HAD,BOR,1,0
2025,Interlagos,6,10,HAD,GAS,2,2
2025,Interlagos,6,14,HAD,ALO,2,0
2025,Interlagos,6,16,HAD,LEC,1,0
2025,Interlagos,6,18,HAD,STR,2,1
2025,Interlagos,6,22,HAD,TSU,2,0
2025,Interlagos,6,23,HAD,ALB,3,0
2025,Interlagos,6,27,HAD,HUL,4,3
2025,Interlagos,6,30,HAD,LAW,2,1
2025,Interlagos,6,31,HAD,OCO,2,1
2025,Interlagos,6,43,HAD,COL,2,0
2025,Interlagos,6,55,HAD,SAI,1,0
2025,Interlagos,6,81,HAD,PIA,1,1
2025,Interlagos,10,1,GAS,VER,1,0
2025,Interlagos,10,6,GAS,HAD,4,2
2025,Interlagos,10,14,GAS,ALO,2,0
2025,Interlagos,10,16,GAS,LEC,1,0
2025,Interlagos,10,18,GAS,STR,3,1
2025,Interlagos,10,22,GAS,TSU,2,1
2025,Interlagos,10,23,GAS,ALB,4,1
2025,Interlagos,10,27,GAS,HUL,2,1
2025,Interlagos,10,30,GAS,LAW,1,0
2025,Interlagos,10,31,GAS,OCO,2,1
2025,Interlagos,10,43,GAS,COL,2,0
2025,Interlagos,10,44,GAS,HAM,1,0
2025,Interlagos,10,63,GAS,RUS,1,1
2025,Interlagos,10,81,GAS,PIA,2,1
2025,Interlagos,10,87,GAS,BEA,3,2
2025,Interlagos,12,1,ANT,VER,2,0
2025,Interlagos,12,14,ANT,ALO,1,1
2025,Interlagos,12,16,ANT,LEC,1,0
2025,Interlagos,12,18,ANT,STR,1,1
2025,Interlagos,12,22,ANT,TSU,1,0
2025,Interlagos,12,23,ANT,ALB,1,1
2025,Interlagos,12,27,ANT,HUL,1,1
2025,Interlagos,12,30,ANT,LAW,1,1
2025,Interlagos,12,43,ANT,COL,1,1
2025,Interlagos,12,63,ANT,RUS,1,0
2025,Interlagos,12,81,ANT,PIA,2,0
2025,Interlagos,14,6,ALO,HAD,1,0
2025,Interlagos,14,10,ALO,GAS,2,0
2025,Interlagos,14,12,ALO,ANT,1,0
2025,Interlagos,14,16,ALO,LEC,2,0
2025,Interlagos,14,18,ALO,STR,2,0
2025,Interlagos,14,22,ALO,TSU,1,0
2025,Interlagos,14,23,ALO,ALB,2,0
2025,Interlagos,14,27,ALO,HUL,4,2
2025,Interlagos,14,30,ALO,LAW,1,0
2025,Interlagos,14,43,ALO,COL,1,0
2025,Interlagos,14,44,ALO,HAM,1,0
2025,Interlagos,14,55,ALO,SAI,2,0
2025,Interlagos,14,81,ALO,PIA,1,1
2025,Interlagos,14,87,ALO,BEA,2,0
2025,Interlagos,16,12,LEC,ANT,1,1
2025,Interlagos,16,14,LEC,ALO,2,0
2025,Interlagos,16,18,LEC,STR,1,1
2025,Interlagos,16,30,LEC,LAW,1,0
2025,Interlagos,16,31,LEC,OCO,1,0
2025,Interlagos,16,81,LEC,PIA,1,1
2025,Interlagos,18,1,STR,VER,1,0
2025,Interlagos,18,6,STR,HAD,2,0
2025,Interlagos,18,10,STR,GAS,2,0
2025,Interlagos,18,12,STR,ANT,1,0
2025,Interlagos,18,14,STR,ALO,2,0
2025,Interlagos,18,16,STR,LEC,1,0
2025,Interlagos,18,22,STR,TSU,3,0
2025,Interlagos,18,23,STR,ALB,1,0
2025,Interlagos,18,30,STR,LAW,1,0
2025,Interlagos,18,31,STR,OCO,2,0
2025,Interlagos,18,43,STR,COL,1,1
2025,Interlagos,18,44,STR,HAM,3,0
2025,Interlagos,18,55,STR,SAI,2,0
2025,Interlagos,18,81,STR,PIA,1,1
2025,Interlagos,18,87,STR,BEA,1,0
2025,Interlagos,22,1,TSU,VER,1,0
2025,Interlagos,22,5,TSU,BOR,1,0
2025,Interlagos,22,6,TSU,HAD,2,0
2025,Interlagos,22,10,TSU,GAS,2,0
2025,Interlagos,22,12,TSU,ANT,1,0
2025,Interlagos,22,14,TSU,ALO,1,0
2025,Interlagos,22,16,TSU,LEC,1,0
2025,Interlagos,22,18,TSU,STR,3,1
2025,Interlagos,22,23,TSU,ALB,1,0
2025,Interlagos,22,27,TSU,HUL,1,0
2025,Interlagos,22,30,TSU,LAW,1,0
2025,Interlagos,22,31,TSU,OCO,1,1
2025,Interlagos,22,43,TSU,COL,4,1
2025,Interlagos,22,44,TSU,HAM,2,0
2025,Interlagos,22,55,TSU,SAI,2,0
2025,Interlagos,22,81,TSU,PIA,1,0
2025,Interlagos,23,1,ALB,VER,1,0
2025,Interlagos,23,5,ALB,BOR,2,0
2025,Interlagos,23,6,ALB,HAD,3,0
2025,Interlagos,23,10,ALB,GAS,3,1
2025,Interlagos,23,12,ALB,ANT,1,0
2025,Interlagos,23,14,ALB,ALO,3,2
2025,Interlagos,23,16,ALB,LEC,1,0
2025,Interlagos,23,18,ALB,STR,1,0
2025,Interlagos,23,27,ALB,HUL,2,2
2025,Interlagos,23,30,ALB,LAW,1,0
2025,Interlagos,23,31,ALB,OCO,2,1
2025,Interlagos,23,43,ALB,COL,2,2
2025,Interlagos,23,55,ALB,SAI,2,1
2025,Interlagos,23,63,ALB,RUS,1,0
2025,Interlagos,23,81,ALB,PIA,1,1
2025,Interlagos,23,87,ALB,BEA,2,0
2025,Interlagos,27,1,HUL,VER,1,0
2025,Interlagos,27,5,HUL,BOR,1,0
2025,Interlagos,27,6,HUL,HAD,3,1
2025,Interlagos,27,10,HUL,GAS,2,0
2025,Interlagos,27,12,HUL,ANT,1,0
2025,Interlagos,27,14,HUL,ALO,4,3
2025,Interlagos,27,16,HUL,LEC,1,0
2025,Interlagos,27,23,HUL,ALB,2,1
2025,Interlagos,27,30,HUL,LAW,1,0
2025,Interlagos,27,31,HUL,OCO,1,1
2025,Interlagos,27,43,HUL,COL,1,0
2025,Interlagos,27,55,HUL,SAI,2,0
2025,Interlagos,27,63,HUL,RUS,1,0
2025,Interlagos,27,81,HUL,PIA,1,0
2025,Interlagos,27,87,HUL,BEA,2,1
2025,Interlagos,30,1,LAW,VER,1,0
2025,Interlagos,30,5,LAW,BOR,2,0
2025,Interlagos,30,6,LAW,HAD,4,1
2025,Interlagos,30,10,LAW,GAS,2,0
2025,Interlagos,30,12,LAW,ANT,1,0
2025,Interlagos,30,14,LAW,ALO,2,0
2025,Interlagos,30,16,LAW,LEC,2,0
2025,Interlagos,30,18,LAW,STR,2,0
2025,Interlagos,30,22,LAW,TSU,2,0
2025,Interlagos,30,23,LAW,ALB,3,0
2025,Interlagos,30,27,LAW,HUL,3,0
2025,Interlagos,30,31,LAW,OCO,2,1
2025,Interlagos,30,43,LAW,COL,3,0
2025,Interlagos,30,44,LAW,HAM,1,0
2025,Interlagos,30,55,LAW,SAI,1,0
2025,Interlagos,30,63,LAW,RUS,2,1
2025,Interlagos,30,81,LAW,PIA,3,0
2025,Interlagos,30,87,LAW,BEA,4,2
2025,Interlagos,31,1,OCO,VER,1,0
2025,Interlagos,31,5,OCO,BOR,3,1
2025,Interlagos,31,6,OCO,HAD,2,0
2025,Interlagos,31,10,OCO,GAS,1,0
2025,Interlagos,31,14,OCO,ALO,1,0
2025,Interlagos,31,16,OCO,LEC,2,0
2025,Interlagos,31,18,OCO,STR,3,1
2025,Interlagos,31,22,OCO,TSU,2,0
2025,Interlagos,31,23,OCO,ALB,3,0
2025,Interlagos,31,27,OCO,HUL,2,0
2025,Interlagos,31,30,OCO,LAW,2,0
2025,Interlagos,31,43,OCO,COL,2,0
2025,Interlagos,31,44,OCO,HAM,3,0
2025,Interlagos,31,55,OCO,SAI,4,1
2025,Interlagos,31,81,OCO,PIA,1,0
2025,Interlagos,31,87,OCO,BEA,3,1
2025,Interlagos,43,1,COL,VER,1,0
2025,Interlagos,43,5,COL,BOR,2,2
2025,Interlagos,43,6,COL,HAD,2,0
2025,Interlagos,43,10,COL,GAS,2,0
2025,Interlagos,43,12,COL,ANT,1,0
2025,Interlagos,43,14,COL,ALO,1,0
2025,Interlagos,43,16,COL,LEC,1,0
2025,Interlagos,43,18,COL,STR,2,1
2025,Interlagos,43,22,COL,TSU,3,0
2025,Interlagos,43,23,COL,ALB,2,0
2025,Interlagos,43,27,COL,HUL,1,0
2025,Interlagos,43,30,COL,LAW,1,0
2025,Interlagos,43,44,COL,HAM,3,2
2025,Interlagos,43,55,COL,SAI,2,0
2025,Interlagos,43,87,COL,BEA,2,1
2025,Interlagos,44,1,HAM,VER,1,0
2025,Interlagos,44,5,HAM,BOR,1,1
2025,Interlagos,44,6,HAM,HAD,1,0
2025,Interlagos,44,10,HAM,GAS,1,0
2025,Interlagos,44,14,HAM,ALO,1,0
2025,Interlagos,44,16,HAM,LEC,1,0
2025,Interlagos,44,18,HAM,STR,3,1
2025,Interlagos,44,22,HAM,TSU,1,0
2025,Interlagos,44,27,HAM,HUL,1,0
2025,Interlagos,44,31,HAM,OCO,1,0
2025,Interlagos,44,43,HAM,COL,2,1
2025,Interlagos,44,55,HAM,SAI,1,0
2025,Interlagos,44,81,HAM,PIA,1,1
2025,Interlagos,55,1,SAI,VER,1,0
2025,Interlagos,55,5,SAI,BOR,1,0
2025,Interlagos,55,6,SAI,HAD,1,0
2025,Interlagos,55,14,SAI,ALO,3,1
2025,Interlagos,55,16,SAI,LEC,1,0
2025,Interlagos,55,18,SAI,STR,3,0
2025,Interlagos,55,22,SAI,TSU,2,1
2025,Interlagos,55,23,SAI,ALB,3,0
2025,Interlagos,55,27,SAI,HUL,3,1
2025,Interlagos,55,31,SAI,OCO,2,1
2025,Interlagos,55,43,SAI,COL,2,0
2025,Interlagos,55,44,SAI,HAM,2,1
2025,Interlagos,55,81,SAI,PIA,1,0
2025,Interlagos,63,1,RUS,VER,1,0
2025,Interlagos,63,4,RUS,NOR,1,0
2025,Interlagos,63,6,RUS,HAD,1,1
2025,Interlagos,63,10,RUS,GAS,1,1
2025,Interlagos,63,12,RUS,ANT,2,0
2025,Interlagos,63,16,RUS,LEC,1,0
2025,Interlagos,63,23,RUS,ALB,1,0
2025,Interlagos,63,27,RUS,HUL,1,0
2025,Interlagos,63,30,RUS,LAW,2,2
2025,Interlagos,63,81,RUS,PIA,3,1
2025,Interlagos,63,87,RUS,BEA,1,1
2025,Interlagos,81,4,PIA,NOR,2,0
2025,Interlagos,81,10,PIA,GAS,1,0
2025,Interlagos,81,12,PIA,ANT,2,1
2025,Interlagos,81,16,PIA,LEC,1,1
2025,Interlagos,81,30,PIA,LAW,1,1
2025,Interlagos,81,63,PIA,RUS,1,0
2025,Interlagos,81,87,PIA,BEA,2,1
2025,Interlagos,87,1,BEA,VER,1,0
2025,Interlagos,87,5,BEA,BOR,2,1
2025,Interlagos,87,6,BEA,HAD,1,0
2025,Interlagos,87,10,BEA,GAS,2,2
2025,Interlagos,87,14,BEA,ALO,3,2
2025,Interlagos,87,16,BEA,LEC,1,0
2025,Interlagos,87,18,BEA,STR,1,1
2025,Interlagos,87,22,BEA,TSU,1,0
2025,Interlagos,87,23,BEA,ALB,3,1
2025,Interlagos,87,27,BEA,HUL,4,2
2025,Interlagos,87,30,BEA,LAW,4,3
2025,Interlagos,87,31,BEA,OCO,1,0
2025,Interlagos,87,43,BEA,COL,2,1
2025,Interlagos,87,63,BEA,RUS,1,0
2025,Interlagos,87,81,BEA,PIA,3,0
2025,Jeddah,1,4,VER,NOR,1,0
2025,Jeddah,1,16,VER,LEC,1,0
2025,Jeddah,1,44,VER,HAM,1,0
2025,Jeddah,1,81,VER,PIA,1,1
2025,Jeddah,4,1,NOR,VER,1,0
2025,Jeddah,4,10,NOR,GAS,1,1
2025,Jeddah,4,12,NOR,ANT,1,1
2025,Jeddah,4,16,NOR,LEC,2,0
2025,Jeddah,4,22,NOR,TSU,1,1
2025,Jeddah,4,23,NOR,ALB,1,1
2025,Jeddah,4,44,NOR,HAM,3,3
2025,Jeddah,4,55,NOR,SAI,1,1
2025,Jeddah,4,63,NOR,RUS,2,1
2025,Jeddah,4,81,NOR,PIA,1,0
2025,Jeddah,5,7,BOR,DOO,1,0
2025,Jeddah,5,10,BOR,GAS,1,0
2025,Jeddah,5,14,BOR,ALO,2,1
2025,Jeddah,5,18,BOR,STR,1,0
2025,Jeddah,5,22,BOR,TSU,1,0
2025,Jeddah,5,23,BOR,ALB,1,0
2025,Jeddah,5,27,BOR,HUL,1,0
2025,Jeddah,5,30,BOR,LAW,1,0
2025,Jeddah,5,55,BOR,SAI,1,0
2025,Jeddah,5,87,BOR,BEA,1,0
2025,Jeddah,6,10,HAD,GAS,1,0
2025,Jeddah,6,12,HAD,ANT,1,0
2025,Jeddah,6,14,HAD,ALO,1,1
2025,Jeddah,6,22,HAD,TSU,1,0
2025,Jeddah,6,23,HAD,ALB,1,0
2025,Jeddah,6,30,HAD,LAW,1,0
2025,Jeddah,6,44,HAD,HAM,1,0
2025,Jeddah,6,55,HAD,SAI,1,0
2025,Jeddah,6,87,HAD,BEA,1,1
2025,Jeddah,7,5,DOO,BOR,1,0
2025,Jeddah,7,10,DOO,GAS,1,0
2025,Jeddah,7,14,DOO,ALO,1,0
2025,Jeddah,7,22,DOO,TSU,1,0
2025,Jeddah,7,23,DOO,ALB,1,0
2025,Jeddah,7,30,DOO,LAW,1,0
2025,Jeddah,7,55,DOO,SAI,1,0
2025,Jeddah,7,87,DOO,BEA,1,0
2025,Jeddah,10,22,GAS,TSU,1,1
2025,Jeddah,12,6,ANT,HAD,1,1
2025,Jeddah,12,16,ANT,LEC,1,1
2025,Jeddah,12,23,ANT,ALB,1,0
2025,Jeddah,12,30,ANT,LAW,1,0
2025,Jeddah,12,44,ANT,HAM,1,0
2025,Jeddah,12,55,ANT,SAI,1,0
2025,Jeddah,14,5,ALO,BOR,2,2
2025,Jeddah,14,7,ALO,DOO,1,1
2025,Jeddah,14,10,ALO,GAS,1,0
2025,Jeddah,14,18,ALO,STR,1,1
2025,Jeddah,14,22,ALO,TSU,1,0
2025,Jeddah,14,27,ALO,HUL,1,0
2025,Jeddah,14,30,ALO,LAW,2,0
2025,Jeddah,14,31,ALO,OCO,1,1
2025,Jeddah,16,1,LEC,VER,1,0
2025,Jeddah,16,4,LEC,NOR,2,0
2025,Jeddah,16,12,LEC,ANT,1,1
2025,Jeddah,16,63,LEC,RUS,2,1
2025,Jeddah,16,81,LEC,PIA,1,0
2025,Jeddah,18,5,STR,BOR,1,1
2025,Jeddah,18,10,STR,GAS,1,0
2025,Jeddah,18,14,STR,ALO,1,0
2025,Jeddah,18,22,STR,TSU,1,0
2025,Jeddah,18,23,STR,ALB,1,0
2025,Jeddah,18,30,STR,LAW,1,0
2025,Jeddah,18,55,STR,SAI,1,0
2025,Jeddah,18,87,STR,BEA,1,0
2025,Jeddah,22,10,TSU,GAS,1,0
2025,Jeddah,23,4,ALB,NOR,1,0
2025,Jeddah,23,5,ALB,BOR,1,1
2025,Jeddah,23,6,ALB,HAD,1,0
2025,Jeddah,23,7,ALB,DOO,1,1
2025,Jeddah,23,10,ALB,GAS,1,0
2025,Jeddah,23,12,ALB,ANT,1,0
2025,Jeddah,23,18,ALB,STR,1,1
2025,Jeddah,23,22,ALB,TSU,1,0
2025,Jeddah,23,27,ALB,HUL,1,1
2025,Jeddah,23,31,ALB,OCO,1,1
2025,Jeddah,23,55,ALB,SAI,1,0
2025,Jeddah,27,5,HUL,BOR,1,1
2025,Jeddah,27,7,HUL,DOO,1,0
2025,Jeddah,27,10,HUL,GAS,1,0
2025,Jeddah,27,14,HUL,ALO,1,0
2025,Jeddah,27,18,HUL,STR,1,0
2025,Jeddah,27,22,HUL,TSU,1,0
2025,Jeddah,27,23,HUL,ALB,1,0
2025,Jeddah,27,30,HUL,LAW,1,0
2025,Jeddah,27,55,HUL,SAI,1,0
2025,Jeddah,27,87,HUL,BEA,1,0
2025,Jeddah,30,5,LAW,BOR,1,1
2025,Jeddah,30,7,LAW,DOO,1,1
2025,Jeddah,30,10,LAW,GAS,1,0
2025,Jeddah,30,12,LAW,ANT,1,0
2025,Jeddah,30,14,LAW,ALO,1,1
2025,Jeddah,30,18,LAW,STR,1,1
2025,Jeddah,30,22,LAW,TSU,1,0
2025,Jeddah,30,27,LAW,HUL,1,0
2025,Jeddah,30,31,LAW,OCO,1,1
2025,Jeddah,31,7,OCO,DOO,1,1
2025,Jeddah,31,10,OCO,GAS,1,0
2025,Jeddah,31,14,OCO,ALO,1,0
2025,Jeddah,31,18,OCO,STR,1,0
2025,Jeddah,31,22,OCO,TSU,1,0
2025,Jeddah,31,23,OCO,ALB,1,0
2025,Jeddah,31,27,OCO,HUL,1,0
2025,Jeddah,31,30,OCO,LAW,1,0
2025,Jeddah,31,55,OCO,SAI,1,0
2025,Jeddah,31,87,OCO,BEA,1,0
2025,Jeddah,44,1,HAM,VER,1,0
2025,Jeddah,44,4,HAM,NOR,2,2
2025,Jeddah,44,6,HAM,HAD,1,0
2025,Jeddah,44,12,HAM,ANT,1,0
2025,Jeddah,44,55,HAM,SAI,1,1
2025,Jeddah,44,63,HAM,RUS,1,0
2025,Jeddah,44,81,HAM,PIA,1,1
2025,Jeddah,55,5,SAI,BOR,1,0
2025,Jeddah,55,6,SAI,HAD,1,0
2025,Jeddah,55,7,SAI,DOO,1,1
2025,Jeddah,55,12,SAI,ANT,1,0
2025,Jeddah,55,18,SAI,STR,1,1
2025,Jeddah,55,23,SAI,ALB,1,0
2025,Jeddah,55,27,SAI,HUL,1,1
2025,Jeddah,55,31,SAI,OCO,1,1
2025,Jeddah,55,63,SAI,RUS,1,0
2025,Jeddah,63,4,RUS,NOR,1,0
2025,Jeddah,63,16,RUS,LEC,1,0
2025,Jeddah,63,44,RUS,HAM,1,0
2025,Jeddah,63,55,RUS,SAI,1,0
2025,Jeddah,63,81,RUS,PIA,1,0
2025,Jeddah,81,1,PIA,VER,2,1
2025,Jeddah,81,4,PIA,NOR,1,0
2025,Jeddah,81,16,PIA,LEC,1,0
2025,Jeddah,81,44,PIA,HAM,2,2
2025,Jeddah,81,63,PIA,RUS,1,0
2025,Jeddah,87,5,BEA,BOR,1,1
2025,Jeddah,87,6,BEA,HAD,1,0
2025,Jeddah,87,7,BEA,DOO,1,1
2025,Jeddah,87,10,BEA,GAS,1,0
2025,Jeddah,87,18,BEA,STR,1,0
2025,Jeddah,87,22,BEA,TSU,1,0
2025,Jeddah,87,27,BEA,HUL,1,0
2025,Las Vegas,1,4,VER,NOR,1,1
2025,Las Vegas,4,16,NOR,LEC,1,0
2025,Las Vegas,4,63,NOR,RUS,2,1
2025,Las Vegas,5,10,BOR,GAS,1,1
2025,Las Vegas,5,18,BOR,STR,1,1
2025,Las Vegas,6,14,HAD,ALO,1,0
2025,Las Vegas,6,27,HAD,HUL,1,0
2025,Las Vegas,6,30,HAD,LAW,1,0
2025,Las Vegas,6,31,HAD,OCO,1,0
2025,Las Vegas,6,44,HAD,HAM,1,0
2025,Las Vegas,6,63,HAD,RUS,1,0
2025,Las Vegas,6,81,HAD,PIA,1,0
2025,Las Vegas,10,5,GAS,BOR,1,1
2025,Las Vegas,10,18,GAS,STR,1,1
2025,Las Vegas,10,22,GAS,TSU,2,0
2025,Las Vegas,10,23,GAS,ALB,1,0
2025,Las Vegas,10,30,GAS,LAW,1,0
2025,Las Vegas,10,43,GAS,COL,1,0
2025,Las Vegas,12,6,ANT,HAD,1,0
2025,Las Vegas,12,10,ANT,GAS,1,0
2025,Las Vegas,12,14,ANT,ALO,1,0
2025,Las Vegas,12,16,ANT,LEC,1,0
2025,Las Vegas,12,18,ANT,STR,1,0
2025,Las Vegas,12,23,ANT,ALB,2,1
2025,Las Vegas,12,27,ANT,HUL,1,0
2025,Las Vegas,12,30,ANT,LAW,1,0
2025,Las Vegas,12,31,ANT,OCO,1,1
2025,Las Vegas,12,43,ANT,COL,2,1
2025,Las Vegas,12,44,ANT,HAM,1,0
2025,Las Vegas,12,55,ANT,SAI,1,0
2025,Las Vegas,12,81,ANT,PIA,1,0
2025,Las Vegas,12,87,ANT,BEA,1,0
2025,Las Vegas,14,22,ALO,TSU,1,1
2025,Las Vegas,14,30,ALO,LAW,1,1
2025,Las Vegas,14,31,ALO,OCO,1,0
2025,Las Vegas,14,43,ALO,COL,2,2
2025,Las Vegas,14,87,ALO,BEA,1,0
2025,Las Vegas,16,6,LEC,HAD,1,1
2025,Las Vegas,16,14,LEC,ALO,1,1
2025,Las Vegas,16,27,LEC,HUL,1,0
2025,Las Vegas,16,30,LEC,LAW,1,1
2025,Las Vegas,16,31,LEC,OCO,1,0
2025,Las Vegas,16,44,LEC,HAM,1,0
2025,Las Vegas,16,55,LEC,SAI,2,1
2025,Las Vegas,16,63,LEC,RUS,1,0
2025,Las Vegas,16,81,LEC,PIA,1,1
2025,Las Vegas,16,87,LEC,BEA,1,1
2025,Las Vegas,18,10,STR,GAS,1,0
2025,Las Vegas,22,5,TSU,BOR,1,1
2025,Las Vegas,22,10,TSU,GAS,3,2
2025,Las Vegas,22,14,TSU,ALO,1,0
2025,Las Vegas,22,18,TSU,STR,1,1
2025,Las Vegas,22,23,TSU,ALB,1,0
2025,Las Vegas,22,30,TSU,LAW,2,0
2025,Las Vegas,22,43,TSU,COL,2,1
2025,Las Vegas,22,87,TSU,BEA,1,0
2025,Las Vegas,23,10,ALB,GAS,1,0
2025,Las Vegas,23,12,ALB,ANT,1,0
2025,Las Vegas,23,18,ALB,STR,1,0
2025,Las Vegas,23,30,ALB,LAW,2,1
2025,Las Vegas,23,31,ALB,OCO,1,0
2025,Las Vegas,23,43,ALB,COL,2,1
2025,Las Vegas,23,44,ALB,HAM,2,0
2025,Las Vegas,27,6,HUL,HAD,1,0
2025,Las Vegas,27,10,HUL,GAS,1,0
2025,Las Vegas,27,14,HUL,ALO,1,0
2025,Las Vegas,27,16,HUL,LEC,1,0
2025,Las Vegas,27,30,HUL,LAW,1,1
2025,Las Vegas,27,55,HUL,SAI,1,0
2025,Las Vegas,27,81,HUL,PIA,1,0
2025,Las Vegas,27,87,HUL,BEA,1,0
2025,Las Vegas,30,22,LAW,TSU,1,0
2025,Las Vegas,30,23,LAW,ALB,2,0
2025,Las Vegas,30,43,LAW,COL,2,1
2025,Las Vegas,30,81,LAW,PIA,1,0
2025,Las Vegas,31,6,OCO,HAD,1,0
2025,Las Vegas,31,10,OCO,GAS,1,0
2025,Las Vegas,31,14,OCO,ALO,2,1
2025,Las Vegas,31,16,OCO,LEC,1,0
2025,Las Vegas,31,18,OCO,STR,1,1
2025,Las Vegas,31,23,OCO,ALB,1,1
2025,Las Vegas,31,30,OCO,LAW,1,1
2025,Las Vegas,31,55,OCO,SAI,1,0
2025,Las Vegas,31,81,OCO,PIA,1,0
2025,Las Vegas,31,87,OCO,BEA,2,1
2025,Las Vegas,43,10,COL,GAS,1,0
2025,Las Vegas,43,12,COL,ANT,1,0
2025,Las Vegas,43,14,COL,ALO,2,1
2025,Las Vegas,43,18,COL,STR,1,0
2025,Las Vegas,43,22,COL,TSU,1,1
2025,Las Vegas,43,23,COL,ALB,2,0
2025,Las Vegas,43,30,COL,LAW,2,0
2025,Las Vegas,43,87,COL,BEA,1,0
2025,Las Vegas,44,5,HAM,BOR,1,0
2025,Las Vegas,44,6,HAM,HAD,1,0
2025,Las Vegas,44,10,HAM,GAS,1,0
2025,Las Vegas,44,12,HAM,ANT,1,0
2025,Las Vegas,44,14,HAM,ALO,1,0
2025,Las Vegas,44,16,HAM,LEC,1,0
2025,Las Vegas,44,18,HAM,STR,1,0
2025,Las Vegas,44,23,HAM,ALB,3,1
2025,Las Vegas,44,30,HAM,LAW,1,1
2025,Las Vegas,44,31,HAM,OCO,1,1
2025,Las Vegas,44,43,HAM,COL,1,0
2025,Las Vegas,44,55,HAM,SAI,1,0
2025,Las Vegas,44,81,HAM,PIA,1,0
2025,Las Vegas,44,87,HAM,BEA,1,0
2025,Las Vegas,55,16,SAI,LEC,1,1
2025,Las Vegas,55,27,SAI,HUL,1,0
2025,Las Vegas,55,31,SAI,OCO,1,0
2025,Las Vegas,55,44,SAI,HAM,1,0
2025,Las Vegas,55,63,SAI,RUS,1,0
2025,Las Vegas,63,6,RUS,HAD,1,0
2025,Las Vegas,63,16,RUS,LEC,1,0
2025,Las Vegas,63,55,RUS,SAI,2,1
2025,Las Vegas,63,81,RUS,PIA,1,0
2025,Las Vegas,81,6,PIA,HAD,1,1
2025,Las Vegas,81,12,PIA,ANT,1,0
2025,Las Vegas,81,16,PIA,LEC,1,0
2025,Las Vegas,81,27,PIA,HUL,1,0
2025,Las Vegas,81,30,PIA,LAW,1,1
2025,Las Vegas,81,31,PIA,OCO,1,0
2025,Las Vegas,81,44,PIA,HAM,1,0
2025,Las Vegas,81,55,PIA,SAI,1,0
2025,Las Vegas,81,63,PIA,RUS,1,0
2025,Las Vegas,87,10,BEA,GAS,1,0
2025,Las Vegas,87,14,BEA,ALO,1,1
2025,Las Vegas,87,16,BEA,LEC,1,0
2025,Las Vegas,87,18,BEA,STR,1,0
2025,Las Vegas,87,22,BEA,TSU,1,1
2025,Las Vegas,87,27,BEA,HUL,1,0
2025,Las Vegas,87,30,BEA,LAW,1,1
2025,Las Vegas,87,31,BEA,OCO,2,0
2025,Las Vegas,87,43,BEA,COL,1,1
2025,Lusail,1,4,VER,NOR,4,0
2025,Lusail,1,5,VER,BOR,1,0
2025,Lusail,1,6,VER,HAD,1,0
2025,Lusail,1,10,VER,GAS,1,0
2025,Lusail,1,12,VER,ANT,1,0
2025,Lusail,1,14,VER,ALO,3,0
2025,Lusail,1,16,VER,LEC,1,0
2025,Lusail,1,18,VER,STR,1,0
2025,Lusail,1,22,VER,TSU,2,1
2025,Lusail,1,23,VER,ALB,1,0
2025,Lusail,1,27,VER,HUL,1,0
2025,Lusail,1,30,VER,LAW,1,0
2025,Lusail,1,31,VER,OCO,2,0
2025,Lusail,1,44,VER,HAM,1,0
2025,Lusail,1,55,VER,SAI,1,0
2025,Lusail,1,63,VER,RUS,1,0
2025,Lusail,1,81,VER,PIA,3,0
2025,Lusail,1,87,VER,BEA,1,0
2025,Lusail,4,1,NOR,VER,2,0
2025,Lusail,4,5,NOR,BOR,2,0
2025,Lusail,4,6,NOR,HAD,2,0
2025,Lusail,4,10,NOR,GAS,1,0
2025,Lusail,4,12,NOR,ANT,4,1
2025,Lusail,4,14,NOR,ALO,1,0
2025,Lusail,4,16,NOR,LEC,2,0
2025,Lusail,4,18,NOR,STR,1,0
2025,Lusail,4,22,NOR,TSU,2,0
2025,Lusail,4,23,NOR,ALB,2,0
2025,Lusail,4,27,NOR,HUL,2,0
2025,Lusail,4,30,NOR,LAW,2,0
2025,Lusail,4,31,NOR,OCO,2,0
2025,Lusail,4,44,NOR,HAM,1,0
2025,Lusail,4,55,NOR,SAI,3,0
2025,Lusail,4,81,NOR,PIA,2,0
2025,Lusail,4,87,NOR,BEA,2,0
2025,Lusail,5,1,BOR,VER,1,0
2025,Lusail,5,4,BOR,NOR,2,0
2025,Lusail,5,6,BOR,HAD,1,1
2025,Lusail,5,10,BOR,GAS,1,0
2025,Lusail,5,14,BOR,ALO,1,0
2025,Lusail,5,16,BOR,LEC,1,1
2025,Lusail,5,18,BOR,STR,5,3
2025,Lusail,5,27,BOR,HUL,1,1
2025,Lusail,5,31,BOR,OCO,2,0
2025,Lusail,5,63,BOR,RUS,2,0
2025,Lusail,5,81,BOR,PIA,2,0
2025,Lusail,5,87,BOR,BEA,2,1
2025,Lusail,6,1,HAD,VER,1,0
2025,Lusail,6,4,HAD,NOR,2,0
2025,Lusail,6,12,HAD,ANT,1,0
2025,Lusail,6,14,HAD,ALO,3,1
2025,Lusail,6,16,HAD,LEC,1,1
2025,Lusail,6,23,HAD,ALB,1,0
2025,Lusail,6,31,HAD,OCO,2,0
2025,Lusail,6,55,HAD,SAI,1,0
2025,Lusail,6,63,HAD,RUS,4,1
2025,Lusail,6,81,HAD,PIA,2,0
2025,Lusail,10,1,GAS,VER,1,0
2025,Lusail,10,4,GAS,NOR,1,0
2025,Lusail,10,6,GAS,HAD,1,1
2025,Lusail,10,16,GAS,LEC,1,0
2025,Lusail,10,18,GAS,STR,3,0
2025,Lusail,10,27,GAS,HUL,2,1
2025,Lusail,10,31,GAS,OCO,1,0
2025,Lusail,10,63,GAS,RUS,1,0
2025,Lusail,10,81,GAS,PIA,1,0
2025,Lusail,10,87,GAS,BEA,1,0
2025,Lusail,12,1,ANT,VER,1,0
2025,Lusail,12,4,ANT,NOR,4,0
2025,Lusail,12,6,ANT,HAD,1,1
2025,Lusail,12,14,ANT,ALO,2,1
2025,Lusail,12,22,ANT,TSU,1,0
2025,Lusail,12,31,ANT,OCO,1,0
2025,Lusail,12,63,ANT,RUS,2,0
2025,Lusail,12,81,ANT,PIA,3,0
2025,Lusail,14,1,ALO,VER,2,0
2025,Lusail,14,4,ALO,NOR,1,0
2025,Lusail,14,5,ALO,BOR,1,0
2025,Lusail,14,6,ALO,HAD,3,1
2025,Lusail,14,12,ALO,ANT,1,0
2025,Lusail,14,16,ALO,LEC,1,0
2025,Lusail,14,23,ALO,ALB,1,0
2025,Lusail,14,27,ALO,HUL,1,0
2025,Lusail,14,30,ALO,LAW,1,0
2025,Lusail,14,31,ALO,OCO,3,0
2025,Lusail,14,55,ALO,SAI,1,0
2025,Lusail,14,63,ALO,RUS,2,1
2025,Lusail,14,81,ALO,PIA,1,0
2025,Lusail,14,87,ALO,BEA,1,0
2025,Lusail,16,1,LEC,VER,1,0
2025,Lusail,16,4,LEC,NOR,2,0
2025,Lusail,16,6,LEC,HAD,1,1
2025,Lusail,16,10,LEC,GAS,2,1
2025,Lusail,16,14,LEC,ALO,1,0
2025,Lusail,16,27,LEC,HUL,2,1
2025,Lusail,16,30,LEC,LAW,1,1
2025,Lusail,16,31,LEC,OCO,2,0
2025,Lusail,16,63,LEC,RUS,2,0
2025,Lusail,16,81,LEC,PIA,2,0
2025,Lusail,18,1,STR,VER,1,0
2025,Lusail,18,4,STR,NOR,1,0
2025,Lusail,18,5,STR,BOR,5,3
2025,Lusail,18,6,STR,HAD,1,1
2025,Lusail,18,10,STR,GAS,2,0
2025,Lusail,18,22,STR,TSU,1,0
2025,Lusail,18,23,STR,ALB,1,0
2025,Lusail,18,27,STR,HUL,1,1
2025,Lusail,18,31,STR,OCO,2,0
2025,Lusail,18,43,STR,COL,2,0
2025,Lusail,18,44,STR,HAM,1,0
2025,Lusail,18,63,STR,RUS,1,0
2025,Lusail,18,81,STR,PIA,1,0
2025,Lusail,18,87,STR,BEA,1,0
2025,Lusail,22,1,TSU,VER,1,0
2025,Lusail,22,4,TSU,NOR,2,0
2025,Lusail,22,6,TSU,HAD,1,1
2025,Lusail,22,10,TSU,GAS,1,1
2025,Lusail,22,14,TSU,ALO,1,0
2025,Lusail,22,18,TSU,STR,1,0
2025,Lusail,22,23,TSU,ALB,2,1
2025,Lusail,22,27,TSU,HUL,1,1
2025,Lusail,22,31,TSU,OCO,2,0
2025,Lusail,22,44,TSU,HAM,1,0
2025,Lusail,22,63,TSU,RUS,2,0
2025,Lusail,22,81,TSU,PIA,2,0
2025,Lusail,22,87,TSU,BEA,1,0
2025,Lusail,23,1,ALB,VER,1,0
2025,Lusail,23,4,ALB,NOR,2,0
2025,Lusail,23,6,ALB,HAD,1,1
2025,Lusail,23,10,ALB,GAS,1,1
2025,Lusail,23,14,ALB,ALO,1,0
2025,Lusail,23,16,ALB,LEC,1,1
2025,Lusail,23,18,ALB,STR,1,0
2025,Lusail,23,22,ALB,TSU,1,1
2025,Lusail,23,27,ALB,HUL,1,1
2025,Lusail,23,31,ALB,OCO,3,0
2025,Lusail,23,44,ALB,HAM,1,0
2025,Lusail,23,63,ALB,RUS,2,0
2025,Lusail,23,81,ALB,PIA,2,0
2025,Lusail,23,87,ALB,BEA,1,0
2025,Lusail,27,1,HUL,VER,1,0
2025,Lusail,27,4,HUL,NOR,2,0
2025,Lusail,27,10,HUL,GAS,2,1
2025,Lusail,27,14,HUL,ALO,1,0
2025,Lusail,27,16,HUL,LEC,2,2
2025,Lusail,27,63,HUL,RUS,2,0
2025,Lusail,27,81,HUL,PIA,2,0
2025,Lusail,30,1,LAW,VER,1,0
2025,Lusail,30,4,LAW,NOR,2,0
2025,Lusail,30,6,LAW,HAD,1,1
2025,Lusail,30,14,LAW,ALO,1,0
2025,Lusail,30,16,LAW,LEC,1,1
2025,Lusail,30,18,LAW,STR,1,0
2025,Lusail,30,27,LAW,HUL,2,2
2025,Lusail,30,31,LAW,OCO,3,1
2025,Lusail,30,44,LAW,HAM,1,1
2025,Lusail,30,63,LAW,RUS,2,0
2025,Lusail,30,81,LAW,PIA,2,0
2025,Lusail,30,87,LAW,BEA,2,1
2025,Lusail,31,1,OCO,VER,1,0
2025,Lusail,31,4,OCO,NOR,2,0
2025,Lusail,31,5,OCO,BOR,1,0
2025,Lusail,31,6,OCO,HAD,3,1
2025,Lusail,31,10,OCO,GAS,2,2
2025,Lusail,31,12,OCO,ANT,1,0
2025,Lusail,31,14,OCO,ALO,3,0
2025,Lusail,31,16,OCO,LEC,2,0
2025,Lusail,31,18,OCO,STR,2,0
2025,Lusail,31,22,OCO,TSU,2,1
2025,Lusail,31,23,OCO,ALB,3,1
2025,Lusail,31,27,OCO,HUL,2,1
2025,Lusail,31,30,OCO,LAW,2,0
2025,Lusail,31,43,OCO,COL,1,0
2025,Lusail,31,44,OCO,HAM,2,0
2025,Lusail,31,55,OCO,SAI,1,0
2025,Lusail,31,63,OCO,RUS,4,0
2025,Lusail,31,81,OCO,PIA,2,0
2025,Lusail,31,87,OCO,BEA,2,0
2025,Lusail,43,6,COL,HAD,1,1
2025,Lusail,43,10,COL,GAS,1,0
2025,Lusail,43,18,COL,STR,3,0
2025,Lusail,43,27,COL,HUL,1,1
2025,Lusail,43,31,COL,OCO,2,0
2025,Lusail,43,87,COL,BEA,1,0
2025,Lusail,44,1,HAM,VER,1,0
2025,Lusail,44,4,HAM,NOR,1,0
2025,Lusail,44,6,HAM,HAD,1,1
2025,Lusail,44,10,HAM,GAS,1,1
2025,Lusail,44,18,HAM,STR,2,0
2025,Lusail,44,22,HAM,TSU,1,1
2025,Lusail,44,23,HAM,ALB,2,1
2025,Lusail,44,27,HAM,HUL,1,1
2025,Lusail,44,30,HAM,LAW,1,1
2025,Lusail,44,31,HAM,OCO,3,0
2025,Lusail,44,63,HAM,RUS,1,0
2025,Lusail,44,81,HAM,PIA,1,0
2025,Lusail,44,87,HAM,BEA,1,0
2025,Lusail,55,1,SAI,VER,1,0
2025,Lusail,55,4,SAI,NOR,4,0
2025,Lusail,55,6,SAI,HAD,2,1
2025,Lusail,55,12,SAI,ANT,1,0
2025,Lusail,55,14,SAI,ALO,1,0
2025,Lusail,55,31,SAI,OCO,1,0
2025,Lusail,55,63,SAI,RUS,3,1
2025,Lusail,55,81,SAI,PIA,3,0
2025,Lusail,63,1,RUS,VER,1,0
2025,Lusail,63,5,RUS,BOR,2,0
2025,Lusail,63,6,RUS,HAD,4,2
2025,Lusail,63,10,RUS,GAS,1,0
2025,Lusail,63,12,RUS,ANT,1,0
2025,Lusail,63,14,RUS,ALO,2,1
2025,Lusail,63,16,RUS,LEC,2,0
2025,Lusail,63,18,RUS,STR,1,0
2025,Lusail,63,22,RUS,TSU,2,0
2025,Lusail,63,23,RUS,ALB,2,0
2025,Lusail,63,27,RUS,HUL,2,0
2025,Lusail,63,30,RUS,LAW,2,0
2025,Lusail,63,31,RUS,OCO,4,0
2025,Lusail,63,44,RUS,HAM,1,0
2025,Lusail,63,55,RUS,SAI,2,0
2025,Lusail,63,87,RUS,BEA,2,0
2025,Lusail,81,1,PIA,VER,2,0
2025,Lusail,81,4,PIA,NOR,2,0
2025,Lusail,81,5,PIA,BOR,2,0
2025,Lusail,81,6,PIA,HAD,2,0
2025,Lusail,81,10,PIA,GAS,1,0
2025,Lusail,81,12,PIA,ANT,3,1
2025,Lusail,81,14,PIA,ALO,1,0
2025,Lusail,81,16,PIA,LEC,2,0
2025,Lusail,81,18,PIA,STR,1,0
2025,Lusail,81,22,PIA,TSU,2,0
2025,Lusail,81,23,PIA,ALB,2,0
2025,Lusail,81,27,PIA,HUL,2,0
2025,Lusail,81,30,PIA,LAW,2,0
2025,Lusail,81,31,PIA,OCO,2,0
2025,Lusail,81,44,PIA,HAM,1,0
2025,Lusail,81,55,PIA,SAI,3,0
2025,Lusail,81,87,PIA,BEA,2,0
2025,Lusail,87,1,BEA,VER,1,0
2025,Lusail,87,4,BEA,NOR,2,0
2025,Lusail,87,14,BEA,ALO,1,0
2025,Lusail,87,16,BEA,LEC,1,1
2025,Lusail,87,27,BEA,HUL,1,1
2025,Lusail,87,30,BEA,LAW,2,1
2025,Lusail,87,31,BEA,OCO,1,0
2025,Lusail,87,63,BEA,RUS,2,0
2025,Lusail,87,81,BEA,PIA,2,0
2025,Melbourne,1,4,VER,NOR,2,0
2025,Melbourne,1,16,VER,LEC,1,0
2025,Melbourne,1,22,VER,TSU,2,0
2025,Melbourne,1,44,VER,HAM,1,0
2025,Melbourne,1,81,VER,PIA,2,2
2025,Melbourne,4,1,NOR,VER,2,0
2025,Melbourne,4,10,NOR,GAS,1,0
2025,Melbourne,4,16,NOR,LEC,1,1
2025,Melbourne,4,22,NOR,TSU,2,0
2025,Melbourne,4,30,NOR,LAW,1,0
2025,Melbourne,4,44,NOR,HAM,1,1
2025,Melbourne,4,63,NOR,RUS,1,0
2025,Melbourne,5,6,BOR,HAD,1,0
2025,Melbourne,5,7,BOR,DOO,1,1
2025,Melbourne,5,14,BOR,ALO,1,0
2025,Melbourne,5,27,BOR,HUL,1,1
2025,Melbourne,5,55,BOR,SAI,1,0
2025,Melbourne,5,81,BOR,PIA,1,0
2025,Melbourne,7,6,DOO,HAD,1,0
2025,Melbourne,7,18,DOO,STR,1,0
2025,Melbourne,7,31,DOO,OCO,1,1
2025,Melbourne,10,4,GAS,NOR,1,0
2025,Melbourne,10,16,GAS,LEC,2,0
2025,Melbourne,10,22,GAS,TSU,4,3
2025,Melbourne,10,23,GAS,ALB,1,0
2025,Melbourne,10,30,GAS,LAW,1,0
2025,Melbourne,10,44,GAS,HAM,1,0
2025,Melbourne,10,63,GAS,RUS,1,0
2025,Melbourne,12,5,ANT,BOR,1,0
2025,Melbourne,12,6,ANT,HAD,1,0
2025,Melbourne,12,7,ANT,DOO,1,0
2025,Melbourne,12,10,ANT,GAS,1,0
2025,Melbourne,12,14,ANT,ALO,1,0
2025,Melbourne,12,16,ANT,LEC,2,0
2025,Melbourne,12,18,ANT,STR,3,2
2025,Melbourne,12,22,ANT,TSU,1,0
2025,Melbourne,12,23,ANT,ALB,1,1
2025,Melbourne,12,27,ANT,HUL,2,2
2025,Melbourne,12,30,ANT,LAW,1,1
2025,Melbourne,12,44,ANT,HAM,1,0
2025,Melbourne,12,55,ANT,SAI,1,0
2025,Melbourne,14,6,ALO,HAD,1,0
2025,Melbourne,14,55,ALO,SAI,1,0
2025,Melbourne,16,1,LEC,VER,1,0
2025,Melbourne,16,4,LEC,NOR,1,0
2025,Melbourne,16,10,LEC,GAS,2,1
2025,Melbourne,16,12,LEC,ANT,1,0
2025,Melbourne,16,18,LEC,STR,1,0
2025,Melbourne,16,22,LEC,TSU,3,3
2025,Melbourne,16,23,LEC,ALB,2,0
2025,Melbourne,16,27,LEC,HUL,1,0
2025,Melbourne,16,44,LEC,HAM,1,1
2025,Melbourne,16,63,LEC,RUS,1,0
2025,Melbourne,16,81,LEC,PIA,1,1
2025,Melbourne,18,6,STR,HAD,1,0
2025,Melbourne,18,7,STR,DOO,1,0
2025,Melbourne,18,10,STR,GAS,1,0
2025,Melbourne,18,12,STR,ANT,2,0
2025,Melbourne,18,14,STR,ALO,1,0
2025,Melbourne,18,16,STR,LEC,2,0
2025,Melbourne,18,22,STR,TSU,1,0
2025,Melbourne,18,44,STR,HAM,1,0
2025,Melbourne,18,55,STR,SAI,1,0
2025,Melbourne,22,1,TSU,VER,2,0
2025,Melbourne,22,4,TSU,NOR,2,0
2025,Melbourne,22,10,TSU,GAS,3,2
2025,Melbourne,22,16,TSU,LEC,2,2
2025,Melbourne,22,63,TSU,RUS,1,0
2025,Melbourne,22,81,TSU,PIA,1,0
2025,Melbourne,23,10,ALB,GAS,1,0
2025,Melbourne,23,12,ALB,ANT,1,0
2025,Melbourne,23,16,ALB,LEC,2,0
2025,Melbourne,23,22,ALB,TSU,1,0
2025,Melbourne,23,30,ALB,LAW,1,1
2025,Melbourne,23,44,ALB,HAM,2,0
2025,Melbourne,27,5,HUL,BOR,2,2
2025,Melbourne,27,6,HUL,HAD,1,0
2025,Melbourne,27,7,HUL,DOO,1,0
2025,Melbourne,27,10,HUL,GAS,1,0
2025,Melbourne,27,12,HUL,ANT,2,1
2025,Melbourne,27,14,HUL,ALO,1,0
2025,Melbourne,27,16,HUL,LEC,2,0
2025,Melbourne,27,22,HUL,TSU,1,0
2025,Melbourne,27,30,HUL,LAW,1,1
2025,Melbourne,27,44,HUL,HAM,1,0
2025,Melbourne,27,55,HUL,SAI,1,0
2025,Melbourne,30,4,LAW,NOR,1,0
2025,Melbourne,30,5,LAW,BOR,1,1
2025,Melbourne,30,6,LAW,HAD,1,1
2025,Melbourne,30,7,LAW,DOO,1,1
2025,Melbourne,30,10,LAW,GAS,1,0
2025,Melbourne,30,12,LAW,ANT,1,0
2025,Melbourne,30,14,LAW,ALO,1,0
2025,Melbourne,30,18,LAW,STR,1,0
2025,Melbourne,30,23,LAW,ALB,1,0
2025,Melbourne,30,27,LAW,HUL,1,0
2025,Melbourne,30,31,LAW,OCO,2,1
2025,Melbourne,30,55,LAW,SAI,1,0
2025,Melbourne,30,63,LAW,RUS,1,0
2025,Melbourne,30,81,LAW,PIA,1,1
2025,Melbourne,30,87,LAW,BEA,1,0
2025,Melbourne,31,5,OCO,BOR,1,0
2025,Melbourne,31,6,OCO,HAD,1,1
2025,Melbourne,31,7,OCO,DOO,2,2
2025,Melbourne,31,14,OCO,ALO,1,0
2025,Melbourne,31,30,OCO,LAW,3,1
2025,Melbourne,31,55,OCO,SAI,1,0
2025,Melbourne,31,81,OCO,PIA,2,1
2025,Melbourne,44,1,HAM,VER,1,0
2025,Melbourne,44,4,HAM,NOR,1,0
2025,Melbourne,44,10,HAM,GAS,1,1
2025,Melbourne,44,16,HAM,LEC,1,1
2025,Melbourne,44,22,HAM,TSU,1,1
2025,Melbourne,44,23,HAM,ALB,2,0
2025,Melbourne,44,63,HAM,RUS,1,0
2025,Melbourne,63,4,RUS,NOR,1,0
2025,Melbourne,63,10,RUS,GAS,1,0
2025,Melbourne,63,16,RUS,LEC,1,0
2025,Melbourne,63,22,RUS,TSU,1,1
2025,Melbourne,63,30,RUS,LAW,1,1
2025,Melbourne,63,44,RUS,HAM,1,0
2025,Melbourne,63,81,RUS,PIA,1,0
2025,Melbourne,81,1,PIA,VER,1,1
2025,Melbourne,81,5,PIA,BOR,1,0
2025,Melbourne,81,10,PIA,GAS,1,1
2025,Melbourne,81,22,PIA,TSU,1,1
2025,Melbourne,81,30,PIA,LAW,1,0
2025,Melbourne,81,31,PIA,OCO,2,2
2025,Melbourne,81,44,PIA,HAM,1,1
2025,Melbourne,87,5,BEA,BOR,1,0
2025,Melbourne,87,6,BEA,HAD,1,1
2025,Melbourne,87,7,BEA,DOO,1,1
2025,Melbourne,87,14,BEA,ALO,1,0
2025,Melbourne,87,30,BEA,LAW,2,0
2025,Melbourne,87,55,BEA,SAI,1,0
2025,Mexico City,1,5,VER,BOR,1,0
2025,Mexico City,1,6,VER,HAD,1,0
2025,Mexico City,1,10,VER,GAS,1,0
2025,Mexico City,1,12,VER,ANT,2,0
2025,Mexico City,1,14,VER,ALO,1,0
2025,Mexico City,1,16,VER,LEC,1,0
2025,Mexico City,1,22,VER,TSU,2,0
2025,Mexico City,1,27,VER,HUL,1,0
2025,Mexico City,1,31,VER,OCO,1,0
2025,Mexico City,1,44,VER,HAM,4,1
2025,Mexico City,1,63,VER,RUS,4,1
2025,Mexico City,1,81,VER,PIA,3,0
2025,Mexico City,1,87,VER,BEA,4,0
2025,Mexico City,4,16,NOR,LEC,1,1
2025,Mexico City,5,1,BOR,VER,1,0
2025,Mexico City,5,6,BOR,HAD,2,1
2025,Mexico City,5,12,BOR,ANT,3,1
2025,Mexico City,5,14,BOR,ALO,1,1
2025,Mexico City,5,18,BOR,STR,1,0
2025,Mexico City,5,22,BOR,TSU,1,0
2025,Mexico City,5,23,BOR,ALB,1,0
2025,Mexico City,5,27,BOR,HUL,1,1
2025,Mexico City,5,30,BOR,LAW,2,1
2025,Mexico City,5,31,BOR,OCO,1,0
2025,Mexico City,5,44,BOR,HAM,1,0
2025,Mexico City,5,55,BOR,SAI,3,1
2025,Mexico City,5,63,BOR,RUS,1,0
2025,Mexico City,5,81,BOR,PIA,1,0
2025,Mexico City,6,1,HAD,VER,1,0
2025,Mexico City,6,5,HAD,BOR,1,0
2025,Mexico City,6,12,HAD,ANT,2,0
2025,Mexico City,6,18,HAD,STR,1,0
2025,Mexico City,6,22,HAD,TSU,1,0
2025,Mexico City,6,23,HAD,ALB,1,0
2025,Mexico City,6,31,HAD,OCO,1,0
2025,Mexico City,6,44,HAD,HAM,2,1
2025,Mexico City,6,55,HAD,SAI,1,0
2025,Mexico City,6,63,HAD,RUS,1,0
2025,Mexico City,6,81,HAD,PIA,2,1
2025,Mexico City,6,87,HAD,BEA,2,1
2025,Mexico City,10,1,GAS,VER,1,0
2025,Mexico City,10,12,GAS,ANT,1,0
2025,Mexico City,10,14,GAS,ALO,3,1
2025,Mexico City,10,18,GAS,STR,1,0
2025,Mexico City,10,23,GAS,ALB,2,0
2025,Mexico City,10,27,GAS,HUL,4,3
2025,Mexico City,10,30,GAS,LAW,2,0
2025,Mexico City,10,43,GAS,COL,1,0
2025,Mexico City,10,55,GAS,SAI,3,1
2025,Mexico City,12,1,ANT,VER,2,1
2025,Mexico City,12,5,ANT,BOR,3,2
2025,Mexico City,12,6,ANT,HAD,2,1
2025,Mexico City,12,10,ANT,GAS,1,0
2025,Mexico City,12,14,ANT,ALO,1,0
2025,Mexico City,12,18,ANT,STR,2,1
2025,Mexico City,12,22,ANT,TSU,2,1
2025,Mexico City,12,23,ANT,ALB,1,0
2025,Mexico City,12,27,ANT,HUL,1,0
2025,Mexico City,12,31,ANT,OCO,3,1
2025,Mexico City,12,44,ANT,HAM,2,1
2025,Mexico City,12,63,ANT,RUS,3,2
2025,Mexico City,12,81,ANT,PIA,2,0
2025,Mexico City,12,87,ANT,BEA,2,1
2025,Mexico City,14,1,ALO,VER,1,0
2025,Mexico City,14,10,ALO,GAS,2,2
2025,Mexico City,14,12,ALO,ANT,1,0
2025,Mexico City,14,18,ALO,STR,1,0
2025,Mexico City,14,27,ALO,HUL,2,1
2025,Mexico City,14,43,ALO,COL,1,1
2025,Mexico City,14,55,ALO,SAI,2,0
2025,Mexico City,16,1,LEC,VER,1,0
2025,Mexico City,16,4,LEC,NOR,1,1
2025,Mexico City,16,44,LEC,HAM,1,1
2025,Mexico City,18,5,STR,BOR,1,0
2025,Mexico City,18,6,STR,HAD,1,0
2025,Mexico City,18,10,STR,GAS,2,2
2025,Mexico City,18,12,STR,ANT,2,0
2025,Mexico City,18,14,STR,ALO,2,2
2025,Mexico City,18,22,STR,TSU,1,0
2025,Mexico City,18,23,STR,ALB,4,2
2025,Mexico City,18,27,STR,HUL,2,2
2025,Mexico City,18,30,STR,LAW,2,0
2025,Mexico City,18,43,STR,COL,1,1
2025,Mexico City,18,44,STR,HAM,1,0
2025,Mexico City,18,55,STR,SAI,3,0
2025,Mexico City,18,63,STR,RUS,1,0
2025,Mexico City,18,81,STR,PIA,1,0
2025,Mexico City,22,1,TSU,VER,2,1
2025,Mexico City,22,6,TSU,HAD,2,2
2025,Mexico City,22,12,TSU,ANT,2,0
2025,Mexico City,22,18,TSU,STR,1,0
2025,Mexico City,22,23,TSU,ALB,1,0
2025,Mexico City,22,44,TSU,HAM,2,1
2025,Mexico City,22,55,TSU,SAI,1,0
2025,Mexico City,22,63,TSU,RUS,1,0
2025,Mexico City,22,81,TSU,PIA,3,1
2025,Mexico City,22,87,TSU,BEA,1,0
2025,Mexico City,23,5,ALB,BOR,1,0
2025,Mexico City,23,6,ALB,HAD,2,1
2025,Mexico City,23,10,ALB,GAS,2,2
2025,Mexico City,23,12,ALB,ANT,1,0
2025,Mexico City,23,14,ALB,ALO,1,0
2025,Mexico City,23,18,ALB,STR,4,1
2025,Mexico City,23,22,ALB,TSU,1,0
2025,Mexico City,23,27,ALB,HUL,1,1
2025,Mexico City,23,30,ALB,LAW,2,0
2025,Mexico City,23,31,ALB,OCO,2,1
2025,Mexico City,23,43,ALB,COL,1,0
2025,Mexico City,23,44,ALB,HAM,1,0
2025,Mexico City,23,55,ALB,SAI,4,0
2025,Mexico City,23,81,ALB,PIA,1,0
2025,Mexico City,27,1,HUL,VER,1,0
2025,Mexico City,27,10,HUL,GAS,3,3
2025,Mexico City,27,12,HUL,ANT,1,0
2025,Mexico City,27,14,HUL,ALO,1,0
2025,Mexico City,27,18,HUL,STR,1,1
2025,Mexico City,27,30,HUL,LAW,2,0
2025,Mexico City,27,55,HUL,SAI,2,0
2025,Mexico City,30,5,LAW,BOR,1,0
2025,Mexico City,30,10,LAW,GAS,1,0
2025,Mexico City,30,14,LAW,ALO,1,0
2025,Mexico City,30,18,LAW,STR,1,0
2025,Mexico City,30,23,LAW,ALB,1,0
2025,Mexico City,30,27,LAW,HUL,2,0
2025,Mexico City,30,31,LAW,OCO,1,0
2025,Mexico City,30,55,LAW,SAI,1,0
2025,Mexico City,30,81,LAW,PIA,1,0
2025,Mexico City,31,1,OCO,VER,1,0
2025,Mexico City,31,5,OCO,BOR,1,0
2025,Mexico City,31,6,OCO,HAD,1,0
2025,Mexico City,31,12,OCO,ANT,3,0
2025,Mexico City,31,22,OCO,TSU,1,0
2025,Mexico City,31,23,OCO,ALB,2,2
2025,Mexico City,31,30,OCO,LAW,1,1
2025,Mexico City,31,44,OCO,HAM,3,1
2025,Mexico City,31,55,OCO,SAI,2,1
2025,Mexico City,31,63,OCO,RUS,1,0
2025,Mexico City,31,81,OCO,PIA,1,0
2025,Mexico City,31,87,OCO,BEA,1,0
2025,Mexico City,43,10,COL,GAS,1,0
2025,Mexico City,43,14,COL,ALO,2,1
2025,Mexico City,43,18,COL,STR,1,0
2025,Mexico City,43,23,COL,ALB,1,0
2025,Mexico City,43,27,COL,HUL,1,1
2025,Mexico City,43,30,COL,LAW,1,0
2025,Mexico City,43,55,COL,SAI,2,1
2025,Mexico City,44,1,HAM,VER,3,1
2025,Mexico City,44,5,HAM,BOR,1,1
2025,Mexico City,44,6,HAM,HAD,2,1
2025,Mexico City,44,12,HAM,ANT,1,0
2025,Mexico City,44,16,HAM,LEC,1,1
2025,Mexico City,44,18,HAM,STR,1,0
2025,Mexico City,44,22,HAM,TSU,2,1
2025,Mexico City,44,31,HAM,OCO,3,1
2025,Mexico City,44,63,HAM,RUS,1,0
2025,Mexico City,44,81,HAM,PIA,1,0
2025,Mexico City,44,87,HAM,BEA,1,0
2025,Mexico City,55,5,SAI,BOR,2,1
2025,Mexico City,55,6,SAI,HAD,1,0
2025,Mexico City,55,10,SAI,GAS,2,1
2025,Mexico City,55,14,SAI,ALO,2,0
2025,Mexico City,55,18,SAI,STR,2,0
2025,Mexico City,55,22,SAI,TSU,1,0
2025,Mexico City,55,23,SAI,ALB,3,2
2025,Mexico City,55,27,SAI,HUL,2,1
2025,Mexico City,55,31,SAI,OCO,2,0
2025,Mexico City,55,43,SAI,COL,1,1
2025,Mexico City,55,81,SAI,PIA,1,0
2025,Mexico City,63,1,RUS,VER,3,2
2025,Mexico City,63,5,RUS,BOR,1,1
2025,Mexico City,63,6,RUS,HAD,1,1
2025,Mexico City,63,12,RUS,ANT,2,1
2025,Mexico City,63,18,RUS,STR,1,0
2025,Mexico City,63,22,RUS,TSU,1,1
2025,Mexico City,63,31,RUS,OCO,1,0
2025,Mexico City,63,44,RUS,HAM,2,1
2025,Mexico City,63,87,RUS,BEA,1,0
2025,Mexico City,81,1,PIA,VER,3,0
2025,Mexico City,81,5,PIA,BOR,1,1
2025,Mexico City,81,6,PIA,HAD,2,2
2025,Mexico City,81,12,PIA,ANT,3,0
2025,Mexico City,81,18,PIA,STR,1,0
2025,Mexico City,81,22,PIA,TSU,3,3
2025,Mexico City,81,23,PIA,ALB,1,1
2025,Mexico City,81,30,PIA,LAW,1,1
2025,Mexico City,81,31,PIA,OCO,2,0
2025,Mexico City,81,44,PIA,HAM,2,1
2025,Mexico City,81,55,PIA,SAI,1,1
2025,Mexico City,81,63,PIA,RUS,1,1
2025,Mexico City,87,1,BEA,VER,4,1
2025,Mexico City,87,5,BEA,BOR,1,1
2025,Mexico City,87,6,BEA,HAD,3,3
2025,Mexico City,87,12,BEA,ANT,3,2
2025,Mexico City,87,22,BEA,TSU,1,1
2025,Mexico City,87,31,BEA,OCO,1,0
2025,Mexico City,87,44,BEA,HAM,2,0
2025,Mexico City,87,63,BEA,RUS,2,0
2025,Miami,1,4,VER,NOR,2,2
2025,Miami,1,6,VER,HAD,1,0
2025,Miami,1,12,VER,ANT,2,0
2025,Miami,1,16,VER,LEC,1,0
2025,Miami,1,22,VER,TSU,1,0
2025,Miami,1,44,VER,HAM,1,0
2025,Miami,4,1,NOR,VER,3,3
2025,Miami,4,12,NOR,ANT,2,1
2025,Miami,4,23,NOR,ALB,1,1
2025,Miami,4,55,NOR,SAI,1,1
2025,Miami,4,63,NOR,RUS,1,1
2025,Miami,4,81,NOR,PIA,1,0
2025,Miami,5,1,BOR,VER,1,0
2025,Miami,5,7,BOR,DOO,3,0
2025,Miami,5,14,BOR,ALO,2,0
2025,Miami,5,16,BOR,LEC,1,1
2025,Miami,5,18,BOR,STR,2,0
2025,Miami,5,22,BOR,TSU,1,0
2025,Miami,5,27,BOR,HUL,1,0
2025,Miami,5,44,BOR,HAM,2,1
2025,Miami,5,55,BOR,SAI,2,0
2025,Miami,5,87,BOR,BEA,1,1
2025,Miami,6,1,HAD,VER,1,0
2025,Miami,6,10,HAD,GAS,1,0
2025,Miami,6,14,HAD,ALO,2,0
2025,Miami,6,16,HAD,LEC,1,1
2025,Miami,6,27,HAD,HUL,1,0
2025,Miami,6,30,HAD,LAW,1,0
2025,Miami,6,31,HAD,OCO,1,0
2025,Miami,6,44,HAD,HAM,1,0
2025,Miami,6,87,HAD,BEA,1,1
2025,Miami,7,5,DOO,BOR,2,0
2025,Miami,7,14,DOO,ALO,1,0
2025,Miami,7,16,DOO,LEC,1,1
2025,Miami,7,18,DOO,STR,1,0
2025,Miami,7,22,DOO,TSU,3,1
2025,Miami,7,30,DOO,LAW,1,0
2025,Miami,7,44,DOO,HAM,1,0
2025,Miami,7,55,DOO,SAI,1,0
2025,Miami,10,1,GAS,VER,1,0
2025,Miami,10,5,GAS,BOR,1,0
2025,Miami,10,6,GAS,HAD,2,0
2025,Miami,10,7,GAS,DOO,1,0
2025,Miami,10,14,GAS,ALO,2,1
2025,Miami,10,16,GAS,LEC,1,1
2025,Miami,10,18,GAS,STR,3,1
2025,Miami,10,22,GAS,TSU,1,0
2025,Miami,10,27,GAS,HUL,2,0
2025,Miami,10,30,GAS,LAW,1,1
2025,Miami,10,31,GAS,OCO,3,0
2025,Miami,10,44,GAS,HAM,1,0
2025,Miami,10,55,GAS,SAI,1,0
2025,Miami,10,87,GAS,BEA,1,1
2025,Miami,12,1,ANT,VER,2,0
2025,Miami,12,4,ANT,NOR,1,0
2025,Miami,12,14,ANT,ALO,1,0
2025,Miami,12,16,ANT,LEC,1,0
2025,Miami,12,22,ANT,TSU,1,0
2025,Miami,12,23,ANT,ALB,1,0
2025,Miami,12,44,ANT,HAM,1,0
2025,Miami,12,81,ANT,PIA,1,0
2025,Miami,14,5,ALO,BOR,2,1
2025,Miami,14,6,ALO,HAD,2,0
2025,Miami,14,7,ALO,DOO,1,0
2025,Miami,14,16,ALO,LEC,1,1
2025,Miami,14,18,ALO,STR,2,1
2025,Miami,14,23,ALO,ALB,1,0
2025,Miami,14,27,ALO,HUL,1,0
2025,Miami,14,30,ALO,LAW,1,0
2025,Miami,14,31,ALO,OCO,1,0
2025,Miami,14,44,ALO,HAM,1,0
2025,Miami,14,87,ALO,BEA,1,1
2025,Miami,16,1,LEC,VER,1,0
2025,Miami,16,23,LEC,ALB,1,0
2025,Miami,16,44,LEC,HAM,1,1
2025,Miami,16,55,LEC,SAI,4,3
2025,Miami,18,5,STR,BOR,3,1
2025,Miami,18,7,STR,DOO,1,1
2025,Miami,18,10,STR,GAS,2,1
2025,Miami,18,14,STR,ALO,2,0
2025,Miami,18,16,STR,LEC,1,1
2025,Miami,18,27,STR,HUL,1,0
2025,Miami,18,30,STR,LAW,2,0
2025,Miami,18,31,STR,OCO,2,1
2025,Miami,18,55,STR,SAI,1,0
2025,Miami,18,87,STR,BEA,1,1
2025,Miami,22,1,TSU,VER,2,0
2025,Miami,22,5,TSU,BOR,2,0
2025,Miami,22,6,TSU,HAD,1,0
2025,Miami,22,7,TSU,DOO,4,1
2025,Miami,22,10,TSU,GAS,2,1
2025,Miami,22,12,TSU,ANT,1,0
2025,Miami,22,14,TSU,ALO,1,0
2025,Miami,22,16,TSU,LEC,1,1
2025,Miami,22,23,TSU,ALB,1,0
2025,Miami,22,27,TSU,HUL,2,1
2025,Miami,22,31,TSU,OCO,3,2
2025,Miami,22,55,TSU,SAI,2,0
2025,Miami,22,87,TSU,BEA,3,0
2025,Miami,23,4,ALB,NOR,1,1
2025,Miami,23,6,ALB,HAD,1,0
2025,Miami,23,12,ALB,ANT,2,1
2025,Miami,23,16,ALB,LEC,2,1
2025,Miami,23,22,ALB,TSU,1,0
2025,Miami,23,31,ALB,OCO,1,0
2025,Miami,23,44,ALB,HAM,2,0
2025,Miami,23,55,ALB,SAI,3,3
2025,Miami,23,63,ALB,RUS,1,0
2025,Miami,27,1,HUL,VER,1,0
2025,Miami,27,5,HUL,BOR,2,0
2025,Miami,27,6,HUL,HAD,2,0
2025,Miami,27,7,HUL,DOO,1,0
2025,Miami,27,14,HUL,ALO,2,0
2025,Miami,27,16,HUL,LEC,1,1
2025,Miami,27,18,HUL,STR,1,0
2025,Miami,27,22,HUL,TSU,1,0
2025,Miami,27,30,HUL,LAW,2,0
2025,Miami,27,31,HUL,OCO,2,0
2025,Miami,27,44,HUL,HAM,1,0
2025,Miami,27,55,HUL,SAI,3,1
2025,Miami,30,1,LAW,VER,1,0
2025,Miami,30,5,LAW,BOR,1,1
2025,Miami,30,6,LAW,HAD,2,1
2025,Miami,30,7,LAW,DOO,2,2
2025,Miami,30,10,LAW,GAS,1,0
2025,Miami,30,12,LAW,ANT,1,0
2025,Miami,30,14,LAW,ALO,1,0
2025,Miami,30,16,LAW,LEC,1,1
2025,Miami,30,27,LAW,HUL,2,0
2025,Miami,30,31,LAW,OCO,2,0
2025,Miami,30,44,LAW,HAM,1,0
2025,Miami,30,87,LAW,BEA,1,1
2025,Miami,31,1,OCO,VER,1,0
2025,Miami,31,10,OCO,GAS,2,0
2025,Miami,31,14,OCO,ALO,2,0
2025,Miami,31,16,OCO,LEC,1,1
2025,Miami,31,18,OCO,STR,1,0
2025,Miami,31,22,OCO,TSU,1,1
2025,Miami,31,27,OCO,HUL,2,0
2025,Miami,31,44,OCO,HAM,1,1
2025,Miami,31,55,OCO,SAI,4,3
2025,Miami,31,87,OCO,BEA,2,1
2025,Miami,44,1,HAM,VER,2,1
2025,Miami,44,5,HAM,BOR,2,1
2025,Miami,44,6,HAM,HAD,2,1
2025,Miami,44,7,HAM,DOO,1,0
2025,Miami,44,10,HAM,GAS,2,0
2025,Miami,44,12,HAM,ANT,1,0
2025,Miami,44,16,HAM,LEC,2,2
2025,Miami,44,22,HAM,TSU,1,0
2025,Miami,44,23,HAM,ALB,1,0
2025,Miami,44,27,HAM,HUL,2,1
2025,Miami,44,31,HAM,OCO,3,2
2025,Miami,44,55,HAM,SAI,2,1
2025,Miami,55,4,SAI,NOR,1,1
2025,Miami,55,5,SAI,BOR,1,0
2025,Miami,55,10,SAI,GAS,1,1
2025,Miami,55,16,SAI,LEC,4,4
2025,Miami,55,22,SAI,TSU,1,0
2025,Miami,55,23,SAI,ALB,2,2
2025,Miami,55,27,SAI,HUL,3,3
2025,Miami,55,31,SAI,OCO,4,4
2025,Miami,55,44,SAI,HAM,1,0
2025,Miami,63,1,RUS,VER,2,1
2025,Miami,63,4,RUS,NOR,1,0
2025,Miami,63,12,RUS,ANT,2,0
2025,Miami,81,1,PIA,VER,1,1
2025,Miami,81,4,PIA,NOR,1,0
2025,Miami,81,12,PIA,ANT,3,2
2025,Miami,87,1,BEA,VER,1,0
2025,Miami,87,5,BEA,BOR,2,0
2025,Miami,87,6,BEA,HAD,2,0
2025,Miami,87,7,BEA,DOO,2,0
2025,Miami,87,10,BEA,GAS,1,1
2025,Miami,87,12,BEA,ANT,1,0
2025,Miami,87,14,BEA,ALO,2,0
2025,Miami,87,16,BEA,LEC,1,1
2025,Miami,87,18,BEA,STR,2,0
2025,Miami,87,22,BEA,TSU,3,0
2025,Miami,87,27,BEA,HUL,1,1
2025,Miami,87,30,BEA,LAW,1,0
2025,Miami,87,31,BEA,OCO,3,1
2025,Miami,87,55,BEA,SAI,1,0
2025,Monte Carlo,1,4,VER,NOR,2,0
2025,Monte Carlo,1,12,VER,ANT,1,0
2025,Monte Carlo,1,16,VER,LEC,2,0
2025,Monte Carlo,1,23,VER,ALB,1,0
2025,Monte Carlo,1,55,VER,SAI,1,0
2025,Monte Carlo,1,81,VER,PIA,2,0
2025,Monte Carlo,4,1,NOR,VER,2,0
2025,Monte Carlo,4,16,NOR,LEC,1,0
2025,Monte Carlo,4,81,NOR,PIA,1,0
2025,Monte Carlo,5,10,BOR,GAS,1,1
2025,Monte Carlo,5,12,BOR,ANT,3,1
2025,Monte Carlo,5,14,BOR,ALO,1,1
2025,Monte Carlo,5,18,BOR,STR,2,0
2025,Monte Carlo,5,22,BOR,TSU,1,0
2025,Monte Carlo,5,27,BOR,HUL,2,0
2025,Monte Carlo,5,43,BOR,COL,1,0
2025,Monte Carlo,5,87,BOR,BEA,1,0
2025,Monte Carlo,6,12,HAD,ANT,1,0
2025,Monte Carlo,6,14,HAD,ALO,2,1
2025,Monte Carlo,6,23,HAD,ALB,1,0
2025,Monte Carlo,6,31,HAD,OCO,2,0
2025,Monte Carlo,6,43,HAD,COL,1,0
2025,Monte Carlo,6,55,HAD,SAI,1,0
2025,Monte Carlo,6,63,HAD,RUS,1,0
2025,Monte Carlo,6,87,HAD,BEA,1,0
2025,Monte Carlo,10,5,GAS,BOR,1,0
2025,Monte Carlo,10,22,GAS,TSU,1,1
2025,Monte Carlo,12,1,ANT,VER,1,0
2025,Monte Carlo,12,5,ANT,BOR,2,1
2025,Monte Carlo,12,6,ANT,HAD,1,0
2025,Monte Carlo,12,14,ANT,ALO,1,1
2025,Monte Carlo,12,18,ANT,STR,1,0
2025,Monte Carlo,12,22,ANT,TSU,2,0
2025,Monte Carlo,12,23,ANT,ALB,2,1
2025,Monte Carlo,12,27,ANT,HUL,2,0
2025,Monte Carlo,12,30,ANT,LAW,1,0
2025,Monte Carlo,12,31,ANT,OCO,1,0
2025,Monte Carlo,12,43,ANT,COL,1,0
2025,Monte Carlo,12,44,ANT,HAM,1,0
2025,Monte Carlo,12,55,ANT,SAI,1,0
2025,Monte Carlo,12,63,ANT,RUS,1,0
2025,Monte Carlo,12,87,ANT,BEA,1,0
2025,Monte Carlo,14,6,ALO,HAD,2,0
2025,Monte Carlo,16,1,LEC,VER,2,0
2025,Monte Carlo,16,4,LEC,NOR,1,0
2025,Monte Carlo,18,5,STR,BOR,2,1
2025,Monte Carlo,18,10,STR,GAS,2,1
2025,Monte Carlo,18,12,STR,ANT,2,0
2025,Monte Carlo,18,14,STR,ALO,1,1
2025,Monte Carlo,18,22,STR,TSU,2,0
2025,Monte Carlo,18,27,STR,HUL,4,1
2025,Monte Carlo,18,43,STR,COL,2,0
2025,Monte Carlo,22,10,TSU,GAS,1,1
2025,Monte Carlo,22,12,TSU,ANT,2,0
2025,Monte Carlo,22,14,TSU,ALO,1,1
2025,Monte Carlo,22,18,TSU,STR,1,0
2025,Monte Carlo,22,27,TSU,HUL,2,0
2025,Monte Carlo,22,43,TSU,COL,1,0
2025,Monte Carlo,23,1,ALB,VER,1,0
2025,Monte Carlo,23,6,ALB,HAD,1,0
2025,Monte Carlo,23,12,ALB,ANT,2,1
2025,Monte Carlo,23,14,ALB,ALO,1,1
2025,Monte Carlo,23,30,ALB,LAW,2,0
2025,Monte Carlo,23,31,ALB,OCO,2,0
2025,Monte Carlo,23,44,ALB,HAM,1,0
2025,Monte Carlo,23,55,ALB,SAI,1,1
2025,Monte Carlo,23,63,ALB,RUS,1,0
2025,Monte Carlo,27,5,HUL,BOR,2,0
2025,Monte Carlo,27,10,HUL,GAS,1,0
2025,Monte Carlo,27,12,HUL,ANT,2,0
2025,Monte Carlo,27,14,HUL,ALO,1,1
2025,Monte Carlo,27,18,HUL,STR,4,1
2025,Monte Carlo,27,22,HUL,TSU,3,1
2025,Monte Carlo,27,43,HUL,COL,1,0
2025,Monte Carlo,27,87,HUL,BEA,2,0
2025,Monte Carlo,30,12,LAW,ANT,1,0
2025,Monte Carlo,30,14,LAW,ALO,1,1
2025,Monte Carlo,30,23,LAW,ALB,2,0
2025,Monte Carlo,30,31,LAW,OCO,1,0
2025,Monte Carlo,30,43,LAW,COL,1,0
2025,Monte Carlo,30,55,LAW,SAI,1,0
2025,Monte Carlo,30,63,LAW,RUS,1,0
2025,Monte Carlo,30,87,LAW,BEA,1,0
2025,Monte Carlo,31,6,OCO,HAD,2,0
2025,Monte Carlo,31,12,OCO,ANT,1,0
2025,Monte Carlo,31,14,OCO,ALO,1,1
2025,Monte Carlo,31,23,OCO,ALB,2,0
2025,Monte Carlo,31,30,OCO,LAW,1,0
2025,Monte Carlo,31,43,OCO,COL,1,0
2025,Monte Carlo,31,55,OCO,SAI,1,0
2025,Monte Carlo,31,63,OCO,RUS,1,0
2025,Monte Carlo,31,87,OCO,BEA,1,0
2025,Monte Carlo,43,5,COL,BOR,2,1
2025,Monte Carlo,43,6,COL,HAD,1,0
2025,Monte Carlo,43,10,COL,GAS,1,0
2025,Monte Carlo,43,12,COL,ANT,2,0
2025,Monte Carlo,43,14,COL,ALO,1,1
2025,Monte Carlo,43,18,COL,STR,2,0
2025,Monte Carlo,43,22,COL,TSU,2,0
2025,Monte Carlo,43,27,COL,HUL,1,0
2025,Monte Carlo,43,30,COL,LAW,1,0
2025,Monte Carlo,43,31,COL,OCO,1,0
2025,Monte Carlo,43,87,COL,BEA,1,0
2025,Monte Carlo,44,6,HAM,HAD,1,0
2025,Monte Carlo,44,12,HAM,ANT,1,0
2025,Monte Carlo,44,14,HAM,ALO,1,0
2025,Monte Carlo,44,23,HAM,ALB,1,0
2025,Monte Carlo,44,55,HAM,SAI,1,0
2025,Monte Carlo,44,63,HAM,RUS,1,0
2025,Monte Carlo,55,1,SAI,VER,1,0
2025,Monte Carlo,55,6,SAI,HAD,1,0
2025,Monte Carlo,55,12,SAI,ANT,1,0
2025,Monte Carlo,55,14,SAI,ALO,1,1
2025,Monte Carlo,55,23,SAI,ALB,1,1
2025,Monte Carlo,55,30,SAI,LAW,1,0
2025,Monte Carlo,55,31,SAI,OCO,1,0
2025,Monte Carlo,55,44,SAI,HAM,1,0
2025,Monte Carlo,63,6,RUS,HAD,1,0
2025,Monte Carlo,63,12,RUS,ANT,1,0
2025,Monte Carlo,63,14,RUS,ALO,1,1
2025,Monte Carlo,63,22,RUS,TSU,1,0
2025,Monte Carlo,63,23,RUS,ALB,1,1
2025,Monte Carlo,63,27,RUS,HUL,1,0
2025,Monte Carlo,63,30,RUS,LAW,1,0
2025,Monte Carlo,63,31,RUS,OCO,1,0
2025,Monte Carlo,63,44,RUS,HAM,1,0
2025,Monte Carlo,81,1,PIA,VER,2,0
2025,Monte Carlo,81,4,PIA,NOR,1,0
2025,Monte Carlo,87,5,BEA,BOR,2,0
2025,Monte Carlo,87,6,BEA,HAD,1,0
2025,Monte Carlo,87,10,BEA,GAS,1,1
2025,Monte Carlo,87,12,BEA,ANT,2,0
2025,Monte Carlo,87,14,BEA,ALO,1,1
2025,Monte Carlo,87,18,BEA,STR,1,0
2025,Monte Carlo,87,22,BEA,TSU,1,0
2025,Monte Carlo,87,27,BEA,HUL,2,0
2025,Monte Carlo,87,30,BEA,LAW,1,0
2025,Monte Carlo,87,31,BEA,OCO,1,0
2025,Monte Carlo,87,43,BEA,COL,2,0
2025,Montreal,1,4,VER,NOR,2,0
2025,Montreal,1,12,VER,ANT,2,0
2025,Montreal,1,14,VER,ALO,1,0
2025,Montreal,1,16,VER,LEC,2,0
2025,Montreal,1,27,VER,HUL,1,1
2025,Montreal,1,44,VER,HAM,1,0
2025,Montreal,1,81,VER,PIA,2,0
2025,Montreal,4,1,NOR,VER,2,0
2025,Montreal,4,12,NOR,ANT,2,0
2025,Montreal,4,14,NOR,ALO,2,2
2025,Montreal,4,16,NOR,LEC,1,0
2025,Montreal,4,44,NOR,HAM,1,0
2025,Montreal,4,63,NOR,RUS,2,0
2025,Montreal,4,81,NOR,PIA,4,2
2025,Montreal,5,4,BOR,NOR,1,0
2025,Montreal,5,6,BOR,HAD,2,1
2025,Montreal,5,10,BOR,GAS,1,0
2025,Montreal,5,14,BOR,ALO,1,0
2025,Montreal,5,18,BOR,STR,2,0
2025,Montreal,5,22,BOR,TSU,1,0
2025,Montreal,5,23,BOR,ALB,2,1
2025,Montreal,5,27,BOR,HUL,1,0
2025,Montreal,5,43,BOR,COL,1,0
2025,Montreal,5,55,BOR,SAI,2,2
2025,Montreal,5,87,BOR,BEA,1,0
2025,Montreal,6,4,HAD,NOR,1,0
2025,Montreal,6,5,HAD,BOR,1,0
2025,Montreal,6,10,HAD,GAS,1,1
2025,Montreal,6,18,HAD,STR,1,0
2025,Montreal,6,22,HAD,TSU,1,0
2025,Montreal,6,23,HAD,ALB,4,2
2025,Montreal,6,27,HAD,HUL,2,1
2025,Montreal,6,30,HAD,LAW,1,0
2025,Montreal,6,43,HAD,COL,1,0
2025,Montreal,6,87,HAD,BEA,2,1
2025,Montreal,10,4,GAS,NOR,1,0
2025,Montreal,10,5,GAS,BOR,1,0
2025,Montreal,10,6,GAS,HAD,2,1
2025,Montreal,10,14,GAS,ALO,1,0
2025,Montreal,10,18,GAS,STR,2,0
2025,Montreal,10,23,GAS,ALB,2,1
2025,Montreal,10,27,GAS,HUL,1,0
2025,Montreal,10,30,GAS,LAW,1,0
2025,Montreal,10,43,GAS,COL,1,0
2025,Montreal,10,87,GAS,BEA,1,0
2025,Montreal,12,1,ANT,VER,2,0
2025,Montreal,12,4,ANT,NOR,2,0
2025,Montreal,12,14,ANT,ALO,1,0
2025,Montreal,12,16,ANT,LEC,2,0
2025,Montreal,12,27,ANT,HUL,1,1
2025,Montreal,12,44,ANT,HAM,1,0
2025,Montreal,12,63,ANT,RUS,1,0
2025,Montreal,12,81,ANT,PIA,4,1
2025,Montreal,14,1,ALO,VER,1,0
2025,Montreal,14,4,ALO,NOR,2,1
2025,Montreal,14,5,ALO,BOR,1,1
2025,Montreal,14,10,ALO,GAS,1,1
2025,Montreal,14,12,ALO,ANT,1,0
2025,Montreal,14,18,ALO,STR,1,1
2025,Montreal,14,22,ALO,TSU,2,2
2025,Montreal,14,23,ALO,ALB,1,1
2025,Montreal,14,27,ALO,HUL,2,1
2025,Montreal,14,30,ALO,LAW,1,1
2025,Montreal,14,31,ALO,OCO,2,1
2025,Montreal,14,55,ALO,SAI,2,1
2025,Montreal,14,63,ALO,RUS,1,0
2025,Montreal,14,87,ALO,BEA,1,0
2025,Montreal,16,1,LEC,VER,2,0
2025,Montreal,16,4,LEC,NOR,2,1
2025,Montreal,16,12,LEC,ANT,2,0
2025,Montreal,16,14,LEC,ALO,1,1
2025,Montreal,16,44,LEC,HAM,1,0
2025,Montreal,16,63,LEC,RUS,2,0
2025,Montreal,16,81,LEC,PIA,2,0
2025,Montreal,18,4,STR,NOR,1,0
2025,Montreal,18,5,STR,BOR,2,0
2025,Montreal,18,6,STR,HAD,1,0
2025,Montreal,18,10,STR,GAS,1,1
2025,Montreal,18,14,STR,ALO,1,0
2025,Montreal,18,22,STR,TSU,1,0
2025,Montreal,18,23,STR,ALB,2,0
2025,Montreal,18,27,STR,HUL,1,0
2025,Montreal,18,30,STR,LAW,2,1
2025,Montreal,18,43,STR,COL,1,0
2025,Montreal,18,87,STR,BEA,1,0
2025,Montreal,22,4,TSU,NOR,1,0
2025,Montreal,22,5,TSU,BOR,2,1
2025,Montreal,22,6,TSU,HAD,2,1
2025,Montreal,22,14,TSU,ALO,2,0
2025,Montreal,22,18,TSU,STR,2,1
2025,Montreal,22,23,TSU,ALB,2,1
2025,Montreal,22,27,TSU,HUL,1,0
2025,Montreal,22,43,TSU,COL,1,1
2025,Montreal,22,87,TSU,BEA,1,0
2025,Montreal,23,5,ALB,BOR,1,0
2025,Montreal,23,6,ALB,HAD,3,2
2025,Montreal,23,10,ALB,GAS,1,1
2025,Montreal,23,14,ALB,ALO,1,0
2025,Montreal,23,18,ALB,STR,1,0
2025,Montreal,23,22,ALB,TSU,1,0
2025,Montreal,23,27,ALB,HUL,1,0
2025,Montreal,23,30,ALB,LAW,1,0
2025,Montreal,23,31,ALB,OCO,1,0
2025,Montreal,23,43,ALB,COL,2,1
2025,Montreal,23,44,ALB,HAM,1,0
2025,Montreal,23,55,ALB,SAI,1,0
2025,Montreal,23,87,ALB,BEA,1,0
2025,Montreal,27,1,HUL,VER,1,0
2025,Montreal,27,4,HUL,NOR,1,0
2025,Montreal,27,5,HUL,BOR,1,1
2025,Montreal,27,6,HUL,HAD,2,0
2025,Montreal,27,10,HUL,GAS,1,1
2025,Montreal,27,12,HUL,ANT,1,0
2025,Montreal,27,14,HUL,ALO,2,0
2025,Montreal,27,18,HUL,STR,1,0
2025,Montreal,27,22,HUL,TSU,1,1
2025,Montreal,27,23,HUL,ALB,2,0
2025,Montreal,27,30,HUL,LAW,1,1
2025,Montreal,27,31,HUL,OCO,1,0
2025,Montreal,27,44,HUL,HAM,1,0
2025,Montreal,27,55,HUL,SAI,1,1
2025,Montreal,27,81,HUL,PIA,1,0
2025,Montreal,27,87,HUL,BEA,1,0
2025,Montreal,30,6,LAW,HAD,1,0
2025,Montreal,30,14,LAW,ALO,1,0
2025,Montreal,30,18,LAW,STR,2,0
2025,Montreal,30,23,LAW,ALB,2,1
2025,Montreal,30,27,LAW,HUL,1,0
2025,Montreal,30,43,LAW,COL,1,0
2025,Montreal,30,87,LAW,BEA,1,0
2025,Montreal,31,4,OCO,NOR,1,0
2025,Montreal,31,6,OCO,HAD,1,0
2025,Montreal,31,14,OCO,ALO,2,0
2025,Montreal,31,23,OCO,ALB,2,2
2025,Montreal,31,27,OCO,HUL,1,0
2025,Montreal,31,43,OCO,COL,1,0
2025,Montreal,31,44,OCO,HAM,1,0
2025,Montreal,31,87,OCO,BEA,2,1
2025,Montreal,43,4,COL,NOR,1,0
2025,Montreal,43,5,COL,BOR,1,0
2025,Montreal,43,6,COL,HAD,1,0
2025,Montreal,43,10,COL,GAS,2,1
2025,Montreal,43,18,COL,STR,2,0
2025,Montreal,43,22,COL,TSU,1,0
2025,Montreal,43,23,COL,ALB,3,1
2025,Montreal,43,30,COL,LAW,2,1
2025,Montreal,43,55,COL,SAI,1,0
2025,Montreal,43,87,COL,BEA,2,1
2025,Montreal,44,1,HAM,VER,1,0
2025,Montreal,44,4,HAM,NOR,1,0
2025,Montreal,44,12,HAM,ANT,1,0
2025,Montreal,44,23,HAM,ALB,1,1
2025,Montreal,44,27,HAM,HUL,1,0
2025,Montreal,44,31,HAM,OCO,1,1
2025,Montreal,44,63,HAM,RUS,1,0
2025,Montreal,55,4,SAI,NOR,1,0
2025,Montreal,55,5,SAI,BOR,3,2
2025,Montreal,55,6,SAI,HAD,1,0
2025,Montreal,55,14,SAI,ALO,2,0
2025,Montreal,55,23,SAI,ALB,2,1
2025,Montreal,55,27,SAI,HUL,1,0
2025,Montreal,55,43,SAI,COL,2,0
2025,Montreal,55,87,SAI,BEA,1,1
2025,Montreal,63,4,RUS,NOR,2,0
2025,Montreal,63,12,RUS,ANT,1,0
2025,Montreal,63,14,RUS,ALO,1,0
2025,Montreal,63,16,RUS,LEC,2,1
2025,Montreal,63,44,RUS,HAM,1,0
2025,Montreal,63,81,RUS,PIA,2,0
2025,Montreal,81,1,PIA,VER,2,0
2025,Montreal,81,4,PIA,NOR,4,2
2025,Montreal,81,12,PIA,ANT,3,0
2025,Montreal,81,16,PIA,LEC,2,0
2025,Montreal,81,27,PIA,HUL,1,1
2025,Montreal,81,63,PIA,RUS,2,0
2025,Montreal,87,4,BEA,NOR,1,0
2025,Montreal,87,5,BEA,BOR,1,0
2025,Montreal,87,6,BEA,HAD,3,2
2025,Montreal,87,10,BEA,GAS,1,1
2025,Montreal,87,14,BEA,ALO,1,0
2025,Montreal,87,18,BEA,STR,1,0
2025,Montreal,87,22,BEA,TSU,1,0
2025,Montreal,87,23,BEA,ALB,2,1
2025,Montreal,87,27,BEA,HUL,1,0
2025,Montreal,87,30,BEA,LAW,1,0
2025,Montreal,87,31,BEA,OCO,1,0
2025,Montreal,87,43,BEA,COL,3,2
2025,Monza,1,4,VER,NOR,3,1
2025,Monza,1,81,VER,PIA,1,0
2025,Monza,4,1,NOR,VER,3,1
2025,Monza,4,81,NOR,PIA,1,1
2025,Monza,5,6,BOR,HAD,1,0
2025,Monza,5,10,BOR,GAS,1,1
2025,Monza,5,12,BOR,ANT,2,0
2025,Monza,5,14,BOR,ALO,2,2
2025,Monza,5,18,BOR,STR,1,0
2025,Monza,5,23,BOR,ALB,1,0
2025,Monza,5,30,BOR,LAW,1,1
2025,Monza,5,31,BOR,OCO,1,0
2025,Monza,5,43,BOR,COL,2,0
2025,Monza,5,55,BOR,SAI,1,0
2025,Monza,5,63,BOR,RUS,1,1
2025,Monza,6,5,HAD,BOR,1,0
2025,Monza,6,10,HAD,GAS,1,0
2025,Monza,6,12,HAD,ANT,1,0
2025,Monza,6,14,HAD,ALO,1,0
2025,Monza,6,18,HAD,STR,1,1
2025,Monza,6,22,HAD,TSU,2,0
2025,Monza,6,27,HAD,HUL,1,0
2025,Monza,6,30,HAD,LAW,1,0
2025,Monza,6,31,HAD,OCO,1,0
2025,Monza,6,43,HAD,COL,3,2
2025,Monza,6,55,HAD,SAI,2,1
2025,Monza,6,63,HAD,RUS,1,0
2025,Monza,6,87,HAD,BEA,2,1
2025,Monza,10,5,GAS,BOR,1,0
2025,Monza,10,6,GAS,HAD,1,0
2025,Monza,10,12,GAS,ANT,1,0
2025,Monza,10,14,GAS,ALO,1,0
2025,Monza,10,18,GAS,STR,2,1
2025,Monza,10,22,GAS,TSU,1,0
2025,Monza,10,27,GAS,HUL,1,0
2025,Monza,10,30,GAS,LAW,1,0
2025,Monza,10,43,GAS,COL,2,2
2025,Monza,10,55,GAS,SAI,1,0
2025,Monza,10,87,GAS,BEA,1,0
2025,Monza,12,5,ANT,BOR,1,0
2025,Monza,12,6,ANT,HAD,1,0
2025,Monza,12,10,ANT,GAS,1,1
2025,Monza,12,14,ANT,ALO,1,0
2025,Monza,12,18,ANT,STR,1,0
2025,Monza,12,22,ANT,TSU,1,1
2025,Monza,12,23,ANT,ALB,1,0
2025,Monza,12,31,ANT,OCO,1,0
2025,Monza,12,43,ANT,COL,1,0
2025,Monza,12,55,ANT,SAI,2,0
2025,Monza,12,63,ANT,RUS,1,0
2025,Monza,12,87,ANT,BEA,1,1
2025,Monza,14,5,ALO,BOR,3,1
2025,Monza,14,12,ALO,ANT,1,0
2025,Monza,14,23,ALO,ALB,1,0
2025,Monza,16,23,LEC,ALB,1,0
2025,Monza,16,44,LEC,HAM,1,0
2025,Monza,16,81,LEC,PIA,2,2
2025,Monza,18,5,STR,BOR,1,0
2025,Monza,18,6,STR,HAD,1,0
2025,Monza,18,10,STR,GAS,1,0
2025,Monza,18,12,STR,ANT,1,0
2025,Monza,18,14,STR,ALO,1,0
2025,Monza,18,22,STR,TSU,1,0
2025,Monza,18,23,STR,ALB,1,0
2025,Monza,18,27,STR,HUL,1,0
2025,Monza,18,30,STR,LAW,2,1
2025,Monza,18,43,STR,COL,2,0
2025,Monza,18,44,STR,HAM,1,0
2025,Monza,18,55,STR,SAI,1,0
2025,Monza,18,63,STR,RUS,1,0
2025,Monza,18,87,STR,BEA,1,0
2025,Monza,22,6,TSU,HAD,1,0
2025,Monza,22,10,TSU,GAS,1,0
2025,Monza,22,12,TSU,ANT,1,0
2025,Monza,22,14,TSU,ALO,1,0
2025,Monza,22,18,TSU,STR,1,0
2025,Monza,22,30,TSU,LAW,2,2
2025,Monza,22,31,TSU,OCO,1,0
2025,Monza,22,43,TSU,COL,1,0
2025,Monza,22,44,TSU,HAM,1,1
2025,Monza,23,5,ALB,BOR,2,0
2025,Monza,23,12,ALB,ANT,2,1
2025,Monza,23,14,ALB,ALO,2,0
2025,Monza,23,16,ALB,LEC,1,0
2025,Monza,23,18,ALB,STR,1,0
2025,Monza,23,22,ALB,TSU,1,0
2025,Monza,23,27,ALB,HUL,1,0
2025,Monza,23,31,ALB,OCO,2,1
2025,Monza,23,44,ALB,HAM,1,0
2025,Monza,23,55,ALB,SAI,2,2
2025,Monza,23,63,ALB,RUS,1,0
2025,Monza,23,87,ALB,BEA,1,0
2025,Monza,30,5,LAW,BOR,1,0
2025,Monza,30,10,LAW,GAS,1,0
2025,Monza,30,14,LAW,ALO,1,0
2025,Monza,30,18,LAW,STR,3,2
2025,Monza,30,22,LAW,TSU,2,1
2025,Monza,30,27,LAW,HUL,1,0
2025,Monza,30,31,LAW,OCO,1,0
2025,Monza,30,43,LAW,COL,2,1
2025,Monza,30,87,LAW,BEA,1,0
2025,Monza,31,5,OCO,BOR,1,0
2025,Monza,31,12,OCO,ANT,1,0
2025,Monza,31,14,OCO,ALO,1,0
2025,Monza,31,22,OCO,TSU,1,0
2025,Monza,31,23,OCO,ALB,2,1
2025,Monza,31,27,OCO,HUL,1,0
2025,Monza,31,44,OCO,HAM,1,0
2025,Monza,31,55,OCO,SAI,1,0
2025,Monza,31,63,OCO,RUS,1,0
2025,Monza,31,87,OCO,BEA,1,0
2025,Monza,43,5,COL,BOR,2,0
2025,Monza,43,6,COL,HAD,2,1
2025,Monza,43,12,COL,ANT,1,0
2025,Monza,43,14,COL,ALO,1,0
2025,Monza,43,18,COL,STR,3,1
2025,Monza,43,22,COL,TSU,1,0
2025,Monza,43,27,COL,HUL,1,0
2025,Monza,43,30,COL,LAW,1,0
2025,Monza,43,55,COL,SAI,1,0
2025,Monza,43,87,COL,BEA,1,0
2025,Monza,44,5,HAM,BOR,1,1
2025,Monza,44,12,HAM,ANT,1,0
2025,Monza,44,14,HAM,ALO,1,1
2025,Monza,44,16,HAM,LEC,1,0
2025,Monza,44,18,HAM,STR,1,1
2025,Monza,44,22,HAM,TSU,1,1
2025,Monza,44,23,HAM,ALB,1,0
2025,Monza,44,63,HAM,RUS,1,0
2025,Monza,55,5,SAI,BOR,1,0
2025,Monza,55,6,SAI,HAD,1,0
2025,Monza,55,10,SAI,GAS,1,0
2025,Monza,55,12,SAI,ANT,2,0
2025,Monza,55,14,SAI,ALO,1,0
2025,Monza,55,22,SAI,TSU,1,0
2025,Monza,55,23,SAI,ALB,1,1
2025,Monza,55,27,SAI,HUL,1,0
2025,Monza,55,31,SAI,OCO,1,0
2025,Monza,55,43,SAI,COL,1,0
2025,Monza,55,63,SAI,RUS,1,0
2025,Monza,55,87,SAI,BEA,2,1
2025,Monza,63,5,RUS,BOR,2,2
2025,Monza,63,6,RUS,HAD,1,0
2025,Monza,63,12,RUS,ANT,1,0
2025,Monza,63,18,RUS,STR,1,1
2025,Monza,63,23,RUS,ALB,1,0
2025,Monza,63,31,RUS,OCO,1,1
2025,Monza,63,44,RUS,HAM,1,0
2025,Monza,63,55,RUS,SAI,1,0
2025,Monza,81,1,PIA,VER,1,0
2025,Monza,81,4,PIA,NOR,1,0
2025,Monza,81,16,PIA,LEC,2,2
2025,Monza,87,6,BEA,HAD,1,0
2025,Monza,87,10,BEA,GAS,1,0
2025,Monza,87,12,BEA,ANT,1,0
2025,Monza,87,14,BEA,ALO,1,0
2025,Monza,87,18,BEA,STR,1,0
2025,Monza,87,22,BEA,TSU,1,0
2025,Monza,87,30,BEA,LAW,1,1
2025,Monza,87,31,BEA,OCO,1,0
2025,Monza,87,43,BEA,COL,1,0
2025,Monza,87,44,BEA,HAM,1,0
2025,Monza,87,55,BEA,SAI,1,0
2025,Sakhir,1,4,VER,NOR,1,0
2025,Sakhir,1,5,VER,BOR,2,0
2025,Sakhir,1,6,VER,HAD,1,0
2025,Sakhir,1,7,VER,DOO,1,0
2025,Sakhir,1,10,VER,GAS,1,0
2025,Sakhir,1,12,VER,ANT,3,0
2025,Sakhir,1,14,VER,ALO,3,1
2025,Sakhir,1,16,VER,LEC,1,0
2025,Sakhir,1,18,VER,STR,2,1
2025,Sakhir,1,22,VER,TSU,2,0
2025,Sakhir,1,23,VER,ALB,1,0
2025,Sakhir,1,27,VER,HUL,1,0
2025,Sakhir,1,30,VER,LAW,2,1
2025,Sakhir,1,31,VER,OCO,1,1
2025,Sakhir,1,44,VER,HAM,3,2
2025,Sakhir,1,55,VER,SAI,2,1
2025,Sakhir,1,63,VER,RUS,7,6
2025,Sakhir,1,81,VER,PIA,1,0
2025,Sakhir,1,87,VER,BEA,1,0
2025,Sakhir,4,1,NOR,VER,1,0
2025,Sakhir,4,5,NOR,BOR,1,1
2025,Sakhir,4,6,NOR,HAD,1,0
2025,Sakhir,4,7,NOR,DOO,1,0
2025,Sakhir,4,12,NOR,ANT,1,0
2025,Sakhir,4,14,NOR,ALO,1,0
2025,Sakhir,4,16,NOR,LEC,2,1
2025,Sakhir,4,18,NOR,STR,1,0
2025,Sakhir,4,22,NOR,TSU,2,0
2025,Sakhir,4,23,NOR,ALB,2,0
2025,Sakhir,4,30,NOR,LAW,1,1
2025,Sakhir,4,31,NOR,OCO,1,0
2025,Sakhir,4,44,NOR,HAM,4,2
2025,Sakhir,4,55,NOR,SAI,2,0
2025,Sakhir,4,63,NOR,RUS,7,6
2025,Sakhir,4,87,NOR,BEA,1,0
2025,Sakhir,5,1,BOR,VER,2,0
2025,Sakhir,5,4,BOR,NOR,1,0
2025,Sakhir,5,6,BOR,HAD,2,0
2025,Sakhir,5,7,BOR,DOO,1,0
2025,Sakhir,5,10,BOR,GAS,1,0
2025,Sakhir,5,18,BOR,STR,3,2
2025,Sakhir,5,22,BOR,TSU,1,0
2025,Sakhir,5,27,BOR,HUL,4,2
2025,Sakhir,5,31,BOR,OCO,1,0
2025,Sakhir,5,63,BOR,RUS,4,4
2025,Sakhir,6,1,HAD,VER,1,0
2025,Sakhir,6,4,HAD,NOR,1,0
2025,Sakhir,6,5,HAD,BOR,2,0
2025,Sakhir,6,7,HAD,DOO,1,0
2025,Sakhir,6,10,HAD,GAS,1,0
2025,Sakhir,6,12,HAD,ANT,3,0
2025,Sakhir,6,14,HAD,ALO,3,2
2025,Sakhir,6,16,HAD,LEC,1,0
2025,Sakhir,6,18,HAD,STR,2,0
2025,Sakhir,6,22,HAD,TSU,1,0
2025,Sakhir,6,23,HAD,ALB,2,1
2025,Sakhir,6,27,HAD,HUL,1,1
2025,Sakhir,6,30,HAD,LAW,4,2
2025,Sakhir,6,31,HAD,OCO,1,0
2025,Sakhir,6,55,HAD,SAI,1,0
2025,Sakhir,6,63,HAD,RUS,5,4
2025,Sakhir,6,87,HAD,BEA,1,0
2025,Sakhir,7,1,DOO,VER,1,0
2025,Sakhir,7,4,DOO,NOR,1,0
2025,Sakhir,7,5,DOO,BOR,1,0
2025,Sakhir,7,6,DOO,HAD,1,0
2025,Sakhir,7,10,DOO,GAS,1,0
2025,Sakhir,7,12,DOO,ANT,3,0
2025,Sakhir,7,14,DOO,ALO,3,1
2025,Sakhir,7,16,DOO,LEC,1,0
2025,Sakhir,7,18,DOO,STR,2,1
2025,Sakhir,7,22,DOO,TSU,3,1
2025,Sakhir,7,23,DOO,ALB,1,0
2025,Sakhir,7,30,DOO,LAW,2,1
2025,Sakhir,7,31,DOO,OCO,1,0
2025,Sakhir,7,44,DOO,HAM,1,0
2025,Sakhir,7,55,DOO,SAI,1,0
2025,Sakhir,7,63,DOO,RUS,6,5
2025,Sakhir,7,81,DOO,PIA,1,0
2025,Sakhir,7,87,DOO,BEA,2,0
2025,Sakhir,10,1,GAS,VER,1,0
2025,Sakhir,10,5,GAS,BOR,1,1
2025,Sakhir,10,6,GAS,HAD,1,0
2025,Sakhir,10,7,GAS,DOO,1,0
2025,Sakhir,10,12,GAS,ANT,1,1
2025,Sakhir,10,14,GAS,ALO,2,1
2025,Sakhir,10,18,GAS,STR,1,0
2025,Sakhir,10,22,GAS,TSU,3,0
2025,Sakhir,10,23,GAS,ALB,3,0
2025,Sakhir,10,30,GAS,LAW,1,0
2025,Sakhir,10,31,GAS,OCO,1,0
2025,Sakhir,10,44,GAS,HAM,2,0
2025,Sakhir,10,55,GAS,SAI,2,0
2025,Sakhir,10,63,GAS,RUS,6,6
2025,Sakhir,10,87,GAS,BEA,1,1
2025,Sakhir,12,1,ANT,VER,3,1
2025,Sakhir,12,4,ANT,NOR,1,0
2025,Sakhir,12,5,ANT,BOR,2,0
2025,Sakhir,12,6,ANT,HAD,3,0
2025,Sakhir,12,7,ANT,DOO,3,0
2025,Sakhir,12,10,ANT,GAS,2,2
2025,Sakhir,12,14,ANT,ALO,4,1
2025,Sakhir,12,18,ANT,STR,2,0
2025,Sakhir,12,22,ANT,TSU,2,0
2025,Sakhir,12,23,ANT,ALB,4,2
2025,Sakhir,12,27,ANT,HUL,1,0
2025,Sakhir,12,30,ANT,LAW,3,0
2025,Sakhir,12,31,ANT,OCO,3,1
2025,Sakhir,12,44,ANT,HAM,3,0
2025,Sakhir,12,55,ANT,SAI,6,4
2025,Sakhir,12,63,ANT,RUS,4,4
2025,Sakhir,12,87,ANT,BEA,1,0
2025,Sakhir,14,1,ALO,VER,3,0
2025,Sakhir,14,4,ALO,NOR,2,0
2025,Sakhir,14,6,ALO,HAD,3,1
2025,Sakhir,14,7,ALO,DOO,3,1
2025,Sakhir,14,10,ALO,GAS,2,0
2025,Sakhir,14,12,ALO,ANT,4,0
2025,Sakhir,14,18,ALO,STR,1,1
2025,Sakhir,14,22,ALO,TSU,1,0
2025,Sakhir,14,27,ALO,HUL,1,1
2025,Sakhir,14,30,ALO,LAW,1,1
2025,Sakhir,14,31,ALO,OCO,2,0
2025,Sakhir,14,55,ALO,SAI,1,0
2025,Sakhir,14,63,ALO,RUS,5,4
2025,Sakhir,14,87,ALO,BEA,1,0
2025,Sakhir,16,1,LEC,VER,1,0
2025,Sakhir,16,4,LEC,NOR,2,1
2025,Sakhir,16,6,LEC,HAD,1,0
2025,Sakhir,16,7,LEC,DOO,1,0
2025,Sakhir,16,10,LEC,GAS,1,0
2025,Sakhir,16,22,LEC,TSU,1,0
2025,Sakhir,16,44,LEC,HAM,1,0
2025,Sakhir,16,55,LEC,SAI,1,0
2025,Sakhir,16,63,LEC,RUS,8,6
2025,Sakhir,16,81,LEC,PIA,1,0
2025,Sakhir,18,1,STR,VER,2,0
2025,Sakhir,18,4,STR,NOR,1,0
2025,Sakhir,18,5,STR,BOR,4,1
2025,Sakhir,18,6,STR,HAD,2,0
2025,Sakhir,18,7,STR,DOO,2,0
2025,Sakhir,18,10,STR,GAS,1,0
2025,Sakhir,18,12,STR,ANT,2,0
2025,Sakhir,18,14,STR,ALO,1,0
2025,Sakhir,18,22,STR,TSU,1,0
2025,Sakhir,18,27,STR,HUL,3,1
2025,Sakhir,18,30,STR,LAW,1,0
2025,Sakhir,18,31,STR,OCO,1,0
2025,Sakhir,18,63,STR,RUS,4,4
2025,Sakhir,22,1,TSU,VER,2,0
2025,Sakhir,22,4,TSU,NOR,2,0
2025,Sakhir,22,5,TSU,BOR,1,0
2025,Sakhir,22,6,TSU,HAD,1,1
2025,Sakhir,22,7,TSU,DOO,2,1
2025,Sakhir,22,10,TSU,GAS,2,0
2025,Sakhir,22,12,TSU,ANT,3,0
2025,Sakhir,22,14,TSU,ALO,1,0
2025,Sakhir,22,16,TSU,LEC,1,0
2025,Sakhir,22,18,TSU,STR,1,0
2025,Sakhir,22,23,TSU,ALB,1,0
2025,Sakhir,22,30,TSU,LAW,1,0
2025,Sakhir,22,31,TSU,OCO,1,0
2025,Sakhir,22,44,TSU,HAM,1,0
2025,Sakhir,22,55,TSU,SAI,3,2
2025,Sakhir,22,63,TSU,RUS,6,4
2025,Sakhir,22,81,TSU,PIA,1,0
2025,Sakhir,22,87,TSU,BEA,1,0
2025,Sakhir,23,1,ALB,VER,2,0
2025,Sakhir,23,4,ALB,NOR,2,0
2025,Sakhir,23,6,ALB,HAD,3,2
2025,Sakhir,23,7,ALB,DOO,2,0
2025,Sakhir,23,10,ALB,GAS,3,0
2025,Sakhir,23,12,ALB,ANT,5,0
2025,Sakhir,23,14,ALB,ALO,1,1
2025,Sakhir,23,22,ALB,TSU,1,0
2025,Sakhir,23,27,ALB,HUL,1,1
2025,Sakhir,23,31,ALB,OCO,4,1
2025,Sakhir,23,55,ALB,SAI,4,2
2025,Sakhir,23,63,ALB,RUS,5,4
2025,Sakhir,23,87,ALB,BEA,2,2
2025,Sakhir,27,1,HUL,VER,1,0
2025,Sakhir,27,5,HUL,BOR,4,2
2025,Sakhir,27,6,HUL,HAD,2,1
2025,Sakhir,27,12,HUL,ANT,1,0
2025,Sakhir,27,14,HUL,ALO,2,1
2025,Sakhir,27,18,HUL,STR,3,1
2025,Sakhir,27,23,HUL,ALB,1,0
2025,Sakhir,27,30,HUL,LAW,2,0
2025,Sakhir,27,63,HUL,RUS,4,4
2025,Sakhir,27,87,HUL,BEA,1,0
2025,Sakhir,30,1,LAW,VER,2,0
2025,Sakhir,30,4,LAW,NOR,1,0
2025,Sakhir,30,6,LAW,HAD,5,3
2025,Sakhir,30,7,LAW,DOO,2,0
2025,Sakhir,30,10,LAW,GAS,1,0
2025,Sakhir,30,12,LAW,ANT,3,0
2025,Sakhir,30,14,LAW,ALO,2,1
2025,Sakhir,30,18,LAW,STR,1,0
2025,Sakhir,30,22,LAW,TSU,1,0
2025,Sakhir,30,27,LAW,HUL,3,1
2025,Sakhir,30,31,LAW,OCO,1,0
2025,Sakhir,30,63,LAW,RUS,4,4
2025,Sakhir,31,1,OCO,VER,1,0
2025,Sakhir,31,4,OCO,NOR,1,0
2025,Sakhir,31,5,OCO,BOR,1,0
2025,Sakhir,31,6,OCO,HAD,2,1
2025,Sakhir,31,7,OCO,DOO,2,0
2025,Sakhir,31,10,OCO,GAS,1,0
2025,Sakhir,31,12,OCO,ANT,3,0
2025,Sakhir,31,14,OCO,ALO,3,2
2025,Sakhir,31,18,OCO,STR,1,0
2025,Sakhir,31,22,OCO,TSU,2,0
2025,Sakhir,31,23,OCO,ALB,3,1
2025,Sakhir,31,30,OCO,LAW,1,0
2025,Sakhir,31,44,OCO,HAM,1,0
2025,Sakhir,31,55,OCO,SAI,1,0
2025,Sakhir,31,63,OCO,RUS,6,6
2025,Sakhir,31,87,OCO,BEA,1,0
2025,Sakhir,44,1,HAM,VER,4,2
2025,Sakhir,44,4,HAM,NOR,4,2
2025,Sakhir,44,7,HAM,DOO,1,1
2025,Sakhir,44,10,HAM,GAS,3,0
2025,Sakhir,44,12,HAM,ANT,4,1
2025,Sakhir,44,16,HAM,LEC,1,0
2025,Sakhir,44,22,HAM,TSU,1,1
2025,Sakhir,44,31,HAM,OCO,1,1
2025,Sakhir,44,55,HAM,SAI,3,3
2025,Sakhir,44,63,HAM,RUS,9,6
2025,Sakhir,44,81,HAM,PIA,2,0
2025,Sakhir,55,1,SAI,VER,3,0
2025,Sakhir,55,4,SAI,NOR,2,0
2025,Sakhir,55,6,SAI,HAD,1,1
2025,Sakhir,55,7,SAI,DOO,1,0
2025,Sakhir,55,10,SAI,GAS,2,0
2025,Sakhir,55,12,SAI,ANT,7,3
2025,Sakhir,55,14,SAI,ALO,1,0
2025,Sakhir,55,16,SAI,LEC,1,0
2025,Sakhir,55,22,SAI,TSU,2,1
2025,Sakhir,55,23,SAI,ALB,3,1
2025,Sakhir,55,27,SAI,HUL,1,1
2025,Sakhir,55,31,SAI,OCO,1,0
2025,Sakhir,55,44,SAI,HAM,2,2
2025,Sakhir,55,63,SAI,RUS,6,4
2025,Sakhir,55,81,SAI,PIA,1,0
2025,Sakhir,63,1,RUS,VER,7,0
2025,Sakhir,63,4,RUS,NOR,7,0
2025,Sakhir,63,5,RUS,BOR,4,0
2025,Sakhir,63,6,RUS,HAD,5,0
2025,Sakhir,63,7,RUS,DOO,6,0
2025,Sakhir,63,10,RUS,GAS,6,0
2025,Sakhir,63,12,RUS,ANT,4,0
2025,Sakhir,63,14,RUS,ALO,5,0
2025,Sakhir,63,16,RUS,LEC,9,0
2025,Sakhir,63,18,RUS,STR,4,0
2025,Sakhir,63,22,RUS,TSU,6,0
2025,Sakhir,63,23,RUS,ALB,5,1
2025,Sakhir,63,27,RUS,HUL,4,0
2025,Sakhir,63,30,RUS,LAW,4,0
2025,Sakhir,63,31,RUS,OCO,6,0
2025,Sakhir,63,44,RUS,HAM,9,0
2025,Sakhir,63,55,RUS,SAI,5,0
2025,Sakhir,63,87,RUS,BEA,5,0
2025,Sakhir,81,1,PIA,VER,1,0
2025,Sakhir,81,7,PIA,DOO,1,0
2025,Sakhir,81,16,PIA,LEC,1,0
2025,Sakhir,81,22,PIA,TSU,1,0
2025,Sakhir,81,44,PIA,HAM,2,0
2025,Sakhir,81,55,PIA,SAI,1,0
2025,Sakhir,87,1,BEA,VER,2,0
2025,Sakhir,87,4,BEA,NOR,1,0
2025,Sakhir,87,5,BEA,BOR,1,0
2025,Sakhir,87,6,BEA,HAD,2,2
2025,Sakhir,87,7,BEA,DOO,2,0
2025,Sakhir,87,10,BEA,GAS,2,0
2025,Sakhir,87,12,BEA,ANT,3,0
2025,Sakhir,87,14,BEA,ALO,2,1
2025,Sakhir,87,18,BEA,STR,1,1
2025,Sakhir,87,22,BEA,TSU,1,0
2025,Sakhir,87,23,BEA,ALB,3,1
2025,Sakhir,87,27,BEA,HUL,1,1
2025,Sakhir,87,31,BEA,OCO,2,0
2025,Sakhir,87,55,BEA,SAI,1,1
2025,Sakhir,87,63,BEA,RUS,5,4
2025,Shanghai,1,16,VER,LEC,1,1
2025,Shanghai,1,18,VER,STR,1,1
2025,Shanghai,1,23,VER,ALB,1,0
2025,Shanghai,1,27,VER,HUL,1,0
2025,Shanghai,1,30,VER,LAW,1,1
2025,Shanghai,1,44,VER,HAM,1,0
2025,Shanghai,1,55,VER,SAI,1,0
2025,Shanghai,1,87,VER,BEA,1,1
2025,Shanghai,4,18,NOR,STR,2,1
2025,Shanghai,4,23,NOR,ALB,1,1
2025,Shanghai,4,63,NOR,RUS,2,2
2025,Shanghai,4,81,NOR,PIA,1,0
2025,Shanghai,5,7,BOR,DOO,2,0
2025,Shanghai,5,10,BOR,GAS,1,1
2025,Shanghai,5,14,BOR,ALO,1,1
2025,Shanghai,5,22,BOR,TSU,1,0
2025,Shanghai,5,27,BOR,HUL,2,1
2025,Shanghai,5,55,BOR,SAI,1,0
2025,Shanghai,5,87,BOR,BEA,1,1
2025,Shanghai,6,5,HAD,BOR,1,1
2025,Shanghai,6,7,HAD,DOO,2,1
2025,Shanghai,6,10,HAD,GAS,2,2
2025,Shanghai,6,16,HAD,LEC,1,1
2025,Shanghai,6,22,HAD,TSU,2,0
2025,Shanghai,6,23,HAD,ALB,1,0
2025,Shanghai,6,27,HAD,HUL,1,1
2025,Shanghai,6,30,HAD,LAW,1,0
2025,Shanghai,6,55,HAD,SAI,2,0
2025,Shanghai,6,87,HAD,BEA,2,1
2025,Shanghai,7,5,DOO,BOR,2,1
2025,Shanghai,7,6,DOO,HAD,2,1
2025,Shanghai,7,10,DOO,GAS,1,0
2025,Shanghai,7,14,DOO,ALO,1,1
2025,Shanghai,7,18,DOO,STR,1,0
2025,Shanghai,7,22,DOO,TSU,2,0
2025,Shanghai,7,27,DOO,HUL,4,4
2025,Shanghai,7,30,DOO,LAW,1,0
2025,Shanghai,7,55,DOO,SAI,2,0
2025,Shanghai,7,87,DOO,BEA,2,1
2025,Shanghai,10,5,GAS,BOR,2,2
2025,Shanghai,10,6,GAS,HAD,4,2
2025,Shanghai,10,7,GAS,DOO,2,1
2025,Shanghai,10,14,GAS,ALO,1,1
2025,Shanghai,10,18,GAS,STR,2,0
2025,Shanghai,10,22,GAS,TSU,1,0
2025,Shanghai,10,23,GAS,ALB,1,0
2025,Shanghai,10,27,GAS,HUL,2,1
2025,Shanghai,10,30,GAS,LAW,1,0
2025,Shanghai,10,55,GAS,SAI,4,1
2025,Shanghai,10,87,GAS,BEA,4,2
2025,Shanghai,12,4,ANT,NOR,1,0
2025,Shanghai,12,6,ANT,HAD,1,1
2025,Shanghai,12,18,ANT,STR,2,1
2025,Shanghai,12,22,ANT,TSU,1,0
2025,Shanghai,12,23,ANT,ALB,1,0
2025,Shanghai,12,27,ANT,HUL,1,1
2025,Shanghai,12,30,ANT,LAW,1,0
2025,Shanghai,12,55,ANT,SAI,1,0
2025,Shanghai,12,87,ANT,BEA,1,0
2025,Shanghai,14,23,ALO,ALB,3,1
2025,Shanghai,14,27,ALO,HUL,1,1
2025,Shanghai,16,1,LEC,VER,1,0
2025,Shanghai,16,6,LEC,HAD,1,0
2025,Shanghai,16,18,LEC,STR,1,1
2025,Shanghai,16,23,LEC,ALB,1,0
2025,Shanghai,16,30,LEC,LAW,1,0
2025,Shanghai,16,44,LEC,HAM,2,1
2025,Shanghai,16,55,LEC,SAI,1,0
2025,Shanghai,16,63,LEC,RUS,1,0
2025,Shanghai,16,87,LEC,BEA,1,0
2025,Shanghai,18,1,STR,VER,1,0
2025,Shanghai,18,4,STR,NOR,1,0
2025,Shanghai,18,6,STR,HAD,1,0
2025,Shanghai,18,7,STR,DOO,1,1
2025,Shanghai,18,10,STR,GAS,1,0
2025,Shanghai,18,12,STR,ANT,1,0
2025,Shanghai,18,14,STR,ALO,1,1
2025,Shanghai,18,16,STR,LEC,1,0
2025,Shanghai,18,22,STR,TSU,1,0
2025,Shanghai,18,23,STR,ALB,2,1
2025,Shanghai,18,27,STR,HUL,2,1
2025,Shanghai,18,31,STR,OCO,1,0
2025,Shanghai,18,44,STR,HAM,1,0
2025,Shanghai,18,55,STR,SAI,2,2
2025,Shanghai,18,63,STR,RUS,1,0
2025,Shanghai,22,4,TSU,NOR,1,0
2025,Shanghai,22,6,TSU,HAD,2,1
2025,Shanghai,22,7,TSU,DOO,1,1
2025,Shanghai,22,12,TSU,ANT,1,1
2025,Shanghai,22,23,TSU,ALB,1,0
2025,Shanghai,22,27,TSU,HUL,1,1
2025,Shanghai,22,30,TSU,LAW,1,0
2025,Shanghai,22,55,TSU,SAI,1,0
2025,Shanghai,22,87,TSU,BEA,1,0
2025,Shanghai,23,1,ALB,VER,1,0
2025,Shanghai,23,4,ALB,NOR,1,0
2025,Shanghai,23,6,ALB,HAD,2,0
2025,Shanghai,23,10,ALB,GAS,1,1
2025,Shanghai,23,12,ALB,ANT,1,0
2025,Shanghai,23,14,ALB,ALO,2,2
2025,Shanghai,23,16,ALB,LEC,1,0
2025,Shanghai,23,18,ALB,STR,1,0
2025,Shanghai,23,22,ALB,TSU,2,0
2025,Shanghai,23,31,ALB,OCO,1,0
2025,Shanghai,23,44,ALB,HAM,1,0
2025,Shanghai,23,63,ALB,RUS,1,0
2025,Shanghai,23,81,ALB,PIA,1,0
2025,Shanghai,23,87,ALB,BEA,1,0
2025,Shanghai,27,1,HUL,VER,1,0
2025,Shanghai,27,5,HUL,BOR,2,0
2025,Shanghai,27,6,HUL,HAD,1,0
2025,Shanghai,27,7,HUL,DOO,4,2
2025,Shanghai,27,10,HUL,GAS,1,0
2025,Shanghai,27,12,HUL,ANT,1,0
2025,Shanghai,27,14,HUL,ALO,1,1
2025,Shanghai,27,18,HUL,STR,1,0
2025,Shanghai,27,22,HUL,TSU,2,0
2025,Shanghai,27,30,HUL,LAW,2,0
2025,Shanghai,27,31,HUL,OCO,1,0
2025,Shanghai,27,55,HUL,SAI,2,0
2025,Shanghai,30,1,LAW,VER,1,0
2025,Shanghai,30,5,LAW,BOR,2,1
2025,Shanghai,30,6,LAW,HAD,1,0
2025,Shanghai,30,7,LAW,DOO,2,1
2025,Shanghai,30,10,LAW,GAS,1,0
2025,Shanghai,30,12,LAW,ANT,1,0
2025,Shanghai,30,14,LAW,ALO,1,1
2025,Shanghai,30,16,LAW,LEC,1,0
2025,Shanghai,30,22,LAW,TSU,1,0
2025,Shanghai,30,27,LAW,HUL,3,2
2025,Shanghai,30,31,LAW,OCO,2,2
2025,Shanghai,30,44,LAW,HAM,1,0
2025,Shanghai,30,55,LAW,SAI,2,0
2025,Shanghai,30,87,LAW,BEA,2,1
2025,Shanghai,31,5,OCO,BOR,1,1
2025,Shanghai,31,6,OCO,HAD,1,0
2025,Shanghai,31,7,OCO,DOO,1,1
2025,Shanghai,31,10,OCO,GAS,1,0
2025,Shanghai,31,12,OCO,ANT,1,1
2025,Shanghai,31,18,OCO,STR,1,0
2025,Shanghai,31,22,OCO,TSU,1,0
2025,Shanghai,31,23,OCO,ALB,2,1
2025,Shanghai,31,27,OCO,HUL,1,1
2025,Shanghai,31,30,OCO,LAW,2,1
2025,Shanghai,31,55,OCO,SAI,2,0
2025,Shanghai,31,87,OCO,BEA,1,0
2025,Shanghai,44,1,HAM,VER,1,0
2025,Shanghai,44,16,HAM,LEC,1,0
2025,Shanghai,44,18,HAM,STR,1,1
2025,Shanghai,44,23,HAM,ALB,1,0
2025,Shanghai,44,30,HAM,LAW,1,1
2025,Shanghai,44,55,HAM,SAI,1,0
2025,Shanghai,44,87,HAM,BEA,1,1
2025,Shanghai,55,1,SAI,VER,1,0
2025,Shanghai,55,5,SAI,BOR,1,0
2025,Shanghai,55,6,SAI,HAD,2,0
2025,Shanghai,55,7,SAI,DOO,2,1
2025,Shanghai,55,10,SAI,GAS,2,1
2025,Shanghai,55,12,SAI,ANT,1,0
2025,Shanghai,55,14,SAI,ALO,1,1
2025,Shanghai,55,16,SAI,LEC,1,0
2025,Shanghai,55,18,SAI,STR,2,1
2025,Shanghai,55,22,SAI,TSU,1,0
2025,Shanghai,55,27,SAI,HUL,2,0
2025,Shanghai,55,30,SAI,LAW,1,0
2025,Shanghai,55,31,SAI,OCO,1,0
2025,Shanghai,55,44,SAI,HAM,1,0
2025,Shanghai,55,63,SAI,RUS,1,0
2025,Shanghai,55,87,SAI,BEA,2,1
2025,Shanghai,63,4,RUS,NOR,1,0
2025,Shanghai,63,16,RUS,LEC,2,1
2025,Shanghai,63,18,RUS,STR,1,1
2025,Shanghai,63,23,RUS,ALB,1,0
2025,Shanghai,63,55,RUS,SAI,1,0
2025,Shanghai,63,87,RUS,BEA,1,0
2025,Shanghai,81,1,PIA,VER,1,1
2025,Shanghai,81,4,PIA,NOR,1,0
2025,Shanghai,81,16,PIA,LEC,1,0
2025,Shanghai,81,23,PIA,ALB,1,1
2025,Shanghai,87,1,BEA,VER,1,0
2025,Shanghai,87,5,BEA,BOR,1,1
2025,Shanghai,87,6,BEA,HAD,2,0
2025,Shanghai,87,7,BEA,DOO,2,2
2025,Shanghai,87,10,BEA,GAS,4,2
2025,Shanghai,87,12,BEA,ANT,1,0
2025,Shanghai,87,14,BEA,ALO,1,1
2025,Shanghai,87,16,BEA,LEC,1,0
2025,Shanghai,87,18,BEA,STR,1,0
2025,Shanghai,87,22,BEA,TSU,2,0
2025,Shanghai,87,23,BEA,ALB,1,0
2025,Shanghai,87,27,BEA,HUL,1,0
2025,Shanghai,87,30,BEA,LAW,1,0
2025,Shanghai,87,31,BEA,OCO,1,0
2025,Shanghai,87,44,BEA,HAM,1,0
2025,Shanghai,87,55,BEA,SAI,3,1
2025,Shanghai,87,63,BEA,RUS,1,0
2025,Silverstone,1,4,VER,NOR,1,0
2025,Silverstone,1,10,VER,GAS,1,1
2025,Silverstone,1,14,VER,ALO,1,0
2025,Silverstone,1,18,VER,STR,1,1
2025,Silverstone,1,23,VER,ALB,3,1
2025,Silverstone,1,31,VER,OCO,1,0
2025,Silverstone,1,55,VER,SAI,1,1
2025,Silverstone,1,63,VER,RUS,1,0
2025,Silverstone,1,81,VER,PIA,1,1
2025,Silverstone,4,1,NOR,VER,2,1
2025,Silverstone,4,23,NOR,ALB,1,0
2025,Silverstone,4,81,NOR,PIA,1,0
2025,Silverstone,5,30,BOR,LAW,1,1
2025,Silverstone,6,12,HAD,ANT,1,0
2025,Silverstone,6,16,HAD,LEC,1,1
2025,Silverstone,6,30,HAD,LAW,1,1
2025,Silverstone,10,1,GAS,VER,1,0
2025,Silverstone,10,12,GAS,ANT,2,0
2025,Silverstone,10,14,GAS,ALO,1,1
2025,Silverstone,10,16,GAS,LEC,1,0
2025,Silverstone,10,18,GAS,STR,2,0
2025,Silverstone,10,23,GAS,ALB,2,0
2025,Silverstone,10,31,GAS,OCO,3,1
2025,Silverstone,10,44,GAS,HAM,1,1
2025,Silverstone,10,63,GAS,RUS,2,0
2025,Silverstone,12,10,ANT,GAS,2,0
2025,Silverstone,12,14,ANT,ALO,2,0
2025,Silverstone,12,16,ANT,LEC,4,1
2025,Silverstone,12,22,ANT,TSU,1,0
2025,Silverstone,12,23,ANT,ALB,1,0
2025,Silverstone,12,31,ANT,OCO,1,0
2025,Silverstone,12,44,ANT,HAM,2,0
2025,Silverstone,12,55,ANT,SAI,2,0
2025,Silverstone,12,63,ANT,RUS,2,0
2025,Silverstone,12,87,ANT,BEA,3,1
2025,Silverstone,14,1,ALO,VER,1,1
2025,Silverstone,14,12,ALO,ANT,2,0
2025,Silverstone,14,16,ALO,LEC,2,0
2025,Silverstone,14,18,ALO,STR,1,0
2025,Silverstone,14,22,ALO,TSU,1,0
2025,Silverstone,14,23,ALO,ALB,2,1
2025,Silverstone,14,31,ALO,OCO,2,0
2025,Silverstone,14,55,ALO,SAI,1,0
2025,Silverstone,14,63,ALO,RUS,3,1
2025,Silverstone,14,87,ALO,BEA,1,0
2025,Silverstone,16,1,LEC,VER,1,0
2025,Silverstone,16,6,LEC,HAD,1,1
2025,Silverstone,16,10,LEC,GAS,1,0
2025,Silverstone,16,12,LEC,ANT,4,1
2025,Silverstone,16,14,LEC,ALO,1,0
2025,Silverstone,16,18,LEC,STR,1,0
2025,Silverstone,16,22,LEC,TSU,1,1
2025,Silverstone,16,23,LEC,ALB,1,1
2025,Silverstone,16,27,LEC,HUL,1,0
2025,Silverstone,16,30,LEC,LAW,1,1
2025,Silverstone,16,31,LEC,OCO,1,0
2025,Silverstone,16,44,LEC,HAM,1,0
2025,Silverstone,16,55,LEC,SAI,1,1
2025,Silverstone,16,63,LEC,RUS,1,0
2025,Silverstone,18,1,STR,VER,1,1
2025,Silverstone,18,5,STR,BOR,1,0
2025,Silverstone,18,6,STR,HAD,1,0
2025,Silverstone,18,10,STR,GAS,2,0
2025,Silverstone,18,12,STR,ANT,1,0
2025,Silverstone,18,14,STR,ALO,2,0
2025,Silverstone,18,16,STR,LEC,2,0
2025,Silverstone,18,22,STR,TSU,3,1
2025,Silverstone,18,23,STR,ALB,4,0
2025,Silverstone,18,27,STR,HUL,5,2
2025,Silverstone,18,30,STR,LAW,1,0
2025,Silverstone,18,31,STR,OCO,4,2
2025,Silverstone,18,55,STR,SAI,2,0
2025,Silverstone,18,63,STR,RUS,1,0
2025,Silverstone,22,12,TSU,ANT,2,0
2025,Silverstone,22,14,TSU,ALO,1,0
2025,Silverstone,22,16,TSU,LEC,1,0
2025,Silverstone,22,18,TSU,STR,2,0
2025,Silverstone,22,27,TSU,HUL,1,0
2025,Silverstone,22,30,TSU,LAW,1,1
2025,Silverstone,22,31,TSU,OCO,2,1
2025,Silverstone,22,63,TSU,RUS,4,0
2025,Silverstone,22,87,TSU,BEA,2,2
2025,Silverstone,23,1,ALB,VER,2,1
2025,Silverstone,23,4,ALB,NOR,1,0
2025,Silverstone,23,6,ALB,HAD,1,0
2025,Silverstone,23,10,ALB,GAS,2,0
2025,Silverstone,23,12,ALB,ANT,2,0
2025,Silverstone,23,14,ALB,ALO,3,0
2025,Silverstone,23,16,ALB,LEC,2,0
2025,Silverstone,23,18,ALB,STR,3,0
2025,Silverstone,23,22,ALB,TSU,1,0
2025,Silverstone,23,27,ALB,HUL,1,0
2025,Silverstone,23,31,ALB,OCO,1,0
2025,Silverstone,23,44,ALB,HAM,2,0
2025,Silverstone,23,55,ALB,SAI,3,0
2025,Silverstone,23,63,ALB,RUS,2,0
2025,Silverstone,23,87,ALB,BEA,1,0
2025,Silverstone,27,1,HUL,VER,1,1
2025,Silverstone,27,5,HUL,BOR,1,0
2025,Silverstone,27,6,HUL,HAD,2,0
2025,Silverstone,27,10,HUL,GAS,1,0
2025,Silverstone,27,12,HUL,ANT,1,0
2025,Silverstone,27,14,HUL,ALO,1,0
2025,Silverstone,27,16,HUL,LEC,2,0
2025,Silverstone,27,18,HUL,STR,6,4
2025,Silverstone,27,22,HUL,TSU,2,0
2025,Silverstone,27,23,HUL,ALB,1,0
2025,Silverstone,27,30,HUL,LAW,1,0
2025,Silverstone,27,31,HUL,OCO,2,1
2025,Silverstone,27,55,HUL,SAI,1,0
2025,Silverstone,27,63,HUL,RUS,2,0
2025,Silverstone,27,87,HUL,BEA,2,0
2025,Silverstone,30,6,LAW,HAD,1,0
2025,Silverstone,30,16,LAW,LEC,1,0
2025,Silverstone,30,22,LAW,TSU,1,0
2025,Silverstone,30,31,LAW,OCO,1,0
2025,Silverstone,30,63,LAW,RUS,1,0
2025,Silverstone,31,1,OCO,VER,1,0
2025,Silverstone,31,6,OCO,HAD,1,0
2025,Silverstone,31,10,OCO,GAS,3,0
2025,Silverstone,31,12,OCO,ANT,2,0
2025,Silverstone,31,14,OCO,ALO,2,0
2025,Silverstone,31,16,OCO,LEC,2,1
2025,Silverstone,31,18,OCO,STR,2,0
2025,Silverstone,31,22,OCO,TSU,2,1
2025,Silverstone,31,23,OCO,ALB,1,0
2025,Silverstone,31,27,OCO,HUL,1,0
2025,Silverstone,31,30,OCO,LAW,1,0
2025,Silverstone,31,44,OCO,HAM,2,0
2025,Silverstone,31,55,OCO,SAI,2,0
2025,Silverstone,31,63,OCO,RUS,4,0
2025,Silverstone,31,87,OCO,BEA,3,2
2025,Silverstone,44,1,HAM,VER,1,0
2025,Silverstone,44,10,HAM,GAS,1,1
2025,Silverstone,44,12,HAM,ANT,2,0
2025,Silverstone,44,16,HAM,LEC,1,0
2025,Silverstone,44,18,HAM,STR,1,1
2025,Silverstone,44,23,HAM,ALB,2,0
2025,Silverstone,44,31,HAM,OCO,2,1
2025,Silverstone,44,63,HAM,RUS,3,2
2025,Silverstone,55,1,SAI,VER,1,1
2025,Silverstone,55,12,SAI,ANT,2,0
2025,Silverstone,55,14,SAI,ALO,1,0
2025,Silverstone,55,16,SAI,LEC,2,1
2025,Silverstone,55,18,SAI,STR,1,0
2025,Silverstone,55,23,SAI,ALB,2,0
2025,Silverstone,55,31,SAI,OCO,2,0
2025,Silverstone,55,63,SAI,RUS,2,0
2025,Silverstone,63,1,RUS,VER,1,0
2025,Silverstone,63,10,RUS,GAS,1,0
2025,Silverstone,63,12,RUS,ANT,2,1
2025,Silverstone,63,14,RUS,ALO,2,1
2025,Silverstone,63,16,RUS,LEC,1,0
2025,Silverstone,63,22,RUS,TSU,4,0
2025,Silverstone,63,23,RUS,ALB,1,0
2025,Silverstone,63,27,RUS,HUL,1,0
2025,Silverstone,63,30,RUS,LAW,1,1
2025,Silverstone,63,31,RUS,OCO,4,2
2025,Silverstone,63,44,RUS,HAM,2,2
2025,Silverstone,63,55,RUS,SAI,1,0
2025,Silverstone,63,87,RUS,BEA,1,0
2025,Silverstone,81,1,PIA,VER,2,2
2025,Silverstone,87,5,BEA,BOR,1,1
2025,Silverstone,87,6,BEA,HAD,1,1
2025,Silverstone,87,12,BEA,ANT,4,1
2025,Silverstone,87,14,BEA,ALO,1,0
2025,Silverstone,87,16,BEA,LEC,1,1
2025,Silverstone,87,22,BEA,TSU,3,2
2025,Silverstone,87,23,BEA,ALB,1,0
2025,Silverstone,87,27,BEA,HUL,1,0
2025,Silverstone,87,30,BEA,LAW,1,1
2025,Silverstone,87,31,BEA,OCO,4,1
2025,Silverstone,87,55,BEA,SAI,1,1
2025,Singapore,1,4,VER,NOR,1,0
2025,Singapore,1,12,VER,ANT,1,0
2025,Singapore,1,16,VER,LEC,1,0
2025,Singapore,1,44,VER,HAM,1,0
2025,Singapore,1,81,VER,PIA,1,0
2025,Singapore,4,1,NOR,VER,1,0
2025,Singapore,4,12,NOR,ANT,1,0
2025,Singapore,4,63,NOR,RUS,1,0
2025,Singapore,4,81,NOR,PIA,2,0
2025,Singapore,5,10,BOR,GAS,1,0
2025,Singapore,5,18,BOR,STR,2,0
2025,Singapore,5,22,BOR,TSU,1,1
2025,Singapore,5,23,BOR,ALB,1,0
2025,Singapore,5,27,BOR,HUL,2,1
2025,Singapore,5,30,BOR,LAW,1,0
2025,Singapore,5,31,BOR,OCO,1,0
2025,Singapore,5,55,BOR,SAI,1,0
2025,Singapore,5,87,BOR,BEA,1,0
2025,Singapore,6,10,HAD,GAS,1,0
2025,Singapore,6,14,HAD,ALO,3,2
2025,Singapore,6,18,HAD,STR,1,0
2025,Singapore,6,23,HAD,ALB,1,0
2025,Singapore,6,27,HAD,HUL,1,0
2025,Singapore,6,30,HAD,LAW,1,0
2025,Singapore,6,31,HAD,OCO,1,0
2025,Singapore,6,55,HAD,SAI,1,0
2025,Singapore,6,87,HAD,BEA,1,0
2025,Singapore,10,6,GAS,HAD,1,0
2025,Singapore,10,18,GAS,STR,1,0
2025,Singapore,10,22,GAS,TSU,1,0
2025,Singapore,10,23,GAS,ALB,1,0
2025,Singapore,10,27,GAS,HUL,3,2
2025,Singapore,10,30,GAS,LAW,1,0
2025,Singapore,10,31,GAS,OCO,2,1
2025,Singapore,10,43,GAS,COL,1,0
2025,Singapore,10,87,GAS,BEA,2,1
2025,Singapore,12,1,ANT,VER,1,0
2025,Singapore,12,14,ANT,ALO,1,0
2025,Singapore,12,16,ANT,LEC,2,1
2025,Singapore,14,6,ALO,HAD,4,3
2025,Singapore,14,12,ALO,ANT,1,0
2025,Singapore,14,16,ALO,LEC,1,0
2025,Singapore,14,18,ALO,STR,1,0
2025,Singapore,14,23,ALO,ALB,1,1
2025,Singapore,14,27,ALO,HUL,1,0
2025,Singapore,14,30,ALO,LAW,1,1
2025,Singapore,14,31,ALO,OCO,1,0
2025,Singapore,14,44,ALO,HAM,1,0
2025,Singapore,14,55,ALO,SAI,1,1
2025,Singapore,14,87,ALO,BEA,2,1
2025,Singapore,16,1,LEC,VER,1,0
2025,Singapore,16,12,LEC,ANT,1,0
2025,Singapore,16,14,LEC,ALO,1,0
2025,Singapore,16,27,LEC,HUL,1,0
2025,Singapore,16,44,LEC,HAM,3,1
2025,Singapore,16,87,LEC,BEA,1,0
2025,Singapore,18,5,STR,BOR,3,2
2025,Singapore,18,6,STR,HAD,1,0
2025,Singapore,18,10,STR,GAS,1,0
2025,Singapore,18,14,STR,ALO,1,0
2025,Singapore,18,22,STR,TSU,2,1
2025,Singapore,18,23,STR,ALB,2,1
2025,Singapore,18,27,STR,HUL,3,1
2025,Singapore,18,30,STR,LAW,2,0
2025,Singapore,18,31,STR,OCO,1,0
2025,Singapore,18,43,STR,COL,3,2
2025,Singapore,18,55,STR,SAI,1,0
2025,Singapore,18,87,STR,BEA,2,0
2025,Singapore,22,5,TSU,BOR,1,0
2025,Singapore,22,10,TSU,GAS,1,0
2025,Singapore,22,18,TSU,STR,1,0
2025,Singapore,22,23,TSU,ALB,1,0
2025,Singapore,22,27,TSU,HUL,1,0
2025,Singapore,22,30,TSU,LAW,2,0
2025,Singapore,22,31,TSU,OCO,1,0
2025,Singapore,22,43,TSU,COL,1,1
2025,Singapore,22,55,TSU,SAI,1,0
2025,Singapore,23,5,ALB,BOR,1,1
2025,Singapore,23,6,ALB,HAD,1,0
2025,Singapore,23,10,ALB,GAS,2,0
2025,Singapore,23,14,ALB,ALO,1,0
2025,Singapore,23,18,ALB,STR,2,1
2025,Singapore,23,22,ALB,TSU,1,0
2025,Singapore,23,27,ALB,HUL,3,0
2025,Singapore,23,30,ALB,LAW,1,0
2025,Singapore,23,31,ALB,OCO,2,1
2025,Singapore,23,43,ALB,COL,2,1
2025,Singapore,23,87,ALB,BEA,2,0
2025,Singapore,27,5,HUL,BOR,1,0
2025,Singapore,27,6,HUL,HAD,1,0
2025,Singapore,27,10,HUL,GAS,2,0
2025,Singapore,27,14,HUL,ALO,1,0
2025,Singapore,27,16,HUL,LEC,1,0
2025,Singapore,27,18,HUL,STR,2,0
2025,Singapore,27,22,HUL,TSU,1,0
2025,Singapore,27,23,HUL,ALB,2,0
2025,Singapore,27,30,HUL,LAW,1,0
2025,Singapore,27,31,HUL,OCO,2,0
2025,Singapore,27,43,HUL,COL,1,0
2025,Singapore,27,44,HUL,HAM,1,0
2025,Singapore,27,55,HUL,SAI,1,0
2025,Singapore,27,87,HUL,BEA,1,0
2025,Singapore,30,5,LAW,BOR,1,1
2025,Singapore,30,6,LAW,HAD,1,0
2025,Singapore,30,10,LAW,GAS,1,0
2025,Singapore,30,14,LAW,ALO,1,0
2025,Singapore,30,18,LAW,STR,1,0
2025,Singapore,30,22,LAW,TSU,1,0
2025,Singapore,30,27,LAW,HUL,2,0
2025,Singapore,30,31,LAW,OCO,1,1
2025,Singapore,30,43,LAW,COL,1,1
2025,Singapore,30,87,LAW,BEA,2,0
2025,Singapore,31,5,OCO,BOR,1,0
2025,Singapore,31,6,OCO,HAD,1,0
2025,Singapore,31,10,OCO,GAS,2,2
2025,Singapore,31,14,OCO,ALO,1,0
2025,Singapore,31,18,OCO,STR,1,0
2025,Singapore,31,22,OCO,TSU,1,1
2025,Singapore,31,23,OCO,ALB,1,0
2025,Singapore,31,27,OCO,HUL,3,1
2025,Singapore,31,30,OCO,LAW,1,0
2025,Singapore,31,43,OCO,COL,2,1
2025,Singapore,31,87,OCO,BEA,2,0
2025,Singapore,43,10,COL,GAS,1,0
2025,Singapore,43,18,COL,STR,3,1
2025,Singapore,43,23,COL,ALB,1,0
2025,Singapore,43,27,COL,HUL,1,0
2025,Singapore,43,30,COL,LAW,1,0
2025,Singapore,43,31,COL,OCO,2,1
2025,Singapore,43,55,COL,SAI,1,0
2025,Singapore,44,1,HAM,VER,1,0
2025,Singapore,44,14,HAM,ALO,1,0
2025,Singapore,44,16,HAM,LEC,2,1
2025,Singapore,44,27,HAM,HUL,1,0
2025,Singapore,55,5,SAI,BOR,2,1
2025,Singapore,55,6,SAI,HAD,2,1
2025,Singapore,55,14,SAI,ALO,1,0
2025,Singapore,55,18,SAI,STR,2,0
2025,Singapore,55,22,SAI,TSU,2,1
2025,Singapore,55,27,SAI,HUL,2,0
2025,Singapore,55,30,SAI,LAW,1,0
2025,Singapore,55,31,SAI,OCO,1,0
2025,Singapore,55,43,SAI,COL,2,1
2025,Singapore,55,87,SAI,BEA,2,0
2025,Singapore,63,4,RUS,NOR,1,0
2025,Singapore,63,81,RUS,PIA,1,0
2025,Singapore,81,1,PIA,VER,1,0
2025,Singapore,81,4,PIA,NOR,1,0
2025,Singapore,81,63,PIA,RUS,1,0
2025,Singapore,87,5,BEA,BOR,1,0
2025,Singapore,87,6,BEA,HAD,2,0
2025,Singapore,87,10,BEA,GAS,2,0
2025,Singapore,87,14,BEA,ALO,1,0
2025,Singapore,87,16,BEA,LEC,1,0
2025,Singapore,87,18,BEA,STR,2,0
2025,Singapore,87,22,BEA,TSU,1,0
2025,Singapore,87,23,BEA,ALB,2,1
2025,Singapore,87,27,BEA,HUL,1,0
2025,Singapore,87,30,BEA,LAW,2,0
2025,Singapore,87,31,BEA,OCO,2,0
2025,Singapore,87,43,BEA,COL,1,0
2025,Singapore,87,55,BEA,SAI,2,0
2025,Spa-Francorchamps,1,6,VER,HAD,1,0
2025,Spa-Francorchamps,1,22,VER,TSU,1,0
2025,Spa-Francorchamps,1,31,VER,OCO,1,0
2025,Spa-Francorchamps,1,81,VER,PIA,1,1
2025,Spa-Francorchamps,4,16,NOR,LEC,1,1
2025,Spa-Francorchamps,4,81,NOR,PIA,1,0
2025,Spa-Francorchamps,5,6,BOR,HAD,1,0
2025,Spa-Francorchamps,5,10,BOR,GAS,1,0
2025,Spa-Francorchamps,5,22,BOR,TSU,2,0
2025,Spa-Francorchamps,5,27,BOR,HUL,1,1
2025,Spa-Francorchamps,5,31,BOR,OCO,1,0
2025,Spa-Francorchamps,6,10,HAD,GAS,1,0
2025,Spa-Francorchamps,6,30,HAD,LAW,1,0
2025,Spa-Francorchamps,10,12,GAS,ANT,1,0
2025,Spa-Francorchamps,10,18,GAS,STR,1,0
2025,Spa-Francorchamps,10,22,GAS,TSU,1,0
2025,Spa-Francorchamps,10,27,GAS,HUL,1,0
2025,Spa-Francorchamps,10,43,GAS,COL,1,0
2025,Spa-Francorchamps,10,55,GAS,SAI,1,0
2025,Spa-Francorchamps,10,87,GAS,BEA,1,1
2025,Spa-Francorchamps,12,6,ANT,HAD,1,1
2025,Spa-Francorchamps,12,10,ANT,GAS,2,1
2025,Spa-Francorchamps,12,14,ANT,ALO,2,2
2025,Spa-Francorchamps,12,18,ANT,STR,2,2
2025,Spa-Francorchamps,12,27,ANT,HUL,2,1
2025,Spa-Francorchamps,12,31,ANT,OCO,2,1
2025,Spa-Francorchamps,12,43,ANT,COL,1,1
2025,Spa-Francorchamps,12,44,ANT,HAM,1,1
2025,Spa-Francorchamps,12,55,ANT,SAI,1,0
2025,Spa-Francorchamps,14,6,ALO,HAD,1,0
2025,Spa-Francorchamps,14,10,ALO,GAS,1,0
2025,Spa-Francorchamps,14,12,ALO,ANT,2,1
2025,Spa-Francorchamps,14,18,ALO,STR,3,2
2025,Spa-Francorchamps,14,31,ALO,OCO,1,0
2025,Spa-Francorchamps,14,43,ALO,COL,1,0
2025,Spa-Francorchamps,14,55,ALO,SAI,1,0
2025,Spa-Francorchamps,14,87,ALO,BEA,1,0
2025,Spa-Francorchamps,16,4,LEC,NOR,1,1
2025,Spa-Francorchamps,16,6,LEC,HAD,1,0
2025,Spa-Francorchamps,16,22,LEC,TSU,1,0
2025,Spa-Francorchamps,16,31,LEC,OCO,1,0
2025,Spa-Francorchamps,18,6,STR,HAD,1,1
2025,Spa-Francorchamps,18,10,STR,GAS,2,0
2025,Spa-Francorchamps,18,12,STR,ANT,2,1
2025,Spa-Francorchamps,18,14,STR,ALO,4,1
2025,Spa-Francorchamps,18,27,STR,HUL,2,0
2025,Spa-Francorchamps,18,31,STR,OCO,1,0
2025,Spa-Francorchamps,18,43,STR,COL,1,1
2025,Spa-Francorchamps,18,55,STR,SAI,2,1
2025,Spa-Francorchamps,22,5,TSU,BOR,1,0
2025,Spa-Francorchamps,22,10,TSU,GAS,1,0
2025,Spa-Francorchamps,22,23,TSU,ALB,1,0
2025,Spa-Francorchamps,22,27,TSU,HUL,1,0
2025,Spa-Francorchamps,23,10,ALB,GAS,1,0
2025,Spa-Francorchamps,23,31,ALB,OCO,1,0
2025,Spa-Francorchamps,23,44,ALB,HAM,1,1
2025,Spa-Francorchamps,27,5,HUL,BOR,1,1
2025,Spa-Francorchamps,27,6,HUL,HAD,1,0
2025,Spa-Francorchamps,27,10,HUL,GAS,2,0
2025,Spa-Francorchamps,27,12,HUL,ANT,1,0
2025,Spa-Francorchamps,27,18,HUL,STR,2,1
2025,Spa-Francorchamps,27,22,HUL,TSU,1,1
2025,Spa-Francorchamps,27,31,HUL,OCO,2,1
2025,Spa-Francorchamps,27,43,HUL,COL,1,0
2025,Spa-Francorchamps,27,55,HUL,SAI,1,0
2025,Spa-Francorchamps,27,87,HUL,BEA,1,0
2025,Spa-Francorchamps,30,6,LAW,HAD,2,1
2025,Spa-Francorchamps,30,10,LAW,GAS,1,0
2025,Spa-Francorchamps,30,22,LAW,TSU,1,0
2025,Spa-Francorchamps,30,31,LAW,OCO,1,0
2025,Spa-Francorchamps,30,44,LAW,HAM,1,0
2025,Spa-Francorchamps,31,6,OCO,HAD,1,0
2025,Spa-Francorchamps,31,12,OCO,ANT,2,1
2025,Spa-Francorchamps,31,14,OCO,ALO,1,0
2025,Spa-Francorchamps,31,16,OCO,LEC,1,0
2025,Spa-Francorchamps,31,27,OCO,HUL,1,0
2025,Spa-Francorchamps,31,43,OCO,COL,1,0
2025,Spa-Francorchamps,31,55,OCO,SAI,2,0
2025,Spa-Francorchamps,31,87,OCO,BEA,1,0
2025,Spa-Francorchamps,43,6,COL,HAD,1,1
2025,Spa-Francorchamps,43,10,COL,GAS,2,1
2025,Spa-Francorchamps,43,27,COL,HUL,1,0
2025,Spa-Francorchamps,43,31,COL,OCO,1,0
2025,Spa-Francorchamps,43,44,COL,HAM,2,1
2025,Spa-Francorchamps,44,5,HAM,BOR,1,0
2025,Spa-Francorchamps,44,10,HAM,GAS,2,1
2025,Spa-Francorchamps,44,12,HAM,ANT,2,1
2025,Spa-Francorchamps,44,18,HAM,STR,2,1
2025,Spa-Francorchamps,44,23,HAM,ALB,2,2
2025,Spa-Francorchamps,44,27,HAM,HUL,2,2
2025,Spa-Francorchamps,44,30,HAM,LAW,2,0
2025,Spa-Francorchamps,44,31,HAM,OCO,1,0
2025,Spa-Francorchamps,44,43,HAM,COL,3,2
2025,Spa-Francorchamps,44,55,HAM,SAI,2,1
2025,Spa-Francorchamps,44,87,HAM,BEA,1,0
2025,Spa-Francorchamps,55,6,SAI,HAD,1,1
2025,Spa-Francorchamps,55,10,SAI,GAS,1,0
2025,Spa-Francorchamps,55,18,SAI,STR,2,2
2025,Spa-Francorchamps,55,27,SAI,HUL,1,0
2025,Spa-Francorchamps,55,31,SAI,OCO,2,0
2025,Spa-Francorchamps,55,43,SAI,COL,1,0
2025,Spa-Francorchamps,63,6,RUS,HAD,1,0
2025,Spa-Francorchamps,63,10,RUS,GAS,1,0
2025,Spa-Francorchamps,63,22,RUS,TSU,1,0
2025,Spa-Francorchamps,63,23,RUS,ALB,1,1
2025,Spa-Francorchamps,63,31,RUS,OCO,1,0
2025,Spa-Francorchamps,81,4,PIA,NOR,2,1
2025,Spa-Francorchamps,87,6,BEA,HAD,1,0
2025,Spa-Francorchamps,87,14,BEA,ALO,1,1
2025,Spa-Francorchamps,87,22,BEA,TSU,1,1
2025,Spa-Francorchamps,87,27,BEA,HUL,1,0
2025,Spa-Francorchamps,87,31,BEA,OCO,2,1
2025,Spielberg,1,30,VER,LAW,1,0
2025,Spielberg,4,16,NOR,LEC,1,0
2025,Spielberg,4,44,NOR,HAM,1,0
2025,Spielberg,4,81,NOR,PIA,3,1
2025,Spielberg,5,1,BOR,VER,1,0
2025,Spielberg,5,6,BOR,HAD,2,1
2025,Spielberg,5,10,BOR,GAS,3,1
2025,Spielberg,5,14,BOR,ALO,2,1
2025,Spielberg,5,18,BOR,STR,1,0
2025,Spielberg,5,23,BOR,ALB,1,0
2025,Spielberg,5,27,BOR,HUL,1,1
2025,Spielberg,5,30,BOR,LAW,2,1
2025,Spielberg,5,31,BOR,OCO,1,0
2025,Spielberg,5,63,BOR,RUS,2,0
2025,Spielberg,5,87,BOR,BEA,1,1
2025,Spielberg,6,1,HAD,VER,1,0
2025,Spielberg,6,5,HAD,BOR,2,0
2025,Spielberg,6,10,HAD,GAS,1,0
2025,Spielberg,6,12,HAD,ANT,1,0
2025,Spielberg,6,18,HAD,STR,3,3
2025,Spielberg,6,22,HAD,TSU,3,0
2025,Spielberg,6,27,HAD,HUL,3,0
2025,Spielberg,6,31,HAD,OCO,2,0
2025,Spielberg,6,43,HAD,COL,2,1
2025,Spielberg,6,63,HAD,RUS,1,0
2025,Spielberg,6,87,HAD,BEA,2,0
2025,Spielberg,10,1,GAS,VER,1,0
2025,Spielberg,10,5,GAS,BOR,3,0
2025,Spielberg,10,6,GAS,HAD,1,0
2025,Spielberg,10,12,GAS,ANT,1,0
2025,Spielberg,10,14,GAS,ALO,1,0
2025,Spielberg,10,18,GAS,STR,2,0
2025,Spielberg,10,22,GAS,TSU,1,0
2025,Spielberg,10,23,GAS,ALB,1,1
2025,Spielberg,10,30,GAS,LAW,2,0
2025,Spielberg,10,31,GAS,OCO,1,0
2025,Spielberg,10,43,GAS,COL,2,0
2025,Spielberg,10,87,GAS,BEA,1,1
2025,Spielberg,14,1,ALO,VER,1,0
2025,Spielberg,14,5,ALO,BOR,3,1
2025,Spielberg,14,10,ALO,GAS,2,0
2025,Spielberg,14,12,ALO,ANT,1,0
2025,Spielberg,14,16,ALO,LEC,1,0
2025,Spielberg,14,23,ALO,ALB,1,0
2025,Spielberg,14,27,ALO,HUL,1,0
2025,Spielberg,14,30,ALO,LAW,1,0
2025,Spielberg,14,31,ALO,OCO,1,0
2025,Spielberg,14,43,ALO,COL,1,1
2025,Spielberg,14,44,ALO,HAM,1,0
2025,Spielberg,14,63,ALO,RUS,2,0
2025,Spielberg,14,87,ALO,BEA,1,0
2025,Spielberg,16,4,LEC,NOR,1,0
2025,Spielberg,16,14,LEC,ALO,1,1
2025,Spielberg,16,30,LEC,LAW,1,1
2025,Spielberg,16,44,LEC,HAM,2,0
2025,Spielberg,16,81,LEC,PIA,1,0
2025,Spielberg,18,1,STR,VER,1,0
2025,Spielberg,18,5,STR,BOR,1,0
2025,Spielberg,18,6,STR,HAD,3,2
2025,Spielberg,18,10,STR,GAS,2,0
2025,Spielberg,18,12,STR,ANT,1,0
2025,Spielberg,18,22,STR,TSU,4,0
2025,Spielberg,18,31,STR,OCO,2,1
2025,Spielberg,18,43,STR,COL,4,2
2025,Spielberg,18,87,STR,BEA,2,0
2025,Spielberg,22,1,TSU,VER,1,0
2025,Spielberg,22,6,TSU,HAD,3,0
2025,Spielberg,22,10,TSU,GAS,1,0
2025,Spielberg,22,12,TSU,ANT,1,0
2025,Spielberg,22,18,TSU,STR,4,1
2025,Spielberg,22,31,TSU,OCO,2,0
2025,Spielberg,22,43,TSU,COL,4,0
2025,Spielberg,22,87,TSU,BEA,1,0
2025,Spielberg,23,1,ALB,VER,1,0
2025,Spielberg,23,5,ALB,BOR,1,0
2025,Spielberg,23,10,ALB,GAS,1,1
2025,Spielberg,23,12,ALB,ANT,1,0
2025,Spielberg,23,14,ALB,ALO,1,0
2025,Spielberg,23,30,ALB,LAW,1,0
2025,Spielberg,27,1,HUL,VER,1,0
2025,Spielberg,27,5,HUL,BOR,1,0
2025,Spielberg,27,6,HUL,HAD,4,2
2025,Spielberg,27,10,HUL,GAS,1,1
2025,Spielberg,27,12,HUL,ANT,1,0
2025,Spielberg,27,14,HUL,ALO,1,0
2025,Spielberg,27,18,HUL,STR,1,0
2025,Spielberg,27,22,HUL,TSU,1,0
2025,Spielberg,27,23,HUL,ALB,1,1
2025,Spielberg,27,30,HUL,LAW,1,0
2025,Spielberg,27,31,HUL,OCO,2,0
2025,Spielberg,27,43,HUL,COL,1,0
2025,Spielberg,27,55,HUL,SAI,1,0
2025,Spielberg,27,87,HUL,BEA,3,2
2025,Spielberg,30,1,LAW,VER,1,0
2025,Spielberg,30,5,LAW,BOR,2,0
2025,Spielberg,30,10,LAW,GAS,2,0
2025,Spielberg,30,14,LAW,ALO,1,0
2025,Spielberg,30,16,LAW,LEC,1,0
2025,Spielberg,30,23,LAW,ALB,1,0
2025,Spielberg,30,27,LAW,HUL,1,0
2025,Spielberg,30,31,LAW,OCO,1,0
2025,Spielberg,30,44,LAW,HAM,1,0
2025,Spielberg,30,63,LAW,RUS,2,0
2025,Spielberg,30,87,LAW,BEA,1,0
2025,Spielberg,31,1,OCO,VER,1,0
2025,Spielberg,31,5,OCO,BOR,1,0
2025,Spielberg,31,6,OCO,HAD,2,1
2025,Spielberg,31,10,OCO,GAS,2,1
2025,Spielberg,31,12,OCO,ANT,1,0
2025,Spielberg,31,14,OCO,ALO,1,0
2025,Spielberg,31,18,OCO,STR,3,2
2025,Spielberg,31,22,OCO,TSU,2,0
2025,Spielberg,31,23,OCO,ALB,1,0
2025,Spielberg,31,27,OCO,HUL,2,0
2025,Spielberg,31,30,OCO,LAW,1,0
2025,Spielberg,31,43,OCO,COL,3,2
2025,Spielberg,31,63,OCO,RUS,2,0
2025,Spielberg,31,87,OCO,BEA,3,1
2025,Spielberg,43,1,COL,VER,1,0
2025,Spielberg,43,6,COL,HAD,2,0
2025,Spielberg,43,10,COL,GAS,2,0
2025,Spielberg,43,12,COL,ANT,1,0
2025,Spielberg,43,18,COL,STR,3,1
2025,Spielberg,43,22,COL,TSU,4,1
2025,Spielberg,43,23,COL,ALB,1,1
2025,Spielberg,43,31,COL,OCO,2,1
2025,Spielberg,43,87,COL,BEA,3,1
2025,Spielberg,44,4,HAM,NOR,1,0
2025,Spielberg,44,14,HAM,ALO,1,1
2025,Spielberg,44,16,HAM,LEC,2,0
2025,Spielberg,44,30,HAM,LAW,1,1
2025,Spielberg,44,63,HAM,RUS,1,1
2025,Spielberg,44,81,HAM,PIA,1,0
2025,Spielberg,63,5,RUS,BOR,2,0
2025,Spielberg,63,6,RUS,HAD,2,1
2025,Spielberg,63,14,RUS,ALO,2,1
2025,Spielberg,63,18,RUS,STR,1,1
2025,Spielberg,63,30,RUS,LAW,2,1
2025,Spielberg,63,31,RUS,OCO,2,0
2025,Spielberg,63,44,RUS,HAM,1,0
2025,Spielberg,81,4,PIA,NOR,3,1
2025,Spielberg,81,16,PIA,LEC,2,0
2025,Spielberg,81,44,PIA,HAM,1,0
2025,Spielberg,87,1,BEA,VER,1,0
2025,Spielberg,87,5,BEA,BOR,1,0
2025,Spielberg,87,6,BEA,HAD,3,2
2025,Spielberg,87,10,BEA,GAS,2,1
2025,Spielberg,87,12,BEA,ANT,1,0
2025,Spielberg,87,14,BEA,ALO,1,0
2025,Spielberg,87,18,BEA,STR,2,1
2025,Spielberg,87,22,BEA,TSU,1,0
2025,Spielberg,87,23,BEA,ALB,1,1
2025,Spielberg,87,27,BEA,HUL,2,1
2025,Spielberg,87,30,BEA,LAW,1,0
2025,Spielberg,87,31,BEA,OCO,2,0
2025,Spielberg,87,43,BEA,COL,4,3
2025,Suzuka,1,6,VER,HAD,1,0
2025,Suzuka,1,12,VER,ANT,1,0
2025,Suzuka,1,23,VER,ALB,1,1
2025,Suzuka,1,44,VER,HAM,1,0
2025,Suzuka,4,6,NOR,HAD,1,0
2025,Suzuka,4,12,NOR,ANT,1,0
2025,Suzuka,4,23,NOR,ALB,1,0
2025,Suzuka,4,44,NOR,HAM,1,0
2025,Suzuka,5,7,BOR,DOO,1,0
2025,Suzuka,5,10,BOR,GAS,1,0
2025,Suzuka,5,14,BOR,ALO,1,0
2025,Suzuka,5,18,BOR,STR,1,0
2025,Suzuka,5,22,BOR,TSU,1,0
2025,Suzuka,5,27,BOR,HUL,1,0
2025,Suzuka,5,87,BOR,BEA,1,0
2025,Suzuka,6,1,HAD,VER,1,0
2025,Suzuka,6,4,HAD,NOR,1,0
2025,Suzuka,6,16,HAD,LEC,1,0
2025,Suzuka,6,30,HAD,LAW,1,1
2025,Suzuka,6,55,HAD,SAI,1,1
2025,Suzuka,6,63,HAD,RUS,1,0
2025,Suzuka,6,81,HAD,PIA,1,0
2025,Suzuka,7,5,DOO,BOR,2,1
2025,Suzuka,7,10,DOO,GAS,1,0
2025,Suzuka,7,18,DOO,STR,1,1
2025,Suzuka,7,27,DOO,HUL,1,0
2025,Suzuka,7,30,DOO,LAW,1,0
2025,Suzuka,7,31,DOO,OCO,1,0
2025,Suzuka,7,55,DOO,SAI,1,0
2025,Suzuka,10,5,GAS,BOR,1,0
2025,Suzuka,10,7,GAS,DOO,1,1
2025,Suzuka,10,14,GAS,ALO,2,2
2025,Suzuka,10,30,GAS,LAW,1,0
2025,Suzuka,10,31,GAS,OCO,1,0
2025,Suzuka,10,55,GAS,SAI,1,0
2025,Suzuka,10,63,GAS,RUS,1,0
2025,Suzuka,10,87,GAS,BEA,2,0
2025,Suzuka,12,1,ANT,VER,1,0
2025,Suzuka,12,4,ANT,NOR,1,0
2025,Suzuka,12,16,ANT,LEC,1,0
2025,Suzuka,12,63,ANT,RUS,1,0
2025,Suzuka,12,81,ANT,PIA,1,0
2025,Suzuka,14,5,ALO,BOR,1,0
2025,Suzuka,14,10,ALO,GAS,3,3
2025,Suzuka,14,16,ALO,LEC,1,0
2025,Suzuka,14,30,ALO,LAW,1,0
2025,Suzuka,14,31,ALO,OCO,1,0
2025,Suzuka,14,55,ALO,SAI,1,0
2025,Suzuka,14,63,ALO,RUS,1,0
2025,Suzuka,14,87,ALO,BEA,1,0
2025,Suzuka,16,6,LEC,HAD,1,0
2025,Suzuka,16,12,LEC,ANT,1,0
2025,Suzuka,16,14,LEC,ALO,1,1
2025,Suzuka,16,23,LEC,ALB,1,0
2025,Suzuka,16,44,LEC,HAM,1,0
2025,Suzuka,16,81,LEC,PIA,1,0
2025,Suzuka,16,87,LEC,BEA,1,0
2025,Suzuka,18,5,STR,BOR,1,1
2025,Suzuka,22,5,TSU,BOR,1,0
2025,Suzuka,22,10,TSU,GAS,1,0
2025,Suzuka,22,30,TSU,LAW,3,1
2025,Suzuka,22,31,TSU,OCO,1,0
2025,Suzuka,22,55,TSU,SAI,1,0
2025,Suzuka,22,63,TSU,RUS,1,0
2025,Suzuka,23,4,ALB,NOR,1,0
2025,Suzuka,23,5,ALB,BOR,1,1
2025,Suzuka,23,16,ALB,LEC,1,0
2025,Suzuka,23,30,ALB,LAW,1,1
2025,Suzuka,23,31,ALB,OCO,1,1
2025,Suzuka,23,55,ALB,SAI,1,1
2025,Suzuka,23,63,ALB,RUS,1,0
2025,Suzuka,23,81,ALB,PIA,1,0
2025,Suzuka,23,87,ALB,BEA,1,0
2025,Suzuka,27,5,HUL,BOR,1,0
2025,Suzuka,27,30,HUL,LAW,1,0
2025,Suzuka,27,31,HUL,OCO,1,0
2025,Suzuka,27,55,HUL,SAI,2,1
2025,Suzuka,30,6,LAW,HAD,1,0
2025,Suzuka,30,10,LAW,GAS,1,0
2025,Suzuka,30,14,LAW,ALO,1,0
2025,Suzuka,30,22,LAW,TSU,2,0
2025,Suzuka,30,23,LAW,ALB,1,0
2025,Suzuka,30,87,LAW,BEA,1,0
2025,Suzuka,31,5,OCO,BOR,1,0
2025,Suzuka,31,10,OCO,GAS,1,0
2025,Suzuka,31,14,OCO,ALO,1,0
2025,Suzuka,31,22,OCO,TSU,1,0
2025,Suzuka,31,23,OCO,ALB,1,0
2025,Suzuka,31,27,OCO,HUL,1,0
2025,Suzuka,31,87,OCO,BEA,1,0
2025,Suzuka,44,1,HAM,VER,1,0
2025,Suzuka,44,4,HAM,NOR,1,0
2025,Suzuka,44,6,HAM,HAD,1,1
2025,Suzuka,44,16,HAM,LEC,1,0
2025,Suzuka,44,63,HAM,RUS,1,0
2025,Suzuka,44,81,HAM,PIA,1,0
2025,Suzuka,55,6,SAI,HAD,1,0
2025,Suzuka,55,7,SAI,DOO,1,1
2025,Suzuka,55,10,SAI,GAS,1,0
2025,Suzuka,55,14,SAI,ALO,1,0
2025,Suzuka,55,22,SAI,TSU,1,0
2025,Suzuka,55,23,SAI,ALB,1,0
2025,Suzuka,55,27,SAI,HUL,2,2
2025,Suzuka,55,30,SAI,LAW,1,1
2025,Suzuka,55,87,SAI,BEA,1,0
2025,Suzuka,63,6,RUS,HAD,1,0
2025,Suzuka,63,10,RUS,GAS,1,1
2025,Suzuka,63,12,RUS,ANT,1,0
2025,Suzuka,63,14,RUS,ALO,1,0
2025,Suzuka,63,22,RUS,TSU,1,0
2025,Suzuka,63,44,RUS,HAM,1,0
2025,Suzuka,63,87,RUS,BEA,1,0
2025,Suzuka,81,6,PIA,HAD,1,0
2025,Suzuka,81,12,PIA,ANT,1,0
2025,Suzuka,81,16,PIA,LEC,1,0
2025,Suzuka,81,23,PIA,ALB,1,0
2025,Suzuka,81,44,PIA,HAM,1,0
2025,Suzuka,81,87,PIA,BEA,1,1
2025,Suzuka,87,5,BEA,BOR,1,0
2025,Suzuka,87,10,BEA,GAS,2,0
2025,Suzuka,87,14,BEA,ALO,1,0
2025,Suzuka,87,16,BEA,LEC,1,0
2025,Suzuka,87,23,BEA,ALB,1,1
2025,Suzuka,87,31,BEA,OCO,1,0
2025,Suzuka,87,55,BEA,SAI,1,0
2025,Suzuka,87,63,BEA,RUS,1,0
2025,Suzuka,87,81,BEA,PIA,1,0
2025,Yas Marina Circuit,1,81,VER,PIA,1,0
2025,Yas Marina Circuit,4,12,NOR,ANT,1,1
2025,Yas Marina Circuit,4,18,NOR,STR,1,1
2025,Yas Marina Circuit,4,22,NOR,TSU,1,1
2025,Yas Marina Circuit,4,30,NOR,LAW,2,2
2025,Yas Marina Circuit,4,31,NOR,OCO,1,0
2025,Yas Marina Circuit,4,55,NOR,SAI,1,0
2025,Yas Marina Circuit,5,6,BOR,HAD,1,1
2025,Yas Marina Circuit,5,12,BOR,ANT,1,1
2025,Yas Marina Circuit,5,14,BOR,ALO,1,0
2025,Yas Marina Circuit,5,18,BOR,STR,1,0
2025,Yas Marina Circuit,5,22,BOR,TSU,2,0
2025,Yas Marina Circuit,5,27,BOR,HUL,1,1
2025,Yas Marina Circuit,5,30,BOR,LAW,1,0
2025,Yas Marina Circuit,5,31,BOR,OCO,2,1
2025,Yas Marina Circuit,5,44,BOR,HAM,1,0
2025,Yas Marina Circuit,5,55,BOR,SAI,1,0
2025,Yas Marina Circuit,5,63,BOR,RUS,1,0
2025,Yas Marina Circuit,6,5,HAD,BOR,2,1
2025,Yas Marina Circuit,6,12,HAD,ANT,1,0
2025,Yas Marina Circuit,6,18,HAD,STR,1,0
2025,Yas Marina Circuit,6,22,HAD,TSU,2,0
2025,Yas Marina Circuit,6,23,HAD,ALB,2,1
2025,Yas Marina Circuit,6,27,HAD,HUL,1,0
2025,Yas Marina Circuit,6,30,HAD,LAW,1,0
2025,Yas Marina Circuit,6,31,HAD,OCO,2,0
2025,Yas Marina Circuit,6,43,HAD,COL,1,0
2025,Yas Marina Circuit,6,44,HAD,HAM,1,0
2025,Yas Marina Circuit,6,55,HAD,SAI,1,0
2025,Yas Marina Circuit,10,12,GAS,ANT,1,0
2025,Yas Marina Circuit,10,22,GAS,TSU,1,0
2025,Yas Marina Circuit,10,23,GAS,ALB,2,0
2025,Yas Marina Circuit,10,27,GAS,HUL,6,4
2025,Yas Marina Circuit,10,30,GAS,LAW,1,0
2025,Yas Marina Circuit,10,43,GAS,COL,2,1
2025,Yas Marina Circuit,10,44,GAS,HAM,2,0
2025,Yas Marina Circuit,10,55,GAS,SAI,1,0
2025,Yas Marina Circuit,12,4,ANT,NOR,1,0
2025,Yas Marina Circuit,12,5,ANT,BOR,1,0
2025,Yas Marina Circuit,12,6,ANT,HAD,2,1
2025,Yas Marina Circuit,12,10,ANT,GAS,1,0
2025,Yas Marina Circuit,12,14,ANT,ALO,1,0
2025,Yas Marina Circuit,12,16,ANT,LEC,1,0
2025,Yas Marina Circuit,12,18,ANT,STR,2,1
2025,Yas Marina Circuit,12,23,ANT,ALB,3,0
2025,Yas Marina Circuit,12,27,ANT,HUL,1,0
2025,Yas Marina Circuit,12,30,ANT,LAW,2,1
2025,Yas Marina Circuit,12,31,ANT,OCO,1,0
2025,Yas Marina Circuit,12,43,ANT,COL,2,1
2025,Yas Marina Circuit,12,44,ANT,HAM,3,0
2025,Yas Marina Circuit,12,55,ANT,SAI,2,0
2025,Yas Marina Circuit,12,63,ANT,RUS,1,0
2025,Yas Marina Circuit,12,87,ANT,BEA,1,0
2025,Yas Marina Circuit,14,5,ALO,BOR,1,0
2025,Yas Marina Circuit,14,12,ALO,ANT,1,1
2025,Yas Marina Circuit,14,18,ALO,STR,1,0
2025,Yas Marina Circuit,14,22,ALO,TSU,1,0
2025,Yas Marina Circuit,14,27,ALO,HUL,1,1
2025,Yas Marina Circuit,14,30,ALO,LAW,1,0
2025,Yas Marina Circuit,14,31,ALO,OCO,1,0
2025,Yas Marina Circuit,14,44,ALO,HAM,1,0
2025,Yas Marina Circuit,14,55,ALO,SAI,1,0
2025,Yas Marina Circuit,14,63,ALO,RUS,2,0
2025,Yas Marina Circuit,16,12,LEC,ANT,1,1
2025,Yas Marina Circuit,16,18,LEC,STR,1,1
2025,Yas Marina Circuit,16,22,LEC,TSU,1,1
2025,Yas Marina Circuit,16,30,LEC,LAW,1,1
2025,Yas Marina Circuit,16,31,LEC,OCO,1,0
2025,Yas Marina Circuit,16,55,LEC,SAI,1,0
2025,Yas Marina Circuit,16,63,LEC,RUS,2,2
2025,Yas Marina Circuit,18,4,STR,NOR,1,0
2025,Yas Marina Circuit,18,5,STR,BOR,2,1
2025,Yas Marina Circuit,18,6,STR,HAD,2,1
2025,Yas Marina Circuit,18,12,STR,ANT,3,3
2025,Yas Marina Circuit,18,14,STR,ALO,1,0
2025,Yas Marina Circuit,18,16,STR,LEC,1,0
2025,Yas Marina Circuit,18,22,STR,TSU,2,1
2025,Yas Marina Circuit,18,23,STR,ALB,2,1
2025,Yas Marina Circuit,18,30,STR,LAW,4,2
2025,Yas Marina Circuit,18,31,STR,OCO,1,0
2025,Yas Marina Circuit,18,43,STR,COL,1,0
2025,Yas Marina Circuit,18,44,STR,HAM,2,0
2025,Yas Marina Circuit,18,55,STR,SAI,2,2
2025,Yas Marina Circuit,18,63,STR,RUS,1,0
2025,Yas Marina Circuit,18,87,STR,BEA,2,0
2025,Yas Marina Circuit,22,4,TSU,NOR,1,0
2025,Yas Marina Circuit,22,5,TSU,BOR,2,0
2025,Yas Marina Circuit,22,6,TSU,HAD,3,1
2025,Yas Marina Circuit,22,10,TSU,GAS,1,1
2025,Yas Marina Circuit,22,14,TSU,ALO,1,0
2025,Yas Marina Circuit,22,16,TSU,LEC,1,0
2025,Yas Marina Circuit,22,18,TSU,STR,1,0
2025,Yas Marina Circuit,22,23,TSU,ALB,1,0
2025,Yas Marina Circuit,22,27,TSU,HUL,1,0
2025,Yas Marina Circuit,22,31,TSU,OCO,3,1
2025,Yas Marina Circuit,22,43,TSU,COL,1,1
2025,Yas Marina Circuit,22,63,TSU,RUS,2,1
2025,Yas Marina Circuit,23,6,ALB,HAD,3,2
2025,Yas Marina Circuit,23,10,ALB,GAS,2,0
2025,Yas Marina Circuit,23,12,ALB,ANT,3,1
2025,Yas Marina Circuit,23,18,ALB,STR,2,0
2025,Yas Marina Circuit,23,22,ALB,TSU,1,0
2025,Yas Marina Circuit,23,27,ALB,HUL,2,1
2025,Yas Marina Circuit,23,30,ALB,LAW,3,1
2025,Yas Marina Circuit,23,31,ALB,OCO,1,0
2025,Yas Marina Circuit,23,43,ALB,COL,2,0
2025,Yas Marina Circuit,23,44,ALB,HAM,3,1
2025,Yas Marina Circuit,23,55,ALB,SAI,2,0
2025,Yas Marina Circuit,23,87,ALB,BEA,3,1
2025,Yas Marina Circuit,27,5,HUL,BOR,2,0
2025,Yas Marina Circuit,27,6,HUL,HAD,2,1
2025,Yas Marina Circuit,27,10,HUL,GAS,6,5
2025,Yas Marina Circuit,27,12,HUL,ANT,2,1
2025,Yas Marina Circuit,27,14,HUL,ALO,1,0
2025,Yas Marina Circuit,27,22,HUL,TSU,2,1
2025,Yas Marina Circuit,27,23,HUL,ALB,3,2
2025,Yas Marina Circuit,27,30,HUL,LAW,2,1
2025,Yas Marina Circuit,27,31,HUL,OCO,4,3
2025,Yas Marina Circuit,27,43,HUL,COL,2,1
2025,Yas Marina Circuit,27,44,HUL,HAM,1,0
2025,Yas Marina Circuit,27,55,HUL,SAI,2,1
2025,Yas Marina Circuit,27,87,HUL,BEA,1,0
2025,Yas Marina Circuit,30,4,LAW,NOR,2,1
2025,Yas Marina Circuit,30,5,LAW,BOR,1,0
2025,Yas Marina Circuit,30,6,LAW,HAD,1,0
2025,Yas Marina Circuit,30,10,LAW,GAS,1,0
2025,Yas Marina Circuit,30,12,LAW,ANT,1,0
2025,Yas Marina Circuit,30,14,LAW,ALO,1,0
2025,Yas Marina Circuit,30,16,LAW,LEC,1,0
2025,Yas Marina Circuit,30,18,LAW,STR,3,1
2025,Yas Marina Circuit,30,23,LAW,ALB,2,0
2025,Yas Marina Circuit,30,27,LAW,HUL,1,0
2025,Yas Marina Circuit,30,31,LAW,OCO,2,0
2025,Yas Marina Circuit,30,43,LAW,COL,1,1
2025,Yas Marina Circuit,30,55,LAW,SAI,1,0
2025,Yas Marina Circuit,30,63,LAW,RUS,1,0
2025,Yas Marina Circuit,30,87,LAW,BEA,1,0
2025,Yas Marina Circuit,31,4,OCO,NOR,1,0
2025,Yas Marina Circuit,31,5,OCO,BOR,4,2
2025,Yas Marina Circuit,31,6,OCO,HAD,2,1
2025,Yas Marina Circuit,31,12,OCO,ANT,1,0
2025,Yas Marina Circuit,31,14,OCO,ALO,1,0
2025,Yas Marina Circuit,31,16,OCO,LEC,1,0
2025,Yas Marina Circuit,31,18,OCO,STR,1,0
2025,Yas Marina Circuit,31,22,OCO,TSU,3,0
2025,Yas Marina Circuit,31,23,OCO,ALB,1,1
2025,Yas Marina Circuit,31,27,OCO,HUL,4,4
2025,Yas Marina Circuit,31,30,OCO,LAW,2,0
2025,Yas Marina Circuit,31,44,OCO,HAM,2,1
2025,Yas Marina Circuit,31,63,OCO,RUS,1,0
2025,Yas Marina Circuit,31,87,OCO,BEA,1,1
2025,Yas Marina Circuit,43,6,COL,HAD,1,0
2025,Yas Marina Circuit,43,10,COL,GAS,2,0
2025,Yas Marina Circuit,43,12,COL,ANT,2,0
2025,Yas Marina Circuit,43,18,COL,STR,1,0
2025,Yas Marina Circuit,43,22,COL,TSU,1,0
2025,Yas Marina Circuit,43,23,COL,ALB,2,0
2025,Yas Marina Circuit,43,27,COL,HUL,2,0
2025,Yas Marina Circuit,43,30,COL,LAW,1,0
2025,Yas Marina Circuit,43,44,COL,HAM,2,0
2025,Yas Marina Circuit,43,63,COL,RUS,1,0
2025,Yas Marina Circuit,43,87,COL,BEA,1,0
2025,Yas Marina Circuit,44,5,HAM,BOR,2,1
2025,Yas Marina Circuit,44,6,HAM,HAD,2,1
2025,Yas Marina Circuit,44,10,HAM,GAS,2,1
2025,Yas Marina Circuit,44,12,HAM,ANT,3,1
2025,Yas Marina Circuit,44,14,HAM,ALO,1,0
2025,Yas Marina Circuit,44,18,HAM,STR,3,0
2025,Yas Marina Circuit,44,22,HAM,TSU,1,0
2025,Yas Marina Circuit,44,23,HAM,ALB,3,0
2025,Yas Marina Circuit,44,27,HAM,HUL,1,0
2025,Yas Marina Circuit,44,30,HAM,LAW,1,0
2025,Yas Marina Circuit,44,31,HAM,OCO,2,1
2025,Yas Marina Circuit,44,43,HAM,COL,2,1
2025,Yas Marina Circuit,44,55,HAM,SAI,3,2
2025,Yas Marina Circuit,44,87,HAM,BEA,4,3
2025,Yas Marina Circuit,55,4,SAI,NOR,1,0
2025,Yas Marina Circuit,55,5,SAI,BOR,1,0
2025,Yas Marina Circuit,55,6,SAI,HAD,2,1
2025,Yas Marina Circuit,55,10,SAI,GAS,1,0
2025,Yas Marina Circuit,55,12,SAI,ANT,2,0
2025,Yas Marina Circuit,55,14,SAI,ALO,1,0
2025,Yas Marina Circuit,55,16,SAI,LEC,1,0
2025,Yas Marina Circuit,55,18,SAI,STR,1,0
2025,Yas Marina Circuit,55,22,SAI,TSU,1,0
2025,Yas Marina Circuit,55,23,SAI,ALB,2,0
2025,Yas Marina Circuit,55,27,SAI,HUL,1,0
2025,Yas Marina Circuit,55,30,SAI,LAW,1,0
2025,Yas Marina Circuit,55,44,SAI,HAM,2,0
2025,Yas Marina Circuit,55,63,SAI,RUS,1,0
2025,Yas Marina Circuit,55,87,SAI,BEA,3,1
2025,Yas Marina Circuit,63,5,RUS,BOR,1,0
2025,Yas Marina Circuit,63,12,RUS,ANT,1,1
2025,Yas Marina Circuit,63,14,RUS,ALO,2,1
2025,Yas Marina Circuit,63,16,RUS,LEC,1,0
2025,Yas Marina Circuit,63,18,RUS,STR,1,1
2025,Yas Marina Circuit,63,22,RUS,TSU,2,2
2025,Yas Marina Circuit,63,30,RUS,LAW,1,0
2025,Yas Marina Circuit,63,31,RUS,OCO,1,0
2025,Yas Marina Circuit,63,43,RUS,COL,1,0
2025,Yas Marina Circuit,63,55,RUS,SAI,1,0
2025,Yas Marina Circuit,81,1,PIA,VER,1,0
2025,Yas Marina Circuit,81,4,PIA,NOR,1,1
2025,Yas Marina Circuit,87,5,BEA,BOR,1,1
2025,Yas Marina Circuit,87,6,BEA,HAD,1,1
2025,Yas Marina Circuit,87,12,BEA,ANT,1,0
2025,Yas Marina Circuit,87,18,BEA,STR,1,0
2025,Yas Marina Circuit,87,22,BEA,TSU,1,0
2025,Yas Marina Circuit,87,23,BEA,ALB,3,2
2025,Yas Marina Circuit,87,27,BEA,HUL,1,1
2025,Yas Marina Circuit,87,30,BEA,LAW,1,0
2025,Yas Marina Circuit,87,31,BEA,OCO,1,0
2025,Yas Marina Circuit,87,43,BEA,COL,1,0
2025,Yas Marina Circuit,87,44,BEA,HAM,3,2
2025,Yas Marina Circuit,87,55,BEA,SAI,3,2
2025,Zandvoort,1,4,VER,NOR,3,3
2025,Zandvoort,4,1,NOR,VER,2,2
2025,Zandvoort,5,4,BOR,NOR,1,0
2025,Zandvoort,5,10,BOR,GAS,1,1
2025,Zandvoort,5,12,BOR,ANT,1,0
2025,Zandvoort,5,14,BOR,ALO,2,0
2025,Zandvoort,5,16,BOR,LEC,1,0
2025,Zandvoort,5,18,BOR,STR,3,1
2025,Zandvoort,5,22,BOR,TSU,1,0
2025,Zandvoort,5,27,BOR,HUL,2,0
2025,Zandvoort,5,30,BOR,LAW,1,1
2025,Zandvoort,5,31,BOR,OCO,1,0
2025,Zandvoort,5,43,BOR,COL,2,0
2025,Zandvoort,5,44,BOR,HAM,1,0
2025,Zandvoort,5,55,BOR,SAI,2,1
2025,Zandvoort,6,4,HAD,NOR,1,1
2025,Zandvoort,10,4,GAS,NOR,1,0
2025,Zandvoort,10,5,GAS,BOR,1,0
2025,Zandvoort,10,14,GAS,ALO,3,1
2025,Zandvoort,10,16,GAS,LEC,1,0
2025,Zandvoort,10,18,GAS,STR,1,0
2025,Zandvoort,10,22,GAS,TSU,2,0
2025,Zandvoort,10,31,GAS,OCO,2,0
2025,Zandvoort,10,43,GAS,COL,1,1
2025,Zandvoort,10,44,GAS,HAM,1,0
2025,Zandvoort,10,55,GAS,SAI,1,0
2025,Zandvoort,12,4,ANT,NOR,1,1
2025,Zandvoort,12,10,ANT,GAS,1,0
2025,Zandvoort,12,14,ANT,ALO,3,1
2025,Zandvoort,12,16,ANT,LEC,1,0
2025,Zandvoort,12,22,ANT,TSU,2,0
2025,Zandvoort,12,23,ANT,ALB,1,1
2025,Zandvoort,12,31,ANT,OCO,1,1
2025,Zandvoort,12,44,ANT,HAM,1,1
2025,Zandvoort,12,55,ANT,SAI,1,1
2025,Zandvoort,12,63,ANT,RUS,1,1
2025,Zandvoort,14,4,ALO,NOR,1,0
2025,Zandvoort,14,5,ALO,BOR,2,1
2025,Zandvoort,14,10,ALO,GAS,3,2
2025,Zandvoort,14,12,ALO,ANT,3,1
2025,Zandvoort,14,16,ALO,LEC,1,0
2025,Zandvoort,14,18,ALO,STR,1,0
2025,Zandvoort,14,22,ALO,TSU,2,0
2025,Zandvoort,14,27,ALO,HUL,2,1
2025,Zandvoort,14,31,ALO,OCO,1,0
2025,Zandvoort,14,43,ALO,COL,2,1
2025,Zandvoort,14,44,ALO,HAM,1,0
2025,Zandvoort,14,55,ALO,SAI,1,0
2025,Zandvoort,14,87,ALO,BEA,1,0
2025,Zandvoort,16,23,LEC,ALB,1,0
2025,Zandvoort,16,30,LEC,LAW,1,0
2025,Zandvoort,16,44,LEC,HAM,1,0
2025,Zandvoort,16,55,LEC,SAI,1,0
2025,Zandvoort,16,63,LEC,RUS,2,2
2025,Zandvoort,18,4,STR,NOR,1,0
2025,Zandvoort,18,5,STR,BOR,4,2
2025,Zandvoort,18,10,STR,GAS,3,1
2025,Zandvoort,18,12,STR,ANT,1,0
2025,Zandvoort,18,14,STR,ALO,2,1
2025,Zandvoort,18,16,STR,LEC,1,0
2025,Zandvoort,18,22,STR,TSU,2,0
2025,Zandvoort,18,23,STR,ALB,1,0
2025,Zandvoort,18,27,STR,HUL,3,0
2025,Zandvoort,18,30,STR,LAW,1,1
2025,Zandvoort,18,31,STR,OCO,2,1
2025,Zandvoort,18,43,STR,COL,3,0
2025,Zandvoort,18,44,STR,HAM,1,0
2025,Zandvoort,18,55,STR,SAI,1,1
2025,Zandvoort,18,87,STR,BEA,2,0
2025,Zandvoort,22,4,TSU,NOR,1,0
2025,Zandvoort,22,5,TSU,BOR,2,1
2025,Zandvoort,22,10,TSU,GAS,2,1
2025,Zandvoort,22,12,TSU,ANT,3,0
2025,Zandvoort,22,14,TSU,ALO,2,2
2025,Zandvoort,22,16,TSU,LEC,1,0
2025,Zandvoort,22,31,TSU,OCO,1,0
2025,Zandvoort,22,44,TSU,HAM,1,0
2025,Zandvoort,22,55,TSU,SAI,1,0
2025,Zandvoort,23,4,ALB,NOR,1,1
2025,Zandvoort,23,5,ALB,BOR,1,0
2025,Zandvoort,23,10,ALB,GAS,1,0
2025,Zandvoort,23,12,ALB,ANT,3,1
2025,Zandvoort,23,14,ALB,ALO,1,0
2025,Zandvoort,23,16,ALB,LEC,2,0
2025,Zandvoort,23,18,ALB,STR,1,0
2025,Zandvoort,23,22,ALB,TSU,1,0
2025,Zandvoort,23,31,ALB,OCO,1,1
2025,Zandvoort,23,44,ALB,HAM,1,1
2025,Zandvoort,27,4,HUL,NOR,1,0
2025,Zandvoort,27,5,HUL,BOR,3,1
2025,Zandvoort,27,10,HUL,GAS,1,1
2025,Zandvoort,27,12,HUL,ANT,1,0
2025,Zandvoort,27,14,HUL,ALO,2,0
2025,Zandvoort,27,16,HUL,LEC,1,0
2025,Zandvoort,27,18,HUL,STR,2,0
2025,Zandvoort,27,31,HUL,OCO,3,1
2025,Zandvoort,27,43,HUL,COL,2,1
2025,Zandvoort,27,44,HUL,HAM,1,0
2025,Zandvoort,27,55,HUL,SAI,1,1
2025,Zandvoort,30,4,LAW,NOR,1,0
2025,Zandvoort,30,5,LAW,BOR,1,0
2025,Zandvoort,30,10,LAW,GAS,1,1
2025,Zandvoort,30,12,LAW,ANT,1,0
2025,Zandvoort,30,16,LAW,LEC,2,0
2025,Zandvoort,30,27,LAW,HUL,1,1
2025,Zandvoort,30,44,LAW,HAM,1,1
2025,Zandvoort,30,55,LAW,SAI,2,0
2025,Zandvoort,31,4,OCO,NOR,1,0
2025,Zandvoort,31,5,OCO,BOR,2,0
2025,Zandvoort,31,10,OCO,GAS,3,1
2025,Zandvoort,31,12,OCO,ANT,2,0
2025,Zandvoort,31,14,OCO,ALO,1,0
2025,Zandvoort,31,16,OCO,LEC,1,0
2025,Zandvoort,31,18,OCO,STR,1,1
2025,Zandvoort,31,23,OCO,ALB,1,0
2025,Zandvoort,31,27,OCO,HUL,4,1
2025,Zandvoort,31,43,OCO,COL,3,1
2025,Zandvoort,31,44,OCO,HAM,1,0
2025,Zandvoort,31,55,OCO,SAI,1,1
2025,Zandvoort,43,4,COL,NOR,1,0
2025,Zandvoort,43,5,COL,BOR,3,0
2025,Zandvoort,43,10,COL,GAS,2,2
2025,Zandvoort,43,12,COL,ANT,1,0
2025,Zandvoort,43,14,COL,ALO,2,0
2025,Zandvoort,43,16,COL,LEC,1,0
2025,Zandvoort,43,18,COL,STR,2,0
2025,Zandvoort,43,27,COL,HUL,2,2
2025,Zandvoort,43,31,COL,OCO,3,1
2025,Zandvoort,43,44,COL,HAM,1,0
2025,Zandvoort,43,55,COL,SAI,1,0
2025,Zandvoort,44,16,HAM,LEC,1,0
2025,Zandvoort,55,4,SAI,NOR,1,0
2025,Zandvoort,55,5,SAI,BOR,2,1
2025,Zandvoort,55,10,SAI,GAS,1,1
2025,Zandvoort,55,12,SAI,ANT,1,0
2025,Zandvoort,55,16,SAI,LEC,2,0
2025,Zandvoort,55,27,SAI,HUL,1,1
2025,Zandvoort,55,30,SAI,LAW,2,0
2025,Zandvoort,55,44,SAI,HAM,1,0
2025,Zandvoort,63,4,RUS,NOR,1,1
2025,Zandvoort,63,12,RUS,ANT,1,0
2025,Zandvoort,63,16,RUS,LEC,2,0
2025,Zandvoort,87,4,BEA,NOR,1,0
2025,Zandvoort,87,5,BEA,BOR,2,1
2025,Zandvoort,87,10,BEA,GAS,2,1
2025,Zandvoort,87,12,BEA,ANT,1,0
2025,Zandvoort,87,14,BEA,ALO,2,1
2025,Zandvoort,87,16,BEA,LEC,1,0
2025,Zandvoort,87,18,BEA,STR,3,0
2025,Zandvoort,87,22,BEA,TSU,1,0
2025,Zandvoort,87,27,BEA,HUL,1,0
2025,Zandvoort,87,30,BEA,LAW,1,0
2025,Zandvoort,87,31,BEA,OCO,1,0
2025,Zandvoort,87,43,BEA,COL,1,0
2025,Zandvoort,87,44,BEA,HAM,1,0
2025,Zandvoort,87,55,BEA,SAI,1,0
